id,film_id,sala_id,data_ora_inizio,data_ora_fine
1,2,1,2026-01-01T14:00:00Z,2026-01-01T16:12:00Z
2,5,1,2026-01-01T16:32:00Z,2026-01-01T18:22:00Z
3,4,1,2026-01-01T18:42:00Z,2026-01-01T20:27:00Z
4,2,1,2026-01-01T20:47:00Z,2026-01-01T22:59:00Z
5,2,1,2026-01-01T23:29:00Z,2026-01-02T01:41:00Z
6,7,2,2026-01-01T14:00:00Z,2026-01-01T15:41:00Z
7,1,2,2026-01-01T16:01:00Z,2026-01-01T17:59:00Z
8,4,2,2026-01-01T18:19:00Z,2026-01-01T20:04:00Z
9,1,2,2026-01-01T20:24:00Z,2026-01-01T22:22:00Z
10,4,2,2026-01-01T22:52:00Z,2026-01-02T00:37:00Z
11,7,3,2026-01-01T14:00:00Z,2026-01-01T15:41:00Z
12,8,3,2026-01-01T16:01:00Z,2026-01-01T17:30:00Z
13,5,3,2026-01-01T18:00:00Z,2026-01-01T19:50:00Z
14,3,3,2026-01-01T20:10:00Z,2026-01-01T21:47:00Z
15,7,3,2026-01-01T22:17:00Z,2026-01-01T23:58:00Z
16,5,4,2026-01-01T14:00:00Z,2026-01-01T15:50:00Z
17,4,4,2026-01-01T16:10:00Z,2026-01-01T17:55:00Z
18,2,4,2026-01-01T18:20:00Z,2026-01-01T20:32:00Z
19,7,4,2026-01-01T20:52:00Z,2026-01-01T22:33:00Z
20,6,4,2026-01-01T22:53:00Z,2026-01-02T01:18:00Z
21,5,1,2026-01-02T14:00:00Z,2026-01-02T15:50:00Z
22,8,1,2026-01-02T16:10:00Z,2026-01-02T17:39:00Z
23,2,1,2026-01-02T18:09:00Z,2026-01-02T20:21:00Z
24,2,1,2026-01-02T20:46:00Z,2026-01-02T22:58:00Z
25,5,1,2026-01-02T23:28:00Z,2026-01-03T01:18:00Z
26,6,2,2026-01-02T14:00:00Z,2026-01-02T16:25:00Z
27,4,2,2026-01-02T16:55:00Z,2026-01-02T18:40:00Z
28,2,2,2026-01-02T19:10:00Z,2026-01-02T21:22:00Z
29,4,2,2026-01-02T21:42:00Z,2026-01-02T23:27:00Z
30,2,2,2026-01-02T23:52:00Z,2026-01-03T02:04:00Z
31,2,3,2026-01-02T14:00:00Z,2026-01-02T16:12:00Z
32,5,3,2026-01-02T16:37:00Z,2026-01-02T18:27:00Z
33,6,3,2026-01-02T18:52:00Z,2026-01-02T21:17:00Z
34,6,3,2026-01-02T21:37:00Z,2026-01-03T00:02:00Z
35,4,4,2026-01-02T14:00:00Z,2026-01-02T15:45:00Z
36,5,4,2026-01-02T16:15:00Z,2026-01-02T18:05:00Z
37,2,4,2026-01-02T18:35:00Z,2026-01-02T20:47:00Z
38,3,4,2026-01-02T21:17:00Z,2026-01-02T22:54:00Z
39,4,4,2026-01-02T23:24:00Z,2026-01-03T01:09:00Z
40,8,1,2026-01-03T14:00:00Z,2026-01-03T15:29:00Z
41,5,1,2026-01-03T15:54:00Z,2026-01-03T17:44:00Z
42,4,1,2026-01-03T18:14:00Z,2026-01-03T19:59:00Z
43,6,1,2026-01-03T20:29:00Z,2026-01-03T22:54:00Z
44,4,1,2026-01-03T23:14:00Z,2026-01-04T00:59:00Z
45,6,2,2026-01-03T14:00:00Z,2026-01-03T16:25:00Z
46,5,2,2026-01-03T16:50:00Z,2026-01-03T18:40:00Z
47,4,2,2026-01-03T19:00:00Z,2026-01-03T20:45:00Z
48,6,2,2026-01-03T21:15:00Z,2026-01-03T23:40:00Z
49,8,3,2026-01-03T14:00:00Z,2026-01-03T15:29:00Z
50,8,3,2026-01-03T15:54:00Z,2026-01-03T17:23:00Z
51,5,3,2026-01-03T17:43:00Z,2026-01-03T19:33:00Z
52,4,3,2026-01-03T19:53:00Z,2026-01-03T21:38:00Z
53,5,3,2026-01-03T22:08:00Z,2026-01-03T23:58:00Z
54,7,4,2026-01-03T14:00:00Z,2026-01-03T15:41:00Z
55,7,4,2026-01-03T16:11:00Z,2026-01-03T17:52:00Z
56,4,4,2026-01-03T18:17:00Z,2026-01-03T20:02:00Z
57,8,4,2026-01-03T20:22:00Z,2026-01-03T21:51:00Z
58,1,4,2026-01-03T22:11:00Z,2026-01-04T00:09:00Z
59,3,1,2026-01-04T14:00:00Z,2026-01-04T15:37:00Z
60,3,1,2026-01-04T16:07:00Z,2026-01-04T17:44:00Z
61,7,1,2026-01-04T18:14:00Z,2026-01-04T19:55:00Z
62,2,1,2026-01-04T20:25:00Z,2026-01-04T22:37:00Z
63,7,1,2026-01-04T23:02:00Z,2026-01-05T00:43:00Z
64,8,2,2026-01-04T14:00:00Z,2026-01-04T15:29:00Z
65,5,2,2026-01-04T15:59:00Z,2026-01-04T17:49:00Z
66,1,2,2026-01-04T18:19:00Z,2026-01-04T20:17:00Z
67,2,2,2026-01-04T20:47:00Z,2026-01-04T22:59:00Z
68,5,2,2026-01-04T23:29:00Z,2026-01-05T01:19:00Z
69,6,3,2026-01-04T14:00:00Z,2026-01-04T16:25:00Z
70,5,3,2026-01-04T16:45:00Z,2026-01-04T18:35:00Z
71,3,3,2026-01-04T19:00:00Z,2026-01-04T20:37:00Z
72,1,3,2026-01-04T21:02:00Z,2026-01-04T23:00:00Z
73,5,3,2026-01-04T23:30:00Z,2026-01-05T01:20:00Z
74,3,4,2026-01-04T14:00:00Z,2026-01-04T15:37:00Z
75,2,4,2026-01-04T16:07:00Z,2026-01-04T18:19:00Z
76,5,4,2026-01-04T18:49:00Z,2026-01-04T20:39:00Z
77,4,4,2026-01-04T21:09:00Z,2026-01-04T22:54:00Z
78,6,4,2026-01-04T23:14:00Z,2026-01-05T01:39:00Z
79,1,1,2026-01-05T14:00:00Z,2026-01-05T15:58:00Z
80,6,1,2026-01-05T16:28:00Z,2026-01-05T18:53:00Z
81,1,1,2026-01-05T19:18:00Z,2026-01-05T21:16:00Z
82,6,1,2026-01-05T21:36:00Z,2026-01-06T00:01:00Z
83,4,2,2026-01-05T14:00:00Z,2026-01-05T15:45:00Z
84,4,2,2026-01-05T16:05:00Z,2026-01-05T17:50:00Z
85,2,2,2026-01-05T18:20:00Z,2026-01-05T20:32:00Z
86,8,2,2026-01-05T20:52:00Z,2026-01-05T22:21:00Z
87,3,2,2026-01-05T22:41:00Z,2026-01-06T00:18:00Z
88,8,3,2026-01-05T14:00:00Z,2026-01-05T15:29:00Z
89,3,3,2026-01-05T15:59:00Z,2026-01-05T17:36:00Z
90,7,3,2026-01-05T18:01:00Z,2026-01-05T19:42:00Z
91,4,3,2026-01-05T20:02:00Z,2026-01-05T21:47:00Z
92,5,3,2026-01-05T22:17:00Z,2026-01-06T00:07:00Z
93,6,4,2026-01-05T14:00:00Z,2026-01-05T16:25:00Z
94,8,4,2026-01-05T16:50:00Z,2026-01-05T18:19:00Z
95,4,4,2026-01-05T18:39:00Z,2026-01-05T20:24:00Z
96,2,4,2026-01-05T20:44:00Z,2026-01-05T22:56:00Z
97,1,4,2026-01-05T23:21:00Z,2026-01-06T01:19:00Z
98,4,1,2026-01-06T14:00:00Z,2026-01-06T15:45:00Z
99,4,1,2026-01-06T16:15:00Z,2026-01-06T18:00:00Z
100,2,1,2026-01-06T18:20:00Z,2026-01-06T20:32:00Z
101,1,1,2026-01-06T21:02:00Z,2026-01-06T23:00:00Z
102,2,1,2026-01-06T23:20:00Z,2026-01-07T01:32:00Z
103,6,2,2026-01-06T14:00:00Z,2026-01-06T16:25:00Z
104,4,2,2026-01-06T16:45:00Z,2026-01-06T18:30:00Z
105,8,2,2026-01-06T18:55:00Z,2026-01-06T20:24:00Z
106,3,2,2026-01-06T20:44:00Z,2026-01-06T22:21:00Z
107,8,2,2026-01-06T22:51:00Z,2026-01-07T00:20:00Z
108,8,3,2026-01-06T14:00:00Z,2026-01-06T15:29:00Z
109,4,3,2026-01-06T15:54:00Z,2026-01-06T17:39:00Z
110,2,3,2026-01-06T17:59:00Z,2026-01-06T20:11:00Z
111,7,3,2026-01-06T20:41:00Z,2026-01-06T22:22:00Z
112,7,3,2026-01-06T22:47:00Z,2026-01-07T00:28:00Z
113,8,4,2026-01-06T14:00:00Z,2026-01-06T15:29:00Z
114,1,4,2026-01-06T15:59:00Z,2026-01-06T17:57:00Z
115,2,4,2026-01-06T18:27:00Z,2026-01-06T20:39:00Z
116,7,4,2026-01-06T20:59:00Z,2026-01-06T22:40:00Z
117,6,4,2026-01-06T23:10:00Z,2026-01-07T01:35:00Z
118,4,1,2026-01-07T14:00:00Z,2026-01-07T15:45:00Z
119,4,1,2026-01-07T16:05:00Z,2026-01-07T17:50:00Z
120,8,1,2026-01-07T18:20:00Z,2026-01-07T19:49:00Z
121,7,1,2026-01-07T20:09:00Z,2026-01-07T21:50:00Z
122,5,1,2026-01-07T22:10:00Z,2026-01-08T00:00:00Z
123,4,2,2026-01-07T14:00:00Z,2026-01-07T15:45:00Z
124,8,2,2026-01-07T16:05:00Z,2026-01-07T17:34:00Z
125,2,2,2026-01-07T18:04:00Z,2026-01-07T20:16:00Z
126,1,2,2026-01-07T20:36:00Z,2026-01-07T22:34:00Z
127,4,2,2026-01-07T22:54:00Z,2026-01-08T00:39:00Z
128,7,3,2026-01-07T14:00:00Z,2026-01-07T15:41:00Z
129,8,3,2026-01-07T16:06:00Z,2026-01-07T17:35:00Z
130,7,3,2026-01-07T17:55:00Z,2026-01-07T19:36:00Z
131,3,3,2026-01-07T19:56:00Z,2026-01-07T21:33:00Z
132,1,3,2026-01-07T21:58:00Z,2026-01-07T23:56:00Z
133,5,4,2026-01-07T14:00:00Z,2026-01-07T15:50:00Z
134,5,4,2026-01-07T16:15:00Z,2026-01-07T18:05:00Z
135,8,4,2026-01-07T18:30:00Z,2026-01-07T19:59:00Z
136,4,4,2026-01-07T20:19:00Z,2026-01-07T22:04:00Z
137,4,4,2026-01-07T22:29:00Z,2026-01-08T00:14:00Z
138,1,1,2026-01-08T14:00:00Z,2026-01-08T15:58:00Z
139,6,1,2026-01-08T16:28:00Z,2026-01-08T18:53:00Z
140,1,1,2026-01-08T19:13:00Z,2026-01-08T21:11:00Z
141,8,1,2026-01-08T21:41:00Z,2026-01-08T23:10:00Z
142,3,1,2026-01-08T23:40:00Z,2026-01-09T01:17:00Z
143,2,2,2026-01-08T14:00:00Z,2026-01-08T16:12:00Z
144,2,2,2026-01-08T16:32:00Z,2026-01-08T18:44:00Z
145,2,2,2026-01-08T19:14:00Z,2026-01-08T21:26:00Z
146,4,2,2026-01-08T21:56:00Z,2026-01-08T23:41:00Z
147,2,3,2026-01-08T14:00:00Z,2026-01-08T16:12:00Z
148,4,3,2026-01-08T16:42:00Z,2026-01-08T18:27:00Z
149,1,3,2026-01-08T18:57:00Z,2026-01-08T20:55:00Z
150,2,3,2026-01-08T21:25:00Z,2026-01-08T23:37:00Z
151,6,4,2026-01-08T14:00:00Z,2026-01-08T16:25:00Z
152,4,4,2026-01-08T16:50:00Z,2026-01-08T18:35:00Z
153,6,4,2026-01-08T19:05:00Z,2026-01-08T21:30:00Z
154,5,4,2026-01-08T21:50:00Z,2026-01-08T23:40:00Z
155,3,1,2026-01-09T14:00:00Z,2026-01-09T15:37:00Z
156,5,1,2026-01-09T16:07:00Z,2026-01-09T17:57:00Z
157,6,1,2026-01-09T18:22:00Z,2026-01-09T20:47:00Z
158,1,1,2026-01-09T21:07:00Z,2026-01-09T23:05:00Z
159,2,1,2026-01-09T23:30:00Z,2026-01-10T01:42:00Z
160,4,2,2026-01-09T14:00:00Z,2026-01-09T15:45:00Z
161,5,2,2026-01-09T16:15:00Z,2026-01-09T18:05:00Z
162,6,2,2026-01-09T18:25:00Z,2026-01-09T20:50:00Z
163,4,2,2026-01-09T21:10:00Z,2026-01-09T22:55:00Z
164,5,2,2026-01-09T23:20:00Z,2026-01-10T01:10:00Z
165,8,3,2026-01-09T14:00:00Z,2026-01-09T15:29:00Z
166,5,3,2026-01-09T15:59:00Z,2026-01-09T17:49:00Z
167,1,3,2026-01-09T18:19:00Z,2026-01-09T20:17:00Z
168,5,3,2026-01-09T20:47:00Z,2026-01-09T22:37:00Z
169,2,3,2026-01-09T23:07:00Z,2026-01-10T01:19:00Z
170,5,4,2026-01-09T14:00:00Z,2026-01-09T15:50:00Z
171,2,4,2026-01-09T16:10:00Z,2026-01-09T18:22:00Z
172,3,4,2026-01-09T18:52:00Z,2026-01-09T20:29:00Z
173,5,4,2026-01-09T20:54:00Z,2026-01-09T22:44:00Z
174,4,4,2026-01-09T23:14:00Z,2026-01-10T00:59:00Z
175,6,1,2026-01-10T14:00:00Z,2026-01-10T16:25:00Z
176,5,1,2026-01-10T16:45:00Z,2026-01-10T18:35:00Z
177,8,1,2026-01-10T19:05:00Z,2026-01-10T20:34:00Z
178,1,1,2026-01-10T20:59:00Z,2026-01-10T22:57:00Z
179,7,1,2026-01-10T23:17:00Z,2026-01-11T00:58:00Z
180,1,2,2026-01-10T14:00:00Z,2026-01-10T15:58:00Z
181,6,2,2026-01-10T16:18:00Z,2026-01-10T18:43:00Z
182,5,2,2026-01-10T19:03:00Z,2026-01-10T20:53:00Z
183,8,2,2026-01-10T21:13:00Z,2026-01-10T22:42:00Z
184,7,2,2026-01-10T23:12:00Z,2026-01-11T00:53:00Z
185,1,3,2026-01-10T14:00:00Z,2026-01-10T15:58:00Z
186,2,3,2026-01-10T16:18:00Z,2026-01-10T18:30:00Z
187,3,3,2026-01-10T19:00:00Z,2026-01-10T20:37:00Z
188,1,3,2026-01-10T21:07:00Z,2026-01-10T23:05:00Z
189,3,3,2026-01-10T23:30:00Z,2026-01-11T01:07:00Z
190,3,4,2026-01-10T14:00:00Z,2026-01-10T15:37:00Z
191,5,4,2026-01-10T15:57:00Z,2026-01-10T17:47:00Z
192,1,4,2026-01-10T18:12:00Z,2026-01-10T20:10:00Z
193,4,4,2026-01-10T20:35:00Z,2026-01-10T22:20:00Z
194,4,4,2026-01-10T22:50:00Z,2026-01-11T00:35:00Z
195,2,1,2026-01-11T14:00:00Z,2026-01-11T16:12:00Z
196,7,1,2026-01-11T16:37:00Z,2026-01-11T18:18:00Z
197,3,1,2026-01-11T18:48:00Z,2026-01-11T20:25:00Z
198,3,1,2026-01-11T20:45:00Z,2026-01-11T22:22:00Z
199,7,1,2026-01-11T22:42:00Z,2026-01-12T00:23:00Z
200,3,2,2026-01-11T14:00:00Z,2026-01-11T15:37:00Z
201,6,2,2026-01-11T16:07:00Z,2026-01-11T18:32:00Z
202,4,2,2026-01-11T18:57:00Z,2026-01-11T20:42:00Z
203,3,2,2026-01-11T21:07:00Z,2026-01-11T22:44:00Z
204,2,2,2026-01-11T23:14:00Z,2026-01-12T01:26:00Z
205,1,3,2026-01-11T14:00:00Z,2026-01-11T15:58:00Z
206,4,3,2026-01-11T16:23:00Z,2026-01-11T18:08:00Z
207,8,3,2026-01-11T18:28:00Z,2026-01-11T19:57:00Z
208,5,3,2026-01-11T20:22:00Z,2026-01-11T22:12:00Z
209,4,3,2026-01-11T22:32:00Z,2026-01-12T00:17:00Z
210,4,4,2026-01-11T14:00:00Z,2026-01-11T15:45:00Z
211,6,4,2026-01-11T16:10:00Z,2026-01-11T18:35:00Z
212,2,4,2026-01-11T19:00:00Z,2026-01-11T21:12:00Z
213,6,4,2026-01-11T21:37:00Z,2026-01-12T00:02:00Z
214,7,1,2026-01-12T14:00:00Z,2026-01-12T15:41:00Z
215,6,1,2026-01-12T16:11:00Z,2026-01-12T18:36:00Z
216,2,1,2026-01-12T18:56:00Z,2026-01-12T21:08:00Z
217,3,1,2026-01-12T21:33:00Z,2026-01-12T23:10:00Z
218,5,1,2026-01-12T23:40:00Z,2026-01-13T01:30:00Z
219,2,2,2026-01-12T14:00:00Z,2026-01-12T16:12:00Z
220,7,2,2026-01-12T16:42:00Z,2026-01-12T18:23:00Z
221,6,2,2026-01-12T18:48:00Z,2026-01-12T21:13:00Z
222,2,2,2026-01-12T21:38:00Z,2026-01-12T23:50:00Z
223,4,3,2026-01-12T14:00:00Z,2026-01-12T15:45:00Z
224,1,3,2026-01-12T16:10:00Z,2026-01-12T18:08:00Z
225,7,3,2026-01-12T18:38:00Z,2026-01-12T20:19:00Z
226,4,3,2026-01-12T20:39:00Z,2026-01-12T22:24:00Z
227,7,3,2026-01-12T22:49:00Z,2026-01-13T00:30:00Z
228,6,4,2026-01-12T14:00:00Z,2026-01-12T16:25:00Z
229,6,4,2026-01-12T16:55:00Z,2026-01-12T19:20:00Z
230,2,4,2026-01-12T19:50:00Z,2026-01-12T22:02:00Z
231,5,4,2026-01-12T22:32:00Z,2026-01-13T00:22:00Z
232,5,1,2026-01-13T14:00:00Z,2026-01-13T15:50:00Z
233,7,1,2026-01-13T16:20:00Z,2026-01-13T18:01:00Z
234,7,1,2026-01-13T18:26:00Z,2026-01-13T20:07:00Z
235,5,1,2026-01-13T20:37:00Z,2026-01-13T22:27:00Z
236,3,1,2026-01-13T22:57:00Z,2026-01-14T00:34:00Z
237,7,2,2026-01-13T14:00:00Z,2026-01-13T15:41:00Z
238,7,2,2026-01-13T16:11:00Z,2026-01-13T17:52:00Z
239,3,2,2026-01-13T18:22:00Z,2026-01-13T19:59:00Z
240,5,2,2026-01-13T20:29:00Z,2026-01-13T22:19:00Z
241,1,2,2026-01-13T22:44:00Z,2026-01-14T00:42:00Z
242,5,3,2026-01-13T14:00:00Z,2026-01-13T15:50:00Z
243,7,3,2026-01-13T16:10:00Z,2026-01-13T17:51:00Z
244,6,3,2026-01-13T18:21:00Z,2026-01-13T20:46:00Z
245,8,3,2026-01-13T21:11:00Z,2026-01-13T22:40:00Z
246,4,3,2026-01-13T23:05:00Z,2026-01-14T00:50:00Z
247,8,4,2026-01-13T14:00:00Z,2026-01-13T15:29:00Z
248,3,4,2026-01-13T15:59:00Z,2026-01-13T17:36:00Z
249,2,4,2026-01-13T18:06:00Z,2026-01-13T20:18:00Z
250,6,4,2026-01-13T20:43:00Z,2026-01-13T23:08:00Z
251,4,4,2026-01-13T23:28:00Z,2026-01-14T01:13:00Z
252,5,1,2026-01-14T14:00:00Z,2026-01-14T15:50:00Z
253,4,1,2026-01-14T16:10:00Z,2026-01-14T17:55:00Z
254,1,1,2026-01-14T18:15:00Z,2026-01-14T20:13:00Z
255,4,1,2026-01-14T20:33:00Z,2026-01-14T22:18:00Z
256,2,1,2026-01-14T22:43:00Z,2026-01-15T00:55:00Z
257,7,2,2026-01-14T14:00:00Z,2026-01-14T15:41:00Z
258,4,2,2026-01-14T16:11:00Z,2026-01-14T17:56:00Z
259,7,2,2026-01-14T18:26:00Z,2026-01-14T20:07:00Z
260,7,2,2026-01-14T20:32:00Z,2026-01-14T22:13:00Z
261,3,2,2026-01-14T22:33:00Z,2026-01-15T00:10:00Z
262,1,3,2026-01-14T14:00:00Z,2026-01-14T15:58:00Z
263,7,3,2026-01-14T16:18:00Z,2026-01-14T17:59:00Z
264,3,3,2026-01-14T18:19:00Z,2026-01-14T19:56:00Z
265,8,3,2026-01-14T20:26:00Z,2026-01-14T21:55:00Z
266,4,3,2026-01-14T22:15:00Z,2026-01-15T00:00:00Z
267,8,4,2026-01-14T14:00:00Z,2026-01-14T15:29:00Z
268,8,4,2026-01-14T15:49:00Z,2026-01-14T17:18:00Z
269,6,4,2026-01-14T17:48:00Z,2026-01-14T20:13:00Z
270,7,4,2026-01-14T20:38:00Z,2026-01-14T22:19:00Z
271,8,4,2026-01-14T22:49:00Z,2026-01-15T00:18:00Z
272,8,1,2026-01-15T14:00:00Z,2026-01-15T15:29:00Z
273,5,1,2026-01-15T15:54:00Z,2026-01-15T17:44:00Z
274,5,1,2026-01-15T18:04:00Z,2026-01-15T19:54:00Z
275,8,1,2026-01-15T20:24:00Z,2026-01-15T21:53:00Z
276,4,1,2026-01-15T22:23:00Z,2026-01-16T00:08:00Z
277,8,2,2026-01-15T14:00:00Z,2026-01-15T15:29:00Z
278,5,2,2026-01-15T15:49:00Z,2026-01-15T17:39:00Z
279,5,2,2026-01-15T17:59:00Z,2026-01-15T19:49:00Z
280,6,2,2026-01-15T20:14:00Z,2026-01-15T22:39:00Z
281,2,2,2026-01-15T23:09:00Z,2026-01-16T01:21:00Z
282,3,3,2026-01-15T14:00:00Z,2026-01-15T15:37:00Z
283,7,3,2026-01-15T15:57:00Z,2026-01-15T17:38:00Z
284,3,3,2026-01-15T18:08:00Z,2026-01-15T19:45:00Z
285,4,3,2026-01-15T20:15:00Z,2026-01-15T22:00:00Z
286,7,3,2026-01-15T22:20:00Z,2026-01-16T00:01:00Z
287,6,4,2026-01-15T14:00:00Z,2026-01-15T16:25:00Z
288,8,4,2026-01-15T16:55:00Z,2026-01-15T18:24:00Z
289,1,4,2026-01-15T18:49:00Z,2026-01-15T20:47:00Z
290,7,4,2026-01-15T21:07:00Z,2026-01-15T22:48:00Z
291,1,4,2026-01-15T23:13:00Z,2026-01-16T01:11:00Z
292,7,1,2026-01-16T14:00:00Z,2026-01-16T15:41:00Z
293,1,1,2026-01-16T16:06:00Z,2026-01-16T18:04:00Z
294,5,1,2026-01-16T18:29:00Z,2026-01-16T20:19:00Z
295,7,1,2026-01-16T20:44:00Z,2026-01-16T22:25:00Z
296,4,1,2026-01-16T22:55:00Z,2026-01-17T00:40:00Z
297,4,2,2026-01-16T14:00:00Z,2026-01-16T15:45:00Z
298,7,2,2026-01-16T16:10:00Z,2026-01-16T17:51:00Z
299,1,2,2026-01-16T18:16:00Z,2026-01-16T20:14:00Z
300,6,2,2026-01-16T20:39:00Z,2026-01-16T23:04:00Z
301,7,2,2026-01-16T23:34:00Z,2026-01-17T01:15:00Z
302,3,3,2026-01-16T14:00:00Z,2026-01-16T15:37:00Z
303,3,3,2026-01-16T16:02:00Z,2026-01-16T17:39:00Z
304,1,3,2026-01-16T18:09:00Z,2026-01-16T20:07:00Z
305,1,3,2026-01-16T20:32:00Z,2026-01-16T22:30:00Z
306,7,3,2026-01-16T22:50:00Z,2026-01-17T00:31:00Z
307,8,4,2026-01-16T14:00:00Z,2026-01-16T15:29:00Z
308,1,4,2026-01-16T15:49:00Z,2026-01-16T17:47:00Z
309,7,4,2026-01-16T18:12:00Z,2026-01-16T19:53:00Z
310,4,4,2026-01-16T20:18:00Z,2026-01-16T22:03:00Z
311,6,4,2026-01-16T22:28:00Z,2026-01-17T00:53:00Z
312,7,1,2026-01-17T14:00:00Z,2026-01-17T15:41:00Z
313,7,1,2026-01-17T16:06:00Z,2026-01-17T17:47:00Z
314,2,1,2026-01-17T18:12:00Z,2026-01-17T20:24:00Z
315,1,1,2026-01-17T20:49:00Z,2026-01-17T22:47:00Z
316,1,1,2026-01-17T23:17:00Z,2026-01-18T01:15:00Z
317,4,2,2026-01-17T14:00:00Z,2026-01-17T15:45:00Z
318,2,2,2026-01-17T16:15:00Z,2026-01-17T18:27:00Z
319,1,2,2026-01-17T18:57:00Z,2026-01-17T20:55:00Z
320,4,2,2026-01-17T21:15:00Z,2026-01-17T23:00:00Z
321,1,2,2026-01-17T23:20:00Z,2026-01-18T01:18:00Z
322,3,3,2026-01-17T14:00:00Z,2026-01-17T15:37:00Z
323,3,3,2026-01-17T15:57:00Z,2026-01-17T17:34:00Z
324,2,3,2026-01-17T17:59:00Z,2026-01-17T20:11:00Z
325,4,3,2026-01-17T20:41:00Z,2026-01-17T22:26:00Z
326,5,3,2026-01-17T22:51:00Z,2026-01-18T00:41:00Z
327,3,4,2026-01-17T14:00:00Z,2026-01-17T15:37:00Z
328,2,4,2026-01-17T16:07:00Z,2026-01-17T18:19:00Z
329,5,4,2026-01-17T18:39:00Z,2026-01-17T20:29:00Z
330,1,4,2026-01-17T20:49:00Z,2026-01-17T22:47:00Z
331,7,4,2026-01-17T23:12:00Z,2026-01-18T00:53:00Z
332,4,1,2026-01-18T14:00:00Z,2026-01-18T15:45:00Z
333,4,1,2026-01-18T16:05:00Z,2026-01-18T17:50:00Z
334,5,1,2026-01-18T18:10:00Z,2026-01-18T20:00:00Z
335,2,1,2026-01-18T20:30:00Z,2026-01-18T22:42:00Z
336,1,1,2026-01-18T23:12:00Z,2026-01-19T01:10:00Z
337,7,2,2026-01-18T14:00:00Z,2026-01-18T15:41:00Z
338,6,2,2026-01-18T16:11:00Z,2026-01-18T18:36:00Z
339,6,2,2026-01-18T18:56:00Z,2026-01-18T21:21:00Z
340,7,2,2026-01-18T21:41:00Z,2026-01-18T23:22:00Z
341,2,2,2026-01-18T23:47:00Z,2026-01-19T01:59:00Z
342,6,3,2026-01-18T14:00:00Z,2026-01-18T16:25:00Z
343,8,3,2026-01-18T16:55:00Z,2026-01-18T18:24:00Z
344,3,3,2026-01-18T18:54:00Z,2026-01-18T20:31:00Z
345,3,3,2026-01-18T20:56:00Z,2026-01-18T22:33:00Z
346,5,3,2026-01-18T23:03:00Z,2026-01-19T00:53:00Z
347,8,4,2026-01-18T14:00:00Z,2026-01-18T15:29:00Z
348,7,4,2026-01-18T15:54:00Z,2026-01-18T17:35:00Z
349,5,4,2026-01-18T18:05:00Z,2026-01-18T19:55:00Z
350,4,4,2026-01-18T20:20:00Z,2026-01-18T22:05:00Z
351,5,4,2026-01-18T22:25:00Z,2026-01-19T00:15:00Z
352,4,1,2026-01-19T14:00:00Z,2026-01-19T15:45:00Z
353,7,1,2026-01-19T16:10:00Z,2026-01-19T17:51:00Z
354,1,1,2026-01-19T18:16:00Z,2026-01-19T20:14:00Z
355,6,1,2026-01-19T20:39:00Z,2026-01-19T23:04:00Z
356,8,1,2026-01-19T23:24:00Z,2026-01-20T00:53:00Z
357,6,2,2026-01-19T14:00:00Z,2026-01-19T16:25:00Z
358,6,2,2026-01-19T16:50:00Z,2026-01-19T19:15:00Z
359,5,2,2026-01-19T19:40:00Z,2026-01-19T21:30:00Z
360,1,2,2026-01-19T22:00:00Z,2026-01-19T23:58:00Z
361,4,3,2026-01-19T14:00:00Z,2026-01-19T15:45:00Z
362,4,3,2026-01-19T16:05:00Z,2026-01-19T17:50:00Z
363,7,3,2026-01-19T18:20:00Z,2026-01-19T20:01:00Z
364,4,3,2026-01-19T20:26:00Z,2026-01-19T22:11:00Z
365,8,3,2026-01-19T22:41:00Z,2026-01-20T00:10:00Z
366,8,4,2026-01-19T14:00:00Z,2026-01-19T15:29:00Z
367,1,4,2026-01-19T15:54:00Z,2026-01-19T17:52:00Z
368,5,4,2026-01-19T18:12:00Z,2026-01-19T20:02:00Z
369,7,4,2026-01-19T20:22:00Z,2026-01-19T22:03:00Z
370,4,4,2026-01-19T22:33:00Z,2026-01-20T00:18:00Z
371,6,1,2026-01-20T14:00:00Z,2026-01-20T16:25:00Z
372,6,1,2026-01-20T16:50:00Z,2026-01-20T19:15:00Z
373,6,1,2026-01-20T19:40:00Z,2026-01-20T22:05:00Z
374,8,1,2026-01-20T22:30:00Z,2026-01-20T23:59:00Z
375,5,2,2026-01-20T14:00:00Z,2026-01-20T15:50:00Z
376,4,2,2026-01-20T16:15:00Z,2026-01-20T18:00:00Z
377,4,2,2026-01-20T18:20:00Z,2026-01-20T20:05:00Z
378,2,2,2026-01-20T20:30:00Z,2026-01-20T22:42:00Z
379,3,2,2026-01-20T23:12:00Z,2026-01-21T00:49:00Z
380,4,3,2026-01-20T14:00:00Z,2026-01-20T15:45:00Z
381,8,3,2026-01-20T16:15:00Z,2026-01-20T17:44:00Z
382,5,3,2026-01-20T18:09:00Z,2026-01-20T19:59:00Z
383,4,3,2026-01-20T20:19:00Z,2026-01-20T22:04:00Z
384,4,3,2026-01-20T22:29:00Z,2026-01-21T00:14:00Z
385,3,4,2026-01-20T14:00:00Z,2026-01-20T15:37:00Z
386,1,4,2026-01-20T16:02:00Z,2026-01-20T18:00:00Z
387,3,4,2026-01-20T18:30:00Z,2026-01-20T20:07:00Z
388,1,4,2026-01-20T20:32:00Z,2026-01-20T22:30:00Z
389,5,4,2026-01-20T22:50:00Z,2026-01-21T00:40:00Z
390,3,1,2026-01-21T14:00:00Z,2026-01-21T15:37:00Z
391,8,1,2026-01-21T16:07:00Z,2026-01-21T17:36:00Z
392,1,1,2026-01-21T17:56:00Z,2026-01-21T19:54:00Z
393,5,1,2026-01-21T20:24:00Z,2026-01-21T22:14:00Z
394,8,1,2026-01-21T22:39:00Z,2026-01-22T00:08:00Z
395,6,2,2026-01-21T14:00:00Z,2026-01-21T16:25:00Z
396,1,2,2026-01-21T16:45:00Z,2026-01-21T18:43:00Z
397,8,2,2026-01-21T19:08:00Z,2026-01-21T20:37:00Z
398,2,2,2026-01-21T20:57:00Z,2026-01-21T23:09:00Z
399,8,2,2026-01-21T23:34:00Z,2026-01-22T01:03:00Z
400,1,3,2026-01-21T14:00:00Z,2026-01-21T15:58:00Z
401,3,3,2026-01-21T16:18:00Z,2026-01-21T17:55:00Z
402,5,3,2026-01-21T18:25:00Z,2026-01-21T20:15:00Z
403,4,3,2026-01-21T20:35:00Z,2026-01-21T22:20:00Z
404,7,3,2026-01-21T22:40:00Z,2026-01-22T00:21:00Z
405,4,4,2026-01-21T14:00:00Z,2026-01-21T15:45:00Z
406,7,4,2026-01-21T16:15:00Z,2026-01-21T17:56:00Z
407,8,4,2026-01-21T18:21:00Z,2026-01-21T19:50:00Z
408,7,4,2026-01-21T20:15:00Z,2026-01-21T21:56:00Z
409,1,4,2026-01-21T22:21:00Z,2026-01-22T00:19:00Z
410,2,1,2026-01-22T14:00:00Z,2026-01-22T16:12:00Z
411,4,1,2026-01-22T16:32:00Z,2026-01-22T18:17:00Z
412,2,1,2026-01-22T18:42:00Z,2026-01-22T20:54:00Z
413,4,1,2026-01-22T21:14:00Z,2026-01-22T22:59:00Z
414,2,1,2026-01-22T23:19:00Z,2026-01-23T01:31:00Z
415,1,2,2026-01-22T14:00:00Z,2026-01-22T15:58:00Z
416,8,2,2026-01-22T16:23:00Z,2026-01-22T17:52:00Z
417,8,2,2026-01-22T18:22:00Z,2026-01-22T19:51:00Z
418,1,2,2026-01-22T20:16:00Z,2026-01-22T22:14:00Z
419,5,2,2026-01-22T22:34:00Z,2026-01-23T00:24:00Z
420,5,3,2026-01-22T14:00:00Z,2026-01-22T15:50:00Z
421,8,3,2026-01-22T16:20:00Z,2026-01-22T17:49:00Z
422,4,3,2026-01-22T18:09:00Z,2026-01-22T19:54:00Z
423,4,3,2026-01-22T20:19:00Z,2026-01-22T22:04:00Z
424,2,3,2026-01-22T22:29:00Z,2026-01-23T00:41:00Z
425,4,4,2026-01-22T14:00:00Z,2026-01-22T15:45:00Z
426,3,4,2026-01-22T16:15:00Z,2026-01-22T17:52:00Z
427,3,4,2026-01-22T18:17:00Z,2026-01-22T19:54:00Z
428,1,4,2026-01-22T20:14:00Z,2026-01-22T22:12:00Z
429,5,4,2026-01-22T22:32:00Z,2026-01-23T00:22:00Z
430,5,1,2026-01-23T14:00:00Z,2026-01-23T15:50:00Z
431,2,1,2026-01-23T16:15:00Z,2026-01-23T18:27:00Z
432,5,1,2026-01-23T18:52:00Z,2026-01-23T20:42:00Z
433,7,1,2026-01-23T21:12:00Z,2026-01-23T22:53:00Z
434,8,1,2026-01-23T23:18:00Z,2026-01-24T00:47:00Z
435,2,2,2026-01-23T14:00:00Z,2026-01-23T16:12:00Z
436,1,2,2026-01-23T16:42:00Z,2026-01-23T18:40:00Z
437,6,2,2026-01-23T19:05:00Z,2026-01-23T21:30:00Z
438,5,2,2026-01-23T22:00:00Z,2026-01-23T23:50:00Z
439,2,3,2026-01-23T14:00:00Z,2026-01-23T16:12:00Z
440,1,3,2026-01-23T16:32:00Z,2026-01-23T18:30:00Z
441,5,3,2026-01-23T19:00:00Z,2026-01-23T20:50:00Z
442,1,3,2026-01-23T21:20:00Z,2026-01-23T23:18:00Z
443,8,3,2026-01-23T23:38:00Z,2026-01-24T01:07:00Z
444,8,4,2026-01-23T14:00:00Z,2026-01-23T15:29:00Z
445,3,4,2026-01-23T15:54:00Z,2026-01-23T17:31:00Z
446,7,4,2026-01-23T18:01:00Z,2026-01-23T19:42:00Z
447,8,4,2026-01-23T20:12:00Z,2026-01-23T21:41:00Z
448,8,4,2026-01-23T22:01:00Z,2026-01-23T23:30:00Z
449,7,4,2026-01-23T23:55:00Z,2026-01-24T01:36:00Z
450,6,1,2026-01-24T14:00:00Z,2026-01-24T16:25:00Z
451,2,1,2026-01-24T16:55:00Z,2026-01-24T19:07:00Z
452,6,1,2026-01-24T19:27:00Z,2026-01-24T21:52:00Z
453,8,1,2026-01-24T22:17:00Z,2026-01-24T23:46:00Z
454,7,2,2026-01-24T14:00:00Z,2026-01-24T15:41:00Z
455,1,2,2026-01-24T16:11:00Z,2026-01-24T18:09:00Z
456,2,2,2026-01-24T18:34:00Z,2026-01-24T20:46:00Z
457,5,2,2026-01-24T21:11:00Z,2026-01-24T23:01:00Z
458,2,2,2026-01-24T23:26:00Z,2026-01-25T01:38:00Z
459,1,3,2026-01-24T14:00:00Z,2026-01-24T15:58:00Z
460,8,3,2026-01-24T16:28:00Z,2026-01-24T17:57:00Z
461,1,3,2026-01-24T18:22:00Z,2026-01-24T20:20:00Z
462,6,3,2026-01-24T20:40:00Z,2026-01-24T23:05:00Z
463,8,3,2026-01-24T23:35:00Z,2026-01-25T01:04:00Z
464,8,4,2026-01-24T14:00:00Z,2026-01-24T15:29:00Z
465,4,4,2026-01-24T15:49:00Z,2026-01-24T17:34:00Z
466,3,4,2026-01-24T17:59:00Z,2026-01-24T19:36:00Z
467,8,4,2026-01-24T20:01:00Z,2026-01-24T21:30:00Z
468,8,4,2026-01-24T22:00:00Z,2026-01-24T23:29:00Z
469,1,4,2026-01-24T23:49:00Z,2026-01-25T01:47:00Z
470,4,1,2026-01-25T14:00:00Z,2026-01-25T15:45:00Z
471,3,1,2026-01-25T16:15:00Z,2026-01-25T17:52:00Z
472,1,1,2026-01-25T18:17:00Z,2026-01-25T20:15:00Z
473,7,1,2026-01-25T20:45:00Z,2026-01-25T22:26:00Z
474,4,1,2026-01-25T22:46:00Z,2026-01-26T00:31:00Z
475,8,2,2026-01-25T14:00:00Z,2026-01-25T15:29:00Z
476,3,2,2026-01-25T15:49:00Z,2026-01-25T17:26:00Z
477,5,2,2026-01-25T17:51:00Z,2026-01-25T19:41:00Z
478,5,2,2026-01-25T20:11:00Z,2026-01-25T22:01:00Z
479,8,2,2026-01-25T22:26:00Z,2026-01-25T23:55:00Z
480,4,3,2026-01-25T14:00:00Z,2026-01-25T15:45:00Z
481,3,3,2026-01-25T16:10:00Z,2026-01-25T17:47:00Z
482,4,3,2026-01-25T18:12:00Z,2026-01-25T19:57:00Z
483,3,3,2026-01-25T20:27:00Z,2026-01-25T22:04:00Z
484,5,3,2026-01-25T22:24:00Z,2026-01-26T00:14:00Z
485,6,4,2026-01-25T14:00:00Z,2026-01-25T16:25:00Z
486,5,4,2026-01-25T16:55:00Z,2026-01-25T18:45:00Z
487,5,4,2026-01-25T19:05:00Z,2026-01-25T20:55:00Z
488,5,4,2026-01-25T21:25:00Z,2026-01-25T23:15:00Z
489,8,4,2026-01-25T23:45:00Z,2026-01-26T01:14:00Z
490,8,1,2026-01-26T14:00:00Z,2026-01-26T15:29:00Z
491,8,1,2026-01-26T15:59:00Z,2026-01-26T17:28:00Z
492,6,1,2026-01-26T17:53:00Z,2026-01-26T20:18:00Z
493,7,1,2026-01-26T20:48:00Z,2026-01-26T22:29:00Z
494,6,1,2026-01-26T22:54:00Z,2026-01-27T01:19:00Z
495,4,2,2026-01-26T14:00:00Z,2026-01-26T15:45:00Z
496,7,2,2026-01-26T16:15:00Z,2026-01-26T17:56:00Z
497,7,2,2026-01-26T18:16:00Z,2026-01-26T19:57:00Z
498,6,2,2026-01-26T20:17:00Z,2026-01-26T22:42:00Z
499,8,2,2026-01-26T23:12:00Z,2026-01-27T00:41:00Z
500,7,3,2026-01-26T14:00:00Z,2026-01-26T15:41:00Z
501,3,3,2026-01-26T16:06:00Z,2026-01-26T17:43:00Z
502,1,3,2026-01-26T18:08:00Z,2026-01-26T20:06:00Z
503,6,3,2026-01-26T20:26:00Z,2026-01-26T22:51:00Z
504,8,3,2026-01-26T23:11:00Z,2026-01-27T00:40:00Z
505,8,4,2026-01-26T14:00:00Z,2026-01-26T15:29:00Z
506,3,4,2026-01-26T15:49:00Z,2026-01-26T17:26:00Z
507,3,4,2026-01-26T17:51:00Z,2026-01-26T19:28:00Z
508,8,4,2026-01-26T19:48:00Z,2026-01-26T21:17:00Z
509,6,4,2026-01-26T21:42:00Z,2026-01-27T00:07:00Z
510,7,1,2026-01-27T14:00:00Z,2026-01-27T15:41:00Z
511,2,1,2026-01-27T16:11:00Z,2026-01-27T18:23:00Z
512,7,1,2026-01-27T18:48:00Z,2026-01-27T20:29:00Z
513,8,1,2026-01-27T20:54:00Z,2026-01-27T22:23:00Z
514,1,1,2026-01-27T22:53:00Z,2026-01-28T00:51:00Z
515,2,2,2026-01-27T14:00:00Z,2026-01-27T16:12:00Z
516,5,2,2026-01-27T16:32:00Z,2026-01-27T18:22:00Z
517,2,2,2026-01-27T18:42:00Z,2026-01-27T20:54:00Z
518,2,2,2026-01-27T21:19:00Z,2026-01-27T23:31:00Z
519,2,3,2026-01-27T14:00:00Z,2026-01-27T16:12:00Z
520,3,3,2026-01-27T16:37:00Z,2026-01-27T18:14:00Z
521,5,3,2026-01-27T18:44:00Z,2026-01-27T20:34:00Z
522,1,3,2026-01-27T20:54:00Z,2026-01-27T22:52:00Z
523,1,3,2026-01-27T23:17:00Z,2026-01-28T01:15:00Z
524,6,4,2026-01-27T14:00:00Z,2026-01-27T16:25:00Z
525,7,4,2026-01-27T16:50:00Z,2026-01-27T18:31:00Z
526,4,4,2026-01-27T18:51:00Z,2026-01-27T20:36:00Z
527,7,4,2026-01-27T21:06:00Z,2026-01-27T22:47:00Z
528,3,4,2026-01-27T23:17:00Z,2026-01-28T00:54:00Z
529,3,1,2026-01-28T14:00:00Z,2026-01-28T15:37:00Z
530,7,1,2026-01-28T15:57:00Z,2026-01-28T17:38:00Z
531,4,1,2026-01-28T18:08:00Z,2026-01-28T19:53:00Z
532,3,1,2026-01-28T20:18:00Z,2026-01-28T21:55:00Z
533,8,1,2026-01-28T22:15:00Z,2026-01-28T23:44:00Z
534,5,2,2026-01-28T14:00:00Z,2026-01-28T15:50:00Z
535,5,2,2026-01-28T16:15:00Z,2026-01-28T18:05:00Z
536,1,2,2026-01-28T18:35:00Z,2026-01-28T20:33:00Z
537,5,2,2026-01-28T20:58:00Z,2026-01-28T22:48:00Z
538,3,2,2026-01-28T23:18:00Z,2026-01-29T00:55:00Z
539,8,3,2026-01-28T14:00:00Z,2026-01-28T15:29:00Z
540,5,3,2026-01-28T15:54:00Z,2026-01-28T17:44:00Z
541,7,3,2026-01-28T18:14:00Z,2026-01-28T19:55:00Z
542,5,3,2026-01-28T20:25:00Z,2026-01-28T22:15:00Z
543,5,3,2026-01-28T22:40:00Z,2026-01-29T00:30:00Z
544,7,4,2026-01-28T14:00:00Z,2026-01-28T15:41:00Z
545,2,4,2026-01-28T16:06:00Z,2026-01-28T18:18:00Z
546,7,4,2026-01-28T18:38:00Z,2026-01-28T20:19:00Z
547,6,4,2026-01-28T20:49:00Z,2026-01-28T23:14:00Z
548,5,4,2026-01-28T23:44:00Z,2026-01-29T01:34:00Z
549,5,1,2026-01-29T14:00:00Z,2026-01-29T15:50:00Z
550,7,1,2026-01-29T16:10:00Z,2026-01-29T17:51:00Z
551,1,1,2026-01-29T18:16:00Z,2026-01-29T20:14:00Z
552,1,1,2026-01-29T20:44:00Z,2026-01-29T22:42:00Z
553,8,1,2026-01-29T23:12:00Z,2026-01-30T00:41:00Z
554,4,2,2026-01-29T14:00:00Z,2026-01-29T15:45:00Z
555,6,2,2026-01-29T16:15:00Z,2026-01-29T18:40:00Z
556,4,2,2026-01-29T19:00:00Z,2026-01-29T20:45:00Z
557,5,2,2026-01-29T21:15:00Z,2026-01-29T23:05:00Z
558,3,2,2026-01-29T23:35:00Z,2026-01-30T01:12:00Z
559,2,3,2026-01-29T14:00:00Z,2026-01-29T16:12:00Z
560,1,3,2026-01-29T16:42:00Z,2026-01-29T18:40:00Z
561,8,3,2026-01-29T19:05:00Z,2026-01-29T20:34:00Z
562,6,3,2026-01-29T20:54:00Z,2026-01-29T23:19:00Z
563,3,3,2026-01-29T23:49:00Z,2026-01-30T01:26:00Z
564,5,4,2026-01-29T14:00:00Z,2026-01-29T15:50:00Z
565,7,4,2026-01-29T16:15:00Z,2026-01-29T17:56:00Z
566,4,4,2026-01-29T18:16:00Z,2026-01-29T20:01:00Z
567,6,4,2026-01-29T20:21:00Z,2026-01-29T22:46:00Z
568,5,4,2026-01-29T23:16:00Z,2026-01-30T01:06:00Z
569,5,1,2026-01-30T14:00:00Z,2026-01-30T15:50:00Z
570,5,1,2026-01-30T16:15:00Z,2026-01-30T18:05:00Z
571,6,1,2026-01-30T18:35:00Z,2026-01-30T21:00:00Z
572,8,1,2026-01-30T21:20:00Z,2026-01-30T22:49:00Z
573,3,1,2026-01-30T23:09:00Z,2026-01-31T00:46:00Z
574,7,2,2026-01-30T14:00:00Z,2026-01-30T15:41:00Z
575,6,2,2026-01-30T16:11:00Z,2026-01-30T18:36:00Z
576,7,2,2026-01-30T18:56:00Z,2026-01-30T20:37:00Z
577,5,2,2026-01-30T20:57:00Z,2026-01-30T22:47:00Z
578,2,2,2026-01-30T23:17:00Z,2026-01-31T01:29:00Z
579,6,3,2026-01-30T14:00:00Z,2026-01-30T16:25:00Z
580,5,3,2026-01-30T16:55:00Z,2026-01-30T18:45:00Z
581,7,3,2026-01-30T19:15:00Z,2026-01-30T20:56:00Z
582,6,3,2026-01-30T21:26:00Z,2026-01-30T23:51:00Z
583,4,4,2026-01-30T14:00:00Z,2026-01-30T15:45:00Z
584,1,4,2026-01-30T16:10:00Z,2026-01-30T18:08:00Z
585,6,4,2026-01-30T18:38:00Z,2026-01-30T21:03:00Z
586,4,4,2026-01-30T21:33:00Z,2026-01-30T23:18:00Z
587,2,4,2026-01-30T23:48:00Z,2026-01-31T02:00:00Z
588,8,1,2026-01-31T14:00:00Z,2026-01-31T15:29:00Z
589,5,1,2026-01-31T15:59:00Z,2026-01-31T17:49:00Z
590,7,1,2026-01-31T18:19:00Z,2026-01-31T20:00:00Z
591,3,1,2026-01-31T20:20:00Z,2026-01-31T21:57:00Z
592,1,1,2026-01-31T22:17:00Z,2026-02-01T00:15:00Z
593,8,2,2026-01-31T14:00:00Z,2026-01-31T15:29:00Z
594,2,2,2026-01-31T15:49:00Z,2026-01-31T18:01:00Z
595,3,2,2026-01-31T18:21:00Z,2026-01-31T19:58:00Z
596,8,2,2026-01-31T20:23:00Z,2026-01-31T21:52:00Z
597,7,2,2026-01-31T22:17:00Z,2026-01-31T23:58:00Z
598,3,3,2026-01-31T14:00:00Z,2026-01-31T15:37:00Z
599,2,3,2026-01-31T16:02:00Z,2026-01-31T18:14:00Z
600,7,3,2026-01-31T18:39:00Z,2026-01-31T20:20:00Z
601,1,3,2026-01-31T20:45:00Z,2026-01-31T22:43:00Z
602,6,3,2026-01-31T23:13:00Z,2026-02-01T01:38:00Z
603,8,4,2026-01-31T14:00:00Z,2026-01-31T15:29:00Z
604,4,4,2026-01-31T15:54:00Z,2026-01-31T17:39:00Z
605,2,4,2026-01-31T18:04:00Z,2026-01-31T20:16:00Z
606,6,4,2026-01-31T20:46:00Z,2026-01-31T23:11:00Z
607,6,4,2026-01-31T23:41:00Z,2026-02-01T02:06:00Z
608,7,1,2026-02-01T14:00:00Z,2026-02-01T15:41:00Z
609,4,1,2026-02-01T16:06:00Z,2026-02-01T17:51:00Z
610,8,1,2026-02-01T18:11:00Z,2026-02-01T19:40:00Z
611,4,1,2026-02-01T20:00:00Z,2026-02-01T21:45:00Z
612,1,1,2026-02-01T22:15:00Z,2026-02-02T00:13:00Z
613,6,2,2026-02-01T14:00:00Z,2026-02-01T16:25:00Z
614,3,2,2026-02-01T16:45:00Z,2026-02-01T18:22:00Z
615,4,2,2026-02-01T18:52:00Z,2026-02-01T20:37:00Z
616,4,2,2026-02-01T20:57:00Z,2026-02-01T22:42:00Z
617,4,2,2026-02-01T23:12:00Z,2026-02-02T00:57:00Z
618,6,3,2026-02-01T14:00:00Z,2026-02-01T16:25:00Z
619,1,3,2026-02-01T16:45:00Z,2026-02-01T18:43:00Z
620,3,3,2026-02-01T19:08:00Z,2026-02-01T20:45:00Z
621,5,3,2026-02-01T21:05:00Z,2026-02-01T22:55:00Z
622,2,3,2026-02-01T23:15:00Z,2026-02-02T01:27:00Z
623,1,4,2026-02-01T14:00:00Z,2026-02-01T15:58:00Z
624,1,4,2026-02-01T16:18:00Z,2026-02-01T18:16:00Z
625,4,4,2026-02-01T18:41:00Z,2026-02-01T20:26:00Z
626,6,4,2026-02-01T20:56:00Z,2026-02-01T23:21:00Z
627,3,4,2026-02-01T23:41:00Z,2026-02-02T01:18:00Z
628,1,1,2026-02-02T14:00:00Z,2026-02-02T15:58:00Z
629,7,1,2026-02-02T16:18:00Z,2026-02-02T17:59:00Z
630,2,1,2026-02-02T18:29:00Z,2026-02-02T20:41:00Z
631,2,1,2026-02-02T21:11:00Z,2026-02-02T23:23:00Z
632,8,1,2026-02-02T23:48:00Z,2026-02-03T01:17:00Z
633,2,2,2026-02-02T14:00:00Z,2026-02-02T16:12:00Z
634,4,2,2026-02-02T16:37:00Z,2026-02-02T18:22:00Z
635,1,2,2026-02-02T18:52:00Z,2026-02-02T20:50:00Z
636,5,2,2026-02-02T21:20:00Z,2026-02-02T23:10:00Z
637,1,2,2026-02-02T23:35:00Z,2026-02-03T01:33:00Z
638,8,3,2026-02-02T14:00:00Z,2026-02-02T15:29:00Z
639,7,3,2026-02-02T15:54:00Z,2026-02-02T17:35:00Z
640,2,3,2026-02-02T18:05:00Z,2026-02-02T20:17:00Z
641,8,3,2026-02-02T20:42:00Z,2026-02-02T22:11:00Z
642,2,3,2026-02-02T22:31:00Z,2026-02-03T00:43:00Z
643,3,4,2026-02-02T14:00:00Z,2026-02-02T15:37:00Z
644,3,4,2026-02-02T15:57:00Z,2026-02-02T17:34:00Z
645,6,4,2026-02-02T17:59:00Z,2026-02-02T20:24:00Z
646,5,4,2026-02-02T20:49:00Z,2026-02-02T22:39:00Z
647,7,4,2026-02-02T23:04:00Z,2026-02-03T00:45:00Z
648,2,1,2026-02-03T14:00:00Z,2026-02-03T16:12:00Z
649,4,1,2026-02-03T16:42:00Z,2026-02-03T18:27:00Z
650,8,1,2026-02-03T18:52:00Z,2026-02-03T20:21:00Z
651,7,1,2026-02-03T20:41:00Z,2026-02-03T22:22:00Z
652,8,1,2026-02-03T22:47:00Z,2026-02-04T00:16:00Z
653,7,2,2026-02-03T14:00:00Z,2026-02-03T15:41:00Z
654,2,2,2026-02-03T16:11:00Z,2026-02-03T18:23:00Z
655,7,2,2026-02-03T18:48:00Z,2026-02-03T20:29:00Z
656,5,2,2026-02-03T20:54:00Z,2026-02-03T22:44:00Z
657,3,2,2026-02-03T23:09:00Z,2026-02-04T00:46:00Z
658,8,3,2026-02-03T14:00:00Z,2026-02-03T15:29:00Z
659,2,3,2026-02-03T15:49:00Z,2026-02-03T18:01:00Z
660,2,3,2026-02-03T18:21:00Z,2026-02-03T20:33:00Z
661,2,3,2026-02-03T20:58:00Z,2026-02-03T23:10:00Z
662,6,3,2026-02-03T23:40:00Z,2026-02-04T02:05:00Z
663,1,4,2026-02-03T14:00:00Z,2026-02-03T15:58:00Z
664,6,4,2026-02-03T16:28:00Z,2026-02-03T18:53:00Z
665,2,4,2026-02-03T19:23:00Z,2026-02-03T21:35:00Z
666,6,4,2026-02-03T22:00:00Z,2026-02-04T00:25:00Z
667,7,1,2026-02-04T14:00:00Z,2026-02-04T15:41:00Z
668,1,1,2026-02-04T16:11:00Z,2026-02-04T18:09:00Z
669,5,1,2026-02-04T18:34:00Z,2026-02-04T20:24:00Z
670,2,1,2026-02-04T20:49:00Z,2026-02-04T23:01:00Z
671,4,1,2026-02-04T23:31:00Z,2026-02-05T01:16:00Z
672,8,2,2026-02-04T14:00:00Z,2026-02-04T15:29:00Z
673,2,2,2026-02-04T15:49:00Z,2026-02-04T18:01:00Z
674,6,2,2026-02-04T18:26:00Z,2026-02-04T20:51:00Z
675,5,2,2026-02-04T21:11:00Z,2026-02-04T23:01:00Z
676,4,2,2026-02-04T23:31:00Z,2026-02-05T01:16:00Z
677,1,3,2026-02-04T14:00:00Z,2026-02-04T15:58:00Z
678,5,3,2026-02-04T16:28:00Z,2026-02-04T18:18:00Z
679,3,3,2026-02-04T18:38:00Z,2026-02-04T20:15:00Z
680,5,3,2026-02-04T20:40:00Z,2026-02-04T22:30:00Z
681,6,3,2026-02-04T22:55:00Z,2026-02-05T01:20:00Z
682,3,4,2026-02-04T14:00:00Z,2026-02-04T15:37:00Z
683,7,4,2026-02-04T15:57:00Z,2026-02-04T17:38:00Z
684,3,4,2026-02-04T17:58:00Z,2026-02-04T19:35:00Z
685,1,4,2026-02-04T20:05:00Z,2026-02-04T22:03:00Z
686,4,4,2026-02-04T22:23:00Z,2026-02-05T00:08:00Z
687,7,1,2026-02-05T14:00:00Z,2026-02-05T15:41:00Z
688,6,1,2026-02-05T16:06:00Z,2026-02-05T18:31:00Z
689,6,1,2026-02-05T18:51:00Z,2026-02-05T21:16:00Z
690,6,1,2026-02-05T21:41:00Z,2026-02-06T00:06:00Z
691,2,2,2026-02-05T14:00:00Z,2026-02-05T16:12:00Z
692,3,2,2026-02-05T16:32:00Z,2026-02-05T18:09:00Z
693,1,2,2026-02-05T18:29:00Z,2026-02-05T20:27:00Z
694,2,2,2026-02-05T20:57:00Z,2026-02-05T23:09:00Z
695,8,2,2026-02-05T23:34:00Z,2026-02-06T01:03:00Z
696,7,3,2026-02-05T14:00:00Z,2026-02-05T15:41:00Z
697,8,3,2026-02-05T16:06:00Z,2026-02-05T17:35:00Z
698,5,3,2026-02-05T18:00:00Z,2026-02-05T19:50:00Z
699,2,3,2026-02-05T20:10:00Z,2026-02-05T22:22:00Z
700,7,3,2026-02-05T22:47:00Z,2026-02-06T00:28:00Z
701,5,4,2026-02-05T14:00:00Z,2026-02-05T15:50:00Z
702,8,4,2026-02-05T16:20:00Z,2026-02-05T17:49:00Z
703,5,4,2026-02-05T18:19:00Z,2026-02-05T20:09:00Z
704,4,4,2026-02-05T20:29:00Z,2026-02-05T22:14:00Z
705,1,4,2026-02-05T22:39:00Z,2026-02-06T00:37:00Z
706,4,1,2026-02-06T14:00:00Z,2026-02-06T15:45:00Z
707,4,1,2026-02-06T16:10:00Z,2026-02-06T17:55:00Z
708,5,1,2026-02-06T18:15:00Z,2026-02-06T20:05:00Z
709,6,1,2026-02-06T20:30:00Z,2026-02-06T22:55:00Z
710,1,1,2026-02-06T23:15:00Z,2026-02-07T01:13:00Z
711,7,2,2026-02-06T14:00:00Z,2026-02-06T15:41:00Z
712,3,2,2026-02-06T16:01:00Z,2026-02-06T17:38:00Z
713,4,2,2026-02-06T18:03:00Z,2026-02-06T19:48:00Z
714,6,2,2026-02-06T20:18:00Z,2026-02-06T22:43:00Z
715,7,2,2026-02-06T23:03:00Z,2026-02-07T00:44:00Z
716,1,3,2026-02-06T14:00:00Z,2026-02-06T15:58:00Z
717,1,3,2026-02-06T16:23:00Z,2026-02-06T18:21:00Z
718,2,3,2026-02-06T18:46:00Z,2026-02-06T20:58:00Z
719,7,3,2026-02-06T21:23:00Z,2026-02-06T23:04:00Z
720,7,3,2026-02-06T23:34:00Z,2026-02-07T01:15:00Z
721,7,4,2026-02-06T14:00:00Z,2026-02-06T15:41:00Z
722,2,4,2026-02-06T16:06:00Z,2026-02-06T18:18:00Z
723,1,4,2026-02-06T18:43:00Z,2026-02-06T20:41:00Z
724,3,4,2026-02-06T21:06:00Z,2026-02-06T22:43:00Z
725,8,4,2026-02-06T23:13:00Z,2026-02-07T00:42:00Z
726,6,1,2026-02-07T14:00:00Z,2026-02-07T16:25:00Z
727,7,1,2026-02-07T16:45:00Z,2026-02-07T18:26:00Z
728,4,1,2026-02-07T18:46:00Z,2026-02-07T20:31:00Z
729,7,1,2026-02-07T20:56:00Z,2026-02-07T22:37:00Z
730,2,1,2026-02-07T23:07:00Z,2026-02-08T01:19:00Z
731,5,2,2026-02-07T14:00:00Z,2026-02-07T15:50:00Z
732,6,2,2026-02-07T16:20:00Z,2026-02-07T18:45:00Z
733,6,2,2026-02-07T19:05:00Z,2026-02-07T21:30:00Z
734,2,2,2026-02-07T21:50:00Z,2026-02-08T00:02:00Z
735,2,3,2026-02-07T14:00:00Z,2026-02-07T16:12:00Z
736,4,3,2026-02-07T16:42:00Z,2026-02-07T18:27:00Z
737,6,3,2026-02-07T18:52:00Z,2026-02-07T21:17:00Z
738,3,3,2026-02-07T21:47:00Z,2026-02-07T23:24:00Z
739,2,3,2026-02-07T23:44:00Z,2026-02-08T01:56:00Z
740,5,4,2026-02-07T14:00:00Z,2026-02-07T15:50:00Z
741,3,4,2026-02-07T16:10:00Z,2026-02-07T17:47:00Z
742,3,4,2026-02-07T18:17:00Z,2026-02-07T19:54:00Z
743,2,4,2026-02-07T20:24:00Z,2026-02-07T22:36:00Z
744,8,4,2026-02-07T22:56:00Z,2026-02-08T00:25:00Z
745,8,1,2026-02-08T14:00:00Z,2026-02-08T15:29:00Z
746,6,1,2026-02-08T15:59:00Z,2026-02-08T18:24:00Z
747,6,1,2026-02-08T18:54:00Z,2026-02-08T21:19:00Z
748,8,1,2026-02-08T21:39:00Z,2026-02-08T23:08:00Z
749,8,1,2026-02-08T23:28:00Z,2026-02-09T00:57:00Z
750,5,2,2026-02-08T14:00:00Z,2026-02-08T15:50:00Z
751,1,2,2026-02-08T16:15:00Z,2026-02-08T18:13:00Z
752,2,2,2026-02-08T18:38:00Z,2026-02-08T20:50:00Z
753,8,2,2026-02-08T21:15:00Z,2026-02-08T22:44:00Z
754,1,2,2026-02-08T23:09:00Z,2026-02-09T01:07:00Z
755,6,3,2026-02-08T14:00:00Z,2026-02-08T16:25:00Z
756,2,3,2026-02-08T16:50:00Z,2026-02-08T19:02:00Z
757,2,3,2026-02-08T19:32:00Z,2026-02-08T21:44:00Z
758,7,3,2026-02-08T22:14:00Z,2026-02-08T23:55:00Z
759,1,4,2026-02-08T14:00:00Z,2026-02-08T15:58:00Z
760,4,4,2026-02-08T16:23:00Z,2026-02-08T18:08:00Z
761,8,4,2026-02-08T18:33:00Z,2026-02-08T20:02:00Z
762,3,4,2026-02-08T20:32:00Z,2026-02-08T22:09:00Z
763,8,4,2026-02-08T22:29:00Z,2026-02-08T23:58:00Z
764,6,1,2026-02-09T14:00:00Z,2026-02-09T16:25:00Z
765,2,1,2026-02-09T16:55:00Z,2026-02-09T19:07:00Z
766,3,1,2026-02-09T19:37:00Z,2026-02-09T21:14:00Z
767,4,1,2026-02-09T21:34:00Z,2026-02-09T23:19:00Z
768,8,1,2026-02-09T23:49:00Z,2026-02-10T01:18:00Z
769,3,2,2026-02-09T14:00:00Z,2026-02-09T15:37:00Z
770,6,2,2026-02-09T16:02:00Z,2026-02-09T18:27:00Z
771,7,2,2026-02-09T18:52:00Z,2026-02-09T20:33:00Z
772,6,2,2026-02-09T20:58:00Z,2026-02-09T23:23:00Z
773,1,2,2026-02-09T23:53:00Z,2026-02-10T01:51:00Z
774,6,3,2026-02-09T14:00:00Z,2026-02-09T16:25:00Z
775,6,3,2026-02-09T16:45:00Z,2026-02-09T19:10:00Z
776,7,3,2026-02-09T19:30:00Z,2026-02-09T21:11:00Z
777,5,3,2026-02-09T21:36:00Z,2026-02-09T23:26:00Z
778,3,3,2026-02-09T23:56:00Z,2026-02-10T01:33:00Z
779,2,4,2026-02-09T14:00:00Z,2026-02-09T16:12:00Z
780,3,4,2026-02-09T16:42:00Z,2026-02-09T18:19:00Z
781,5,4,2026-02-09T18:44:00Z,2026-02-09T20:34:00Z
782,7,4,2026-02-09T21:04:00Z,2026-02-09T22:45:00Z
783,2,4,2026-02-09T23:05:00Z,2026-02-10T01:17:00Z
784,7,1,2026-02-10T14:00:00Z,2026-02-10T15:41:00Z
785,6,1,2026-02-10T16:11:00Z,2026-02-10T18:36:00Z
786,2,1,2026-02-10T18:56:00Z,2026-02-10T21:08:00Z
787,7,1,2026-02-10T21:38:00Z,2026-02-10T23:19:00Z
788,6,1,2026-02-10T23:49:00Z,2026-02-11T02:14:00Z
789,6,2,2026-02-10T14:00:00Z,2026-02-10T16:25:00Z
790,3,2,2026-02-10T16:50:00Z,2026-02-10T18:27:00Z
791,6,2,2026-02-10T18:47:00Z,2026-02-10T21:12:00Z
792,4,2,2026-02-10T21:37:00Z,2026-02-10T23:22:00Z
793,3,2,2026-02-10T23:42:00Z,2026-02-11T01:19:00Z
794,2,3,2026-02-10T14:00:00Z,2026-02-10T16:12:00Z
795,2,3,2026-02-10T16:37:00Z,2026-02-10T18:49:00Z
796,1,3,2026-02-10T19:19:00Z,2026-02-10T21:17:00Z
797,6,3,2026-02-10T21:47:00Z,2026-02-11T00:12:00Z
798,3,4,2026-02-10T14:00:00Z,2026-02-10T15:37:00Z
799,7,4,2026-02-10T16:07:00Z,2026-02-10T17:48:00Z
800,3,4,2026-02-10T18:08:00Z,2026-02-10T19:45:00Z
801,3,4,2026-02-10T20:05:00Z,2026-02-10T21:42:00Z
802,8,4,2026-02-10T22:12:00Z,2026-02-10T23:41:00Z
803,7,1,2026-02-11T14:00:00Z,2026-02-11T15:41:00Z
804,4,1,2026-02-11T16:06:00Z,2026-02-11T17:51:00Z
805,5,1,2026-02-11T18:16:00Z,2026-02-11T20:06:00Z
806,8,1,2026-02-11T20:36:00Z,2026-02-11T22:05:00Z
807,4,1,2026-02-11T22:25:00Z,2026-02-12T00:10:00Z
808,8,2,2026-02-11T14:00:00Z,2026-02-11T15:29:00Z
809,6,2,2026-02-11T15:49:00Z,2026-02-11T18:14:00Z
810,8,2,2026-02-11T18:44:00Z,2026-02-11T20:13:00Z
811,5,2,2026-02-11T20:38:00Z,2026-02-11T22:28:00Z
812,7,2,2026-02-11T22:53:00Z,2026-02-12T00:34:00Z
813,4,3,2026-02-11T14:00:00Z,2026-02-11T15:45:00Z
814,3,3,2026-02-11T16:15:00Z,2026-02-11T17:52:00Z
815,1,3,2026-02-11T18:17:00Z,2026-02-11T20:15:00Z
816,8,3,2026-02-11T20:45:00Z,2026-02-11T22:14:00Z
817,2,3,2026-02-11T22:39:00Z,2026-02-12T00:51:00Z
818,2,4,2026-02-11T14:00:00Z,2026-02-11T16:12:00Z
819,2,4,2026-02-11T16:37:00Z,2026-02-11T18:49:00Z
820,5,4,2026-02-11T19:09:00Z,2026-02-11T20:59:00Z
821,3,4,2026-02-11T21:24:00Z,2026-02-11T23:01:00Z
822,2,4,2026-02-11T23:26:00Z,2026-02-12T01:38:00Z
823,8,1,2026-02-12T14:00:00Z,2026-02-12T15:29:00Z
824,1,1,2026-02-12T15:54:00Z,2026-02-12T17:52:00Z
825,1,1,2026-02-12T18:17:00Z,2026-02-12T20:15:00Z
826,6,1,2026-02-12T20:40:00Z,2026-02-12T23:05:00Z
827,7,1,2026-02-12T23:25:00Z,2026-02-13T01:06:00Z
828,6,2,2026-02-12T14:00:00Z,2026-02-12T16:25:00Z
829,1,2,2026-02-12T16:45:00Z,2026-02-12T18:43:00Z
830,2,2,2026-02-12T19:08:00Z,2026-02-12T21:20:00Z
831,6,2,2026-02-12T21:50:00Z,2026-02-13T00:15:00Z
832,3,3,2026-02-12T14:00:00Z,2026-02-12T15:37:00Z
833,5,3,2026-02-12T15:57:00Z,2026-02-12T17:47:00Z
834,3,3,2026-02-12T18:12:00Z,2026-02-12T19:49:00Z
835,8,3,2026-02-12T20:19:00Z,2026-02-12T21:48:00Z
836,1,3,2026-02-12T22:13:00Z,2026-02-13T00:11:00Z
837,1,4,2026-02-12T14:00:00Z,2026-02-12T15:58:00Z
838,4,4,2026-02-12T16:23:00Z,2026-02-12T18:08:00Z
839,7,4,2026-02-12T18:28:00Z,2026-02-12T20:09:00Z
840,5,4,2026-02-12T20:29:00Z,2026-02-12T22:19:00Z
841,5,4,2026-02-12T22:39:00Z,2026-02-13T00:29:00Z
842,1,1,2026-02-13T14:00:00Z,2026-02-13T15:58:00Z
843,7,1,2026-02-13T16:18:00Z,2026-02-13T17:59:00Z
844,8,1,2026-02-13T18:29:00Z,2026-02-13T19:58:00Z
845,2,1,2026-02-13T20:18:00Z,2026-02-13T22:30:00Z
846,1,1,2026-02-13T22:55:00Z,2026-02-14T00:53:00Z
847,4,2,2026-02-13T14:00:00Z,2026-02-13T15:45:00Z
848,3,2,2026-02-13T16:15:00Z,2026-02-13T17:52:00Z
849,7,2,2026-02-13T18:17:00Z,2026-02-13T19:58:00Z
850,6,2,2026-02-13T20:18:00Z,2026-02-13T22:43:00Z
851,7,2,2026-02-13T23:03:00Z,2026-02-14T00:44:00Z
852,2,3,2026-02-13T14:00:00Z,2026-02-13T16:12:00Z
853,6,3,2026-02-13T16:42:00Z,2026-02-13T19:07:00Z
854,1,3,2026-02-13T19:27:00Z,2026-02-13T21:25:00Z
855,8,3,2026-02-13T21:50:00Z,2026-02-13T23:19:00Z
856,7,3,2026-02-13T23:39:00Z,2026-02-14T01:20:00Z
857,5,4,2026-02-13T14:00:00Z,2026-02-13T15:50:00Z
858,1,4,2026-02-13T16:20:00Z,2026-02-13T18:18:00Z
859,2,4,2026-02-13T18:43:00Z,2026-02-13T20:55:00Z
860,4,4,2026-02-13T21:20:00Z,2026-02-13T23:05:00Z
861,2,4,2026-02-13T23:35:00Z,2026-02-14T01:47:00Z
862,6,1,2026-02-14T14:00:00Z,2026-02-14T16:25:00Z
863,1,1,2026-02-14T16:45:00Z,2026-02-14T18:43:00Z
864,6,1,2026-02-14T19:08:00Z,2026-02-14T21:33:00Z
865,3,1,2026-02-14T22:03:00Z,2026-02-14T23:40:00Z
866,8,2,2026-02-14T14:00:00Z,2026-02-14T15:29:00Z
867,8,2,2026-02-14T15:59:00Z,2026-02-14T17:28:00Z
868,3,2,2026-02-14T17:58:00Z,2026-02-14T19:35:00Z
869,2,2,2026-02-14T19:55:00Z,2026-02-14T22:07:00Z
870,8,2,2026-02-14T22:37:00Z,2026-02-15T00:06:00Z
871,5,3,2026-02-14T14:00:00Z,2026-02-14T15:50:00Z
872,1,3,2026-02-14T16:10:00Z,2026-02-14T18:08:00Z
873,1,3,2026-02-14T18:28:00Z,2026-02-14T20:26:00Z
874,5,3,2026-02-14T20:51:00Z,2026-02-14T22:41:00Z
875,7,3,2026-02-14T23:11:00Z,2026-02-15T00:52:00Z
876,8,4,2026-02-14T14:00:00Z,2026-02-14T15:29:00Z
877,1,4,2026-02-14T15:54:00Z,2026-02-14T17:52:00Z
878,4,4,2026-02-14T18:22:00Z,2026-02-14T20:07:00Z
879,6,4,2026-02-14T20:32:00Z,2026-02-14T22:57:00Z
880,6,4,2026-02-14T23:17:00Z,2026-02-15T01:42:00Z
881,2,1,2026-02-15T14:00:00Z,2026-02-15T16:12:00Z
882,7,1,2026-02-15T16:37:00Z,2026-02-15T18:18:00Z
883,8,1,2026-02-15T18:43:00Z,2026-02-15T20:12:00Z
884,6,1,2026-02-15T20:37:00Z,2026-02-15T23:02:00Z
885,8,1,2026-02-15T23:22:00Z,2026-02-16T00:51:00Z
886,8,2,2026-02-15T14:00:00Z,2026-02-15T15:29:00Z
887,5,2,2026-02-15T15:54:00Z,2026-02-15T17:44:00Z
888,7,2,2026-02-15T18:04:00Z,2026-02-15T19:45:00Z
889,7,2,2026-02-15T20:05:00Z,2026-02-15T21:46:00Z
890,3,2,2026-02-15T22:16:00Z,2026-02-15T23:53:00Z
891,5,3,2026-02-15T14:00:00Z,2026-02-15T15:50:00Z
892,2,3,2026-02-15T16:15:00Z,2026-02-15T18:27:00Z
893,6,3,2026-02-15T18:47:00Z,2026-02-15T21:12:00Z
894,5,3,2026-02-15T21:42:00Z,2026-02-15T23:32:00Z
895,8,3,2026-02-15T23:57:00Z,2026-02-16T01:26:00Z
896,7,4,2026-02-15T14:00:00Z,2026-02-15T15:41:00Z
897,8,4,2026-02-15T16:01:00Z,2026-02-15T17:30:00Z
898,8,4,2026-02-15T17:55:00Z,2026-02-15T19:24:00Z
899,6,4,2026-02-15T19:44:00Z,2026-02-15T22:09:00Z
900,7,4,2026-02-15T22:39:00Z,2026-02-16T00:20:00Z
901,1,1,2026-02-16T14:00:00Z,2026-02-16T15:58:00Z
902,7,1,2026-02-16T16:18:00Z,2026-02-16T17:59:00Z
903,3,1,2026-02-16T18:24:00Z,2026-02-16T20:01:00Z
904,3,1,2026-02-16T20:21:00Z,2026-02-16T21:58:00Z
905,8,1,2026-02-16T22:28:00Z,2026-02-16T23:57:00Z
906,3,2,2026-02-16T14:00:00Z,2026-02-16T15:37:00Z
907,4,2,2026-02-16T15:57:00Z,2026-02-16T17:42:00Z
908,6,2,2026-02-16T18:12:00Z,2026-02-16T20:37:00Z
909,7,2,2026-02-16T21:02:00Z,2026-02-16T22:43:00Z
910,1,2,2026-02-16T23:13:00Z,2026-02-17T01:11:00Z
911,3,3,2026-02-16T14:00:00Z,2026-02-16T15:37:00Z
912,8,3,2026-02-16T16:07:00Z,2026-02-16T17:36:00Z
913,6,3,2026-02-16T18:01:00Z,2026-02-16T20:26:00Z
914,2,3,2026-02-16T20:51:00Z,2026-02-16T23:03:00Z
915,3,3,2026-02-16T23:33:00Z,2026-02-17T01:10:00Z
916,6,4,2026-02-16T14:00:00Z,2026-02-16T16:25:00Z
917,6,4,2026-02-16T16:50:00Z,2026-02-16T19:15:00Z
918,5,4,2026-02-16T19:45:00Z,2026-02-16T21:35:00Z
919,2,4,2026-02-16T21:55:00Z,2026-02-17T00:07:00Z
920,3,1,2026-02-17T14:00:00Z,2026-02-17T15:37:00Z
921,7,1,2026-02-17T16:02:00Z,2026-02-17T17:43:00Z
922,2,1,2026-02-17T18:13:00Z,2026-02-17T20:25:00Z
923,5,1,2026-02-17T20:50:00Z,2026-02-17T22:40:00Z
924,8,1,2026-02-17T23:10:00Z,2026-02-18T00:39:00Z
925,5,2,2026-02-17T14:00:00Z,2026-02-17T15:50:00Z
926,8,2,2026-02-17T16:20:00Z,2026-02-17T17:49:00Z
927,2,2,2026-02-17T18:09:00Z,2026-02-17T20:21:00Z
928,2,2,2026-02-17T20:41:00Z,2026-02-17T22:53:00Z
929,3,2,2026-02-17T23:18:00Z,2026-02-18T00:55:00Z
930,8,3,2026-02-17T14:00:00Z,2026-02-17T15:29:00Z
931,6,3,2026-02-17T15:49:00Z,2026-02-17T18:14:00Z
932,6,3,2026-02-17T18:44:00Z,2026-02-17T21:09:00Z
933,2,3,2026-02-17T21:39:00Z,2026-02-17T23:51:00Z
934,5,4,2026-02-17T14:00:00Z,2026-02-17T15:50:00Z
935,3,4,2026-02-17T16:15:00Z,2026-02-17T17:52:00Z
936,3,4,2026-02-17T18:22:00Z,2026-02-17T19:59:00Z
937,4,4,2026-02-17T20:24:00Z,2026-02-17T22:09:00Z
938,4,4,2026-02-17T22:29:00Z,2026-02-18T00:14:00Z
939,4,1,2026-02-18T14:00:00Z,2026-02-18T15:45:00Z
940,1,1,2026-02-18T16:10:00Z,2026-02-18T18:08:00Z
941,6,1,2026-02-18T18:33:00Z,2026-02-18T20:58:00Z
942,3,1,2026-02-18T21:23:00Z,2026-02-18T23:00:00Z
943,2,1,2026-02-18T23:30:00Z,2026-02-19T01:42:00Z
944,5,2,2026-02-18T14:00:00Z,2026-02-18T15:50:00Z
945,8,2,2026-02-18T16:15:00Z,2026-02-18T17:44:00Z
946,7,2,2026-02-18T18:14:00Z,2026-02-18T19:55:00Z
947,2,2,2026-02-18T20:20:00Z,2026-02-18T22:32:00Z
948,6,2,2026-02-18T22:52:00Z,2026-02-19T01:17:00Z
949,2,3,2026-02-18T14:00:00Z,2026-02-18T16:12:00Z
950,8,3,2026-02-18T16:37:00Z,2026-02-18T18:06:00Z
951,6,3,2026-02-18T18:36:00Z,2026-02-18T21:01:00Z
952,3,3,2026-02-18T21:21:00Z,2026-02-18T22:58:00Z
953,7,3,2026-02-18T23:18:00Z,2026-02-19T00:59:00Z
954,1,4,2026-02-18T14:00:00Z,2026-02-18T15:58:00Z
955,3,4,2026-02-18T16:18:00Z,2026-02-18T17:55:00Z
956,3,4,2026-02-18T18:20:00Z,2026-02-18T19:57:00Z
957,6,4,2026-02-18T20:17:00Z,2026-02-18T22:42:00Z
958,4,4,2026-02-18T23:12:00Z,2026-02-19T00:57:00Z
959,5,1,2026-02-19T14:00:00Z,2026-02-19T15:50:00Z
960,5,1,2026-02-19T16:10:00Z,2026-02-19T18:00:00Z
961,5,1,2026-02-19T18:20:00Z,2026-02-19T20:10:00Z
962,5,1,2026-02-19T20:30:00Z,2026-02-19T22:20:00Z
963,2,1,2026-02-19T22:50:00Z,2026-02-20T01:02:00Z
964,3,2,2026-02-19T14:00:00Z,2026-02-19T15:37:00Z
965,3,2,2026-02-19T16:07:00Z,2026-02-19T17:44:00Z
966,6,2,2026-02-19T18:04:00Z,2026-02-19T20:29:00Z
967,1,2,2026-02-19T20:59:00Z,2026-02-19T22:57:00Z
968,2,2,2026-02-19T23:17:00Z,2026-02-20T01:29:00Z
969,5,3,2026-02-19T14:00:00Z,2026-02-19T15:50:00Z
970,4,3,2026-02-19T16:20:00Z,2026-02-19T18:05:00Z
971,7,3,2026-02-19T18:35:00Z,2026-02-19T20:16:00Z
972,1,3,2026-02-19T20:46:00Z,2026-02-19T22:44:00Z
973,5,3,2026-02-19T23:09:00Z,2026-02-20T00:59:00Z
974,5,4,2026-02-19T14:00:00Z,2026-02-19T15:50:00Z
975,4,4,2026-02-19T16:15:00Z,2026-02-19T18:00:00Z
976,7,4,2026-02-19T18:30:00Z,2026-02-19T20:11:00Z
977,8,4,2026-02-19T20:36:00Z,2026-02-19T22:05:00Z
978,1,4,2026-02-19T22:25:00Z,2026-02-20T00:23:00Z
979,8,1,2026-02-20T14:00:00Z,2026-02-20T15:29:00Z
980,8,1,2026-02-20T15:54:00Z,2026-02-20T17:23:00Z
981,4,1,2026-02-20T17:48:00Z,2026-02-20T19:33:00Z
982,3,1,2026-02-20T19:58:00Z,2026-02-20T21:35:00Z
983,6,1,2026-02-20T22:00:00Z,2026-02-21T00:25:00Z
984,6,2,2026-02-20T14:00:00Z,2026-02-20T16:25:00Z
985,3,2,2026-02-20T16:50:00Z,2026-02-20T18:27:00Z
986,2,2,2026-02-20T18:52:00Z,2026-02-20T21:04:00Z
987,4,2,2026-02-20T21:29:00Z,2026-02-20T23:14:00Z
988,2,2,2026-02-20T23:39:00Z,2026-02-21T01:51:00Z
989,8,3,2026-02-20T14:00:00Z,2026-02-20T15:29:00Z
990,3,3,2026-02-20T15:49:00Z,2026-02-20T17:26:00Z
991,1,3,2026-02-20T17:46:00Z,2026-02-20T19:44:00Z
992,7,3,2026-02-20T20:09:00Z,2026-02-20T21:50:00Z
993,7,3,2026-02-20T22:20:00Z,2026-02-21T00:01:00Z
994,3,4,2026-02-20T14:00:00Z,2026-02-20T15:37:00Z
995,6,4,2026-02-20T16:02:00Z,2026-02-20T18:27:00Z
996,3,4,2026-02-20T18:47:00Z,2026-02-20T20:24:00Z
997,8,4,2026-02-20T20:49:00Z,2026-02-20T22:18:00Z
998,5,4,2026-02-20T22:43:00Z,2026-02-21T00:33:00Z
999,1,1,2026-02-21T14:00:00Z,2026-02-21T15:58:00Z
1000,7,1,2026-02-21T16:18:00Z,2026-02-21T17:59:00Z
1001,8,1,2026-02-21T18:29:00Z,2026-02-21T19:58:00Z
1002,4,1,2026-02-21T20:18:00Z,2026-02-21T22:03:00Z
1003,6,1,2026-02-21T22:33:00Z,2026-02-22T00:58:00Z
1004,1,2,2026-02-21T14:00:00Z,2026-02-21T15:58:00Z
1005,8,2,2026-02-21T16:23:00Z,2026-02-21T17:52:00Z
1006,8,2,2026-02-21T18:22:00Z,2026-02-21T19:51:00Z
1007,1,2,2026-02-21T20:16:00Z,2026-02-21T22:14:00Z
1008,7,2,2026-02-21T22:34:00Z,2026-02-22T00:15:00Z
1009,5,3,2026-02-21T14:00:00Z,2026-02-21T15:50:00Z
1010,6,3,2026-02-21T16:20:00Z,2026-02-21T18:45:00Z
1011,6,3,2026-02-21T19:10:00Z,2026-02-21T21:35:00Z
1012,7,3,2026-02-21T21:55:00Z,2026-02-21T23:36:00Z
1013,4,3,2026-02-21T23:56:00Z,2026-02-22T01:41:00Z
1014,5,4,2026-02-21T14:00:00Z,2026-02-21T15:50:00Z
1015,7,4,2026-02-21T16:10:00Z,2026-02-21T17:51:00Z
1016,8,4,2026-02-21T18:21:00Z,2026-02-21T19:50:00Z
1017,5,4,2026-02-21T20:20:00Z,2026-02-21T22:10:00Z
1018,2,4,2026-02-21T22:40:00Z,2026-02-22T00:52:00Z
1019,2,1,2026-02-22T14:00:00Z,2026-02-22T16:12:00Z
1020,6,1,2026-02-22T16:37:00Z,2026-02-22T19:02:00Z
1021,6,1,2026-02-22T19:27:00Z,2026-02-22T21:52:00Z
1022,4,1,2026-02-22T22:12:00Z,2026-02-22T23:57:00Z
1023,7,2,2026-02-22T14:00:00Z,2026-02-22T15:41:00Z
1024,1,2,2026-02-22T16:11:00Z,2026-02-22T18:09:00Z
1025,1,2,2026-02-22T18:29:00Z,2026-02-22T20:27:00Z
1026,6,2,2026-02-22T20:47:00Z,2026-02-22T23:12:00Z
1027,8,2,2026-02-22T23:37:00Z,2026-02-23T01:06:00Z
1028,3,3,2026-02-22T14:00:00Z,2026-02-22T15:37:00Z
1029,6,3,2026-02-22T16:02:00Z,2026-02-22T18:27:00Z
1030,7,3,2026-02-22T18:47:00Z,2026-02-22T20:28:00Z
1031,5,3,2026-02-22T20:58:00Z,2026-02-22T22:48:00Z
1032,6,3,2026-02-22T23:18:00Z,2026-02-23T01:43:00Z
1033,8,4,2026-02-22T14:00:00Z,2026-02-22T15:29:00Z
1034,5,4,2026-02-22T15:59:00Z,2026-02-22T17:49:00Z
1035,1,4,2026-02-22T18:14:00Z,2026-02-22T20:12:00Z
1036,6,4,2026-02-22T20:37:00Z,2026-02-22T23:02:00Z
1037,2,4,2026-02-22T23:32:00Z,2026-02-23T01:44:00Z
1038,5,1,2026-02-23T14:00:00Z,2026-02-23T15:50:00Z
1039,1,1,2026-02-23T16:20:00Z,2026-02-23T18:18:00Z
1040,8,1,2026-02-23T18:48:00Z,2026-02-23T20:17:00Z
1041,4,1,2026-02-23T20:42:00Z,2026-02-23T22:27:00Z
1042,1,1,2026-02-23T22:57:00Z,2026-02-24T00:55:00Z
1043,8,2,2026-02-23T14:00:00Z,2026-02-23T15:29:00Z
1044,7,2,2026-02-23T15:49:00Z,2026-02-23T17:30:00Z
1045,4,2,2026-02-23T17:50:00Z,2026-02-23T19:35:00Z
1046,2,2,2026-02-23T19:55:00Z,2026-02-23T22:07:00Z
1047,1,2,2026-02-23T22:27:00Z,2026-02-24T00:25:00Z
1048,6,3,2026-02-23T14:00:00Z,2026-02-23T16:25:00Z
1049,3,3,2026-02-23T16:50:00Z,2026-02-23T18:27:00Z
1050,4,3,2026-02-23T18:52:00Z,2026-02-23T20:37:00Z
1051,8,3,2026-02-23T21:02:00Z,2026-02-23T22:31:00Z
1052,1,3,2026-02-23T23:01:00Z,2026-02-24T00:59:00Z
1053,3,4,2026-02-23T14:00:00Z,2026-02-23T15:37:00Z
1054,4,4,2026-02-23T16:07:00Z,2026-02-23T17:52:00Z
1055,6,4,2026-02-23T18:22:00Z,2026-02-23T20:47:00Z
1056,8,4,2026-02-23T21:17:00Z,2026-02-23T22:46:00Z
1057,7,4,2026-02-23T23:16:00Z,2026-02-24T00:57:00Z
1058,3,1,2026-02-24T14:00:00Z,2026-02-24T15:37:00Z
1059,6,1,2026-02-24T16:02:00Z,2026-02-24T18:27:00Z
1060,6,1,2026-02-24T18:57:00Z,2026-02-24T21:22:00Z
1061,5,1,2026-02-24T21:52:00Z,2026-02-24T23:42:00Z
1062,8,2,2026-02-24T14:00:00Z,2026-02-24T15:29:00Z
1063,4,2,2026-02-24T15:49:00Z,2026-02-24T17:34:00Z
1064,5,2,2026-02-24T17:59:00Z,2026-02-24T19:49:00Z
1065,5,2,2026-02-24T20:09:00Z,2026-02-24T21:59:00Z
1066,4,2,2026-02-24T22:24:00Z,2026-02-25T00:09:00Z
1067,8,3,2026-02-24T14:00:00Z,2026-02-24T15:29:00Z
1068,8,3,2026-02-24T15:54:00Z,2026-02-24T17:23:00Z
1069,5,3,2026-02-24T17:48:00Z,2026-02-24T19:38:00Z
1070,2,3,2026-02-24T20:03:00Z,2026-02-24T22:15:00Z
1071,7,3,2026-02-24T22:45:00Z,2026-02-25T00:26:00Z
1072,6,4,2026-02-24T14:00:00Z,2026-02-24T16:25:00Z
1073,5,4,2026-02-24T16:45:00Z,2026-02-24T18:35:00Z
1074,5,4,2026-02-24T18:55:00Z,2026-02-24T20:45:00Z
1075,2,4,2026-02-24T21:15:00Z,2026-02-24T23:27:00Z
1076,8,4,2026-02-24T23:52:00Z,2026-02-25T01:21:00Z
1077,5,1,2026-02-25T14:00:00Z,2026-02-25T15:50:00Z
1078,8,1,2026-02-25T16:20:00Z,2026-02-25T17:49:00Z
1079,4,1,2026-02-25T18:09:00Z,2026-02-25T19:54:00Z
1080,5,1,2026-02-25T20:24:00Z,2026-02-25T22:14:00Z
1081,5,1,2026-02-25T22:44:00Z,2026-02-26T00:34:00Z
1082,2,2,2026-02-25T14:00:00Z,2026-02-25T16:12:00Z
1083,4,2,2026-02-25T16:42:00Z,2026-02-25T18:27:00Z
1084,1,2,2026-02-25T18:47:00Z,2026-02-25T20:45:00Z
1085,4,2,2026-02-25T21:15:00Z,2026-02-25T23:00:00Z
1086,4,2,2026-02-25T23:30:00Z,2026-02-26T01:15:00Z
1087,2,3,2026-02-25T14:00:00Z,2026-02-25T16:12:00Z
1088,6,3,2026-02-25T16:37:00Z,2026-02-25T19:02:00Z
1089,8,3,2026-02-25T19:32:00Z,2026-02-25T21:01:00Z
1090,3,3,2026-02-25T21:21:00Z,2026-02-25T22:58:00Z
1091,3,3,2026-02-25T23:18:00Z,2026-02-26T00:55:00Z
1092,8,4,2026-02-25T14:00:00Z,2026-02-25T15:29:00Z
1093,4,4,2026-02-25T15:54:00Z,2026-02-25T17:39:00Z
1094,6,4,2026-02-25T18:04:00Z,2026-02-25T20:29:00Z
1095,1,4,2026-02-25T20:54:00Z,2026-02-25T22:52:00Z
1096,4,4,2026-02-25T23:12:00Z,2026-02-26T00:57:00Z
1097,1,1,2026-02-26T14:00:00Z,2026-02-26T15:58:00Z
1098,7,1,2026-02-26T16:18:00Z,2026-02-26T17:59:00Z
1099,1,1,2026-02-26T18:19:00Z,2026-02-26T20:17:00Z
1100,8,1,2026-02-26T20:42:00Z,2026-02-26T22:11:00Z
1101,5,1,2026-02-26T22:31:00Z,2026-02-27T00:21:00Z
1102,1,2,2026-02-26T14:00:00Z,2026-02-26T15:58:00Z
1103,2,2,2026-02-26T16:23:00Z,2026-02-26T18:35:00Z
1104,5,2,2026-02-26T19:00:00Z,2026-02-26T20:50:00Z
1105,8,2,2026-02-26T21:15:00Z,2026-02-26T22:44:00Z
1106,8,2,2026-02-26T23:04:00Z,2026-02-27T00:33:00Z
1107,4,3,2026-02-26T14:00:00Z,2026-02-26T15:45:00Z
1108,6,3,2026-02-26T16:05:00Z,2026-02-26T18:30:00Z
1109,8,3,2026-02-26T18:50:00Z,2026-02-26T20:19:00Z
1110,5,3,2026-02-26T20:49:00Z,2026-02-26T22:39:00Z
1111,3,3,2026-02-26T23:09:00Z,2026-02-27T00:46:00Z
1112,6,4,2026-02-26T14:00:00Z,2026-02-26T16:25:00Z
1113,4,4,2026-02-26T16:50:00Z,2026-02-26T18:35:00Z
1114,7,4,2026-02-26T18:55:00Z,2026-02-26T20:36:00Z
1115,6,4,2026-02-26T21:01:00Z,2026-02-26T23:26:00Z
1116,7,4,2026-02-26T23:46:00Z,2026-02-27T01:27:00Z
1117,2,1,2026-02-27T14:00:00Z,2026-02-27T16:12:00Z
1118,3,1,2026-02-27T16:32:00Z,2026-02-27T18:09:00Z
1119,6,1,2026-02-27T18:34:00Z,2026-02-27T20:59:00Z
1120,1,1,2026-02-27T21:19:00Z,2026-02-27T23:17:00Z
1121,7,1,2026-02-27T23:42:00Z,2026-02-28T01:23:00Z
1122,8,2,2026-02-27T14:00:00Z,2026-02-27T15:29:00Z
1123,6,2,2026-02-27T15:54:00Z,2026-02-27T18:19:00Z
1124,1,2,2026-02-27T18:44:00Z,2026-02-27T20:42:00Z
1125,6,2,2026-02-27T21:07:00Z,2026-02-27T23:32:00Z
1126,4,3,2026-02-27T14:00:00Z,2026-02-27T15:45:00Z
1127,2,3,2026-02-27T16:05:00Z,2026-02-27T18:17:00Z
1128,5,3,2026-02-27T18:42:00Z,2026-02-27T20:32:00Z
1129,7,3,2026-02-27T20:52:00Z,2026-02-27T22:33:00Z
1130,5,3,2026-02-27T23:03:00Z,2026-02-28T00:53:00Z
1131,2,4,2026-02-27T14:00:00Z,2026-02-27T16:12:00Z
1132,5,4,2026-02-27T16:42:00Z,2026-02-27T18:32:00Z
1133,4,4,2026-02-27T18:57:00Z,2026-02-27T20:42:00Z
1134,3,4,2026-02-27T21:02:00Z,2026-02-27T22:39:00Z
1135,3,4,2026-02-27T23:04:00Z,2026-02-28T00:41:00Z
1136,6,1,2026-02-28T14:00:00Z,2026-02-28T16:25:00Z
1137,8,1,2026-02-28T16:50:00Z,2026-02-28T18:19:00Z
1138,4,1,2026-02-28T18:49:00Z,2026-02-28T20:34:00Z
1139,2,1,2026-02-28T20:54:00Z,2026-02-28T23:06:00Z
1140,8,1,2026-02-28T23:36:00Z,2026-03-01T01:05:00Z
1141,6,2,2026-02-28T14:00:00Z,2026-02-28T16:25:00Z
1142,2,2,2026-02-28T16:45:00Z,2026-02-28T18:57:00Z
1143,4,2,2026-02-28T19:17:00Z,2026-02-28T21:02:00Z
1144,3,2,2026-02-28T21:32:00Z,2026-02-28T23:09:00Z
1145,6,2,2026-02-28T23:29:00Z,2026-03-01T01:54:00Z
1146,8,3,2026-02-28T14:00:00Z,2026-02-28T15:29:00Z
1147,4,3,2026-02-28T15:49:00Z,2026-02-28T17:34:00Z
1148,8,3,2026-02-28T18:04:00Z,2026-02-28T19:33:00Z
1149,8,3,2026-02-28T19:53:00Z,2026-02-28T21:22:00Z
1150,8,3,2026-02-28T21:42:00Z,2026-02-28T23:11:00Z
1151,7,3,2026-02-28T23:31:00Z,2026-03-01T01:12:00Z
1152,1,4,2026-02-28T14:00:00Z,2026-02-28T15:58:00Z
1153,8,4,2026-02-28T16:28:00Z,2026-02-28T17:57:00Z
1154,5,4,2026-02-28T18:27:00Z,2026-02-28T20:17:00Z
1155,1,4,2026-02-28T20:47:00Z,2026-02-28T22:45:00Z
1156,5,4,2026-02-28T23:10:00Z,2026-03-01T01:00:00Z
1157,4,1,2026-03-01T14:00:00Z,2026-03-01T15:45:00Z
1158,2,1,2026-03-01T16:15:00Z,2026-03-01T18:27:00Z
1159,7,1,2026-03-01T18:47:00Z,2026-03-01T20:28:00Z
1160,2,1,2026-03-01T20:53:00Z,2026-03-01T23:05:00Z
1161,1,1,2026-03-01T23:35:00Z,2026-03-02T01:33:00Z
1162,8,2,2026-03-01T14:00:00Z,2026-03-01T15:29:00Z
1163,5,2,2026-03-01T15:49:00Z,2026-03-01T17:39:00Z
1164,3,2,2026-03-01T18:04:00Z,2026-03-01T19:41:00Z
1165,7,2,2026-03-01T20:01:00Z,2026-03-01T21:42:00Z
1166,7,2,2026-03-01T22:07:00Z,2026-03-01T23:48:00Z
1167,7,3,2026-03-01T14:00:00Z,2026-03-01T15:41:00Z
1168,2,3,2026-03-01T16:06:00Z,2026-03-01T18:18:00Z
1169,3,3,2026-03-01T18:48:00Z,2026-03-01T20:25:00Z
1170,6,3,2026-03-01T20:55:00Z,2026-03-01T23:20:00Z
1171,3,3,2026-03-01T23:40:00Z,2026-03-02T01:17:00Z
1172,7,4,2026-03-01T14:00:00Z,2026-03-01T15:41:00Z
1173,3,4,2026-03-01T16:11:00Z,2026-03-01T17:48:00Z
1174,4,4,2026-03-01T18:18:00Z,2026-03-01T20:03:00Z
1175,1,4,2026-03-01T20:23:00Z,2026-03-01T22:21:00Z
1176,8,4,2026-03-01T22:46:00Z,2026-03-02T00:15:00Z
1177,7,1,2026-03-02T14:00:00Z,2026-03-02T15:41:00Z
1178,7,1,2026-03-02T16:11:00Z,2026-03-02T17:52:00Z
1179,4,1,2026-03-02T18:12:00Z,2026-03-02T19:57:00Z
1180,6,1,2026-03-02T20:22:00Z,2026-03-02T22:47:00Z
1181,5,1,2026-03-02T23:07:00Z,2026-03-03T00:57:00Z
1182,2,2,2026-03-02T14:00:00Z,2026-03-02T16:12:00Z
1183,7,2,2026-03-02T16:32:00Z,2026-03-02T18:13:00Z
1184,1,2,2026-03-02T18:43:00Z,2026-03-02T20:41:00Z
1185,4,2,2026-03-02T21:01:00Z,2026-03-02T22:46:00Z
1186,2,2,2026-03-02T23:06:00Z,2026-03-03T01:18:00Z
1187,1,3,2026-03-02T14:00:00Z,2026-03-02T15:58:00Z
1188,1,3,2026-03-02T16:23:00Z,2026-03-02T18:21:00Z
1189,1,3,2026-03-02T18:41:00Z,2026-03-02T20:39:00Z
1190,8,3,2026-03-02T21:04:00Z,2026-03-02T22:33:00Z
1191,4,3,2026-03-02T22:53:00Z,2026-03-03T00:38:00Z
1192,3,4,2026-03-02T14:00:00Z,2026-03-02T15:37:00Z
1193,5,4,2026-03-02T16:07:00Z,2026-03-02T17:57:00Z
1194,6,4,2026-03-02T18:17:00Z,2026-03-02T20:42:00Z
1195,6,4,2026-03-02T21:12:00Z,2026-03-02T23:37:00Z
1196,5,4,2026-03-02T23:57:00Z,2026-03-03T01:47:00Z
1197,4,1,2026-03-03T14:00:00Z,2026-03-03T15:45:00Z
1198,5,1,2026-03-03T16:10:00Z,2026-03-03T18:00:00Z
1199,1,1,2026-03-03T18:25:00Z,2026-03-03T20:23:00Z
1200,3,1,2026-03-03T20:53:00Z,2026-03-03T22:30:00Z
1201,7,1,2026-03-03T23:00:00Z,2026-03-04T00:41:00Z
1202,8,2,2026-03-03T14:00:00Z,2026-03-03T15:29:00Z
1203,6,2,2026-03-03T15:49:00Z,2026-03-03T18:14:00Z
1204,7,2,2026-03-03T18:44:00Z,2026-03-03T20:25:00Z
1205,6,2,2026-03-03T20:55:00Z,2026-03-03T23:20:00Z
1206,7,2,2026-03-03T23:50:00Z,2026-03-04T01:31:00Z
1207,3,3,2026-03-03T14:00:00Z,2026-03-03T15:37:00Z
1208,7,3,2026-03-03T16:02:00Z,2026-03-03T17:43:00Z
1209,8,3,2026-03-03T18:03:00Z,2026-03-03T19:32:00Z
1210,4,3,2026-03-03T19:52:00Z,2026-03-03T21:37:00Z
1211,3,3,2026-03-03T22:02:00Z,2026-03-03T23:39:00Z
1212,1,4,2026-03-03T14:00:00Z,2026-03-03T15:58:00Z
1213,7,4,2026-03-03T16:28:00Z,2026-03-03T18:09:00Z
1214,3,4,2026-03-03T18:34:00Z,2026-03-03T20:11:00Z
1215,4,4,2026-03-03T20:36:00Z,2026-03-03T22:21:00Z
1216,4,4,2026-03-03T22:46:00Z,2026-03-04T00:31:00Z
1217,2,1,2026-03-04T14:00:00Z,2026-03-04T16:12:00Z
1218,6,1,2026-03-04T16:37:00Z,2026-03-04T19:02:00Z
1219,4,1,2026-03-04T19:22:00Z,2026-03-04T21:07:00Z
1220,5,1,2026-03-04T21:27:00Z,2026-03-04T23:17:00Z
1221,1,1,2026-03-04T23:42:00Z,2026-03-05T01:40:00Z
1222,4,2,2026-03-04T14:00:00Z,2026-03-04T15:45:00Z
1223,4,2,2026-03-04T16:15:00Z,2026-03-04T18:00:00Z
1224,4,2,2026-03-04T18:25:00Z,2026-03-04T20:10:00Z
1225,5,2,2026-03-04T20:35:00Z,2026-03-04T22:25:00Z
1226,4,2,2026-03-04T22:45:00Z,2026-03-05T00:30:00Z
1227,2,3,2026-03-04T14:00:00Z,2026-03-04T16:12:00Z
1228,8,3,2026-03-04T16:42:00Z,2026-03-04T18:11:00Z
1229,4,3,2026-03-04T18:31:00Z,2026-03-04T20:16:00Z
1230,4,3,2026-03-04T20:41:00Z,2026-03-04T22:26:00Z
1231,6,3,2026-03-04T22:56:00Z,2026-03-05T01:21:00Z
1232,7,4,2026-03-04T14:00:00Z,2026-03-04T15:41:00Z
1233,6,4,2026-03-04T16:06:00Z,2026-03-04T18:31:00Z
1234,5,4,2026-03-04T18:56:00Z,2026-03-04T20:46:00Z
1235,8,4,2026-03-04T21:11:00Z,2026-03-04T22:40:00Z
1236,2,4,2026-03-04T23:05:00Z,2026-03-05T01:17:00Z
1237,8,1,2026-03-05T14:00:00Z,2026-03-05T15:29:00Z
1238,4,1,2026-03-05T15:54:00Z,2026-03-05T17:39:00Z
1239,6,1,2026-03-05T18:04:00Z,2026-03-05T20:29:00Z
1240,1,1,2026-03-05T20:54:00Z,2026-03-05T22:52:00Z
1241,4,1,2026-03-05T23:22:00Z,2026-03-06T01:07:00Z
1242,3,2,2026-03-05T14:00:00Z,2026-03-05T15:37:00Z
1243,5,2,2026-03-05T15:57:00Z,2026-03-05T17:47:00Z
1244,7,2,2026-03-05T18:17:00Z,2026-03-05T19:58:00Z
1245,3,2,2026-03-05T20:23:00Z,2026-03-05T22:00:00Z
1246,6,2,2026-03-05T22:20:00Z,2026-03-06T00:45:00Z
1247,7,3,2026-03-05T14:00:00Z,2026-03-05T15:41:00Z
1248,4,3,2026-03-05T16:11:00Z,2026-03-05T17:56:00Z
1249,6,3,2026-03-05T18:21:00Z,2026-03-05T20:46:00Z
1250,8,3,2026-03-05T21:11:00Z,2026-03-05T22:40:00Z
1251,8,3,2026-03-05T23:10:00Z,2026-03-06T00:39:00Z
1252,3,4,2026-03-05T14:00:00Z,2026-03-05T15:37:00Z
1253,6,4,2026-03-05T16:07:00Z,2026-03-05T18:32:00Z
1254,3,4,2026-03-05T18:52:00Z,2026-03-05T20:29:00Z
1255,8,4,2026-03-05T20:59:00Z,2026-03-05T22:28:00Z
1256,1,4,2026-03-05T22:48:00Z,2026-03-06T00:46:00Z
1257,1,1,2026-03-06T14:00:00Z,2026-03-06T15:58:00Z
1258,1,1,2026-03-06T16:18:00Z,2026-03-06T18:16:00Z
1259,7,1,2026-03-06T18:36:00Z,2026-03-06T20:17:00Z
1260,4,1,2026-03-06T20:37:00Z,2026-03-06T22:22:00Z
1261,3,1,2026-03-06T22:42:00Z,2026-03-07T00:19:00Z
1262,4,2,2026-03-06T14:00:00Z,2026-03-06T15:45:00Z
1263,8,2,2026-03-06T16:15:00Z,2026-03-06T17:44:00Z
1264,1,2,2026-03-06T18:09:00Z,2026-03-06T20:07:00Z
1265,8,2,2026-03-06T20:37:00Z,2026-03-06T22:06:00Z
1266,8,2,2026-03-06T22:36:00Z,2026-03-07T00:05:00Z
1267,1,3,2026-03-06T14:00:00Z,2026-03-06T15:58:00Z
1268,7,3,2026-03-06T16:28:00Z,2026-03-06T18:09:00Z
1269,1,3,2026-03-06T18:29:00Z,2026-03-06T20:27:00Z
1270,5,3,2026-03-06T20:57:00Z,2026-03-06T22:47:00Z
1271,5,3,2026-03-06T23:17:00Z,2026-03-07T01:07:00Z
1272,7,4,2026-03-06T14:00:00Z,2026-03-06T15:41:00Z
1273,2,4,2026-03-06T16:01:00Z,2026-03-06T18:13:00Z
1274,3,4,2026-03-06T18:33:00Z,2026-03-06T20:10:00Z
1275,4,4,2026-03-06T20:30:00Z,2026-03-06T22:15:00Z
1276,5,4,2026-03-06T22:45:00Z,2026-03-07T00:35:00Z
1277,5,1,2026-03-07T14:00:00Z,2026-03-07T15:50:00Z
1278,2,1,2026-03-07T16:15:00Z,2026-03-07T18:27:00Z
1279,7,1,2026-03-07T18:52:00Z,2026-03-07T20:33:00Z
1280,4,1,2026-03-07T20:58:00Z,2026-03-07T22:43:00Z
1281,4,1,2026-03-07T23:13:00Z,2026-03-08T00:58:00Z
1282,2,2,2026-03-07T14:00:00Z,2026-03-07T16:12:00Z
1283,1,2,2026-03-07T16:42:00Z,2026-03-07T18:40:00Z
1284,7,2,2026-03-07T19:00:00Z,2026-03-07T20:41:00Z
1285,7,2,2026-03-07T21:06:00Z,2026-03-07T22:47:00Z
1286,8,2,2026-03-07T23:17:00Z,2026-03-08T00:46:00Z
1287,1,3,2026-03-07T14:00:00Z,2026-03-07T15:58:00Z
1288,3,3,2026-03-07T16:28:00Z,2026-03-07T18:05:00Z
1289,8,3,2026-03-07T18:25:00Z,2026-03-07T19:54:00Z
1290,6,3,2026-03-07T20:19:00Z,2026-03-07T22:44:00Z
1291,2,3,2026-03-07T23:14:00Z,2026-03-08T01:26:00Z
1292,1,4,2026-03-07T14:00:00Z,2026-03-07T15:58:00Z
1293,4,4,2026-03-07T16:18:00Z,2026-03-07T18:03:00Z
1294,8,4,2026-03-07T18:33:00Z,2026-03-07T20:02:00Z
1295,1,4,2026-03-07T20:27:00Z,2026-03-07T22:25:00Z
1296,5,4,2026-03-07T22:45:00Z,2026-03-08T00:35:00Z
1297,1,1,2026-03-08T14:00:00Z,2026-03-08T15:58:00Z
1298,6,1,2026-03-08T16:18:00Z,2026-03-08T18:43:00Z
1299,4,1,2026-03-08T19:03:00Z,2026-03-08T20:48:00Z
1300,3,1,2026-03-08T21:18:00Z,2026-03-08T22:55:00Z
1301,7,1,2026-03-08T23:25:00Z,2026-03-09T01:06:00Z
1302,5,2,2026-03-08T14:00:00Z,2026-03-08T15:50:00Z
1303,4,2,2026-03-08T16:10:00Z,2026-03-08T17:55:00Z
1304,7,2,2026-03-08T18:25:00Z,2026-03-08T20:06:00Z
1305,6,2,2026-03-08T20:36:00Z,2026-03-08T23:01:00Z
1306,3,2,2026-03-08T23:26:00Z,2026-03-09T01:03:00Z
1307,2,3,2026-03-08T14:00:00Z,2026-03-08T16:12:00Z
1308,6,3,2026-03-08T16:42:00Z,2026-03-08T19:07:00Z
1309,2,3,2026-03-08T19:27:00Z,2026-03-08T21:39:00Z
1310,4,3,2026-03-08T22:04:00Z,2026-03-08T23:49:00Z
1311,6,4,2026-03-08T14:00:00Z,2026-03-08T16:25:00Z
1312,7,4,2026-03-08T16:55:00Z,2026-03-08T18:36:00Z
1313,1,4,2026-03-08T19:01:00Z,2026-03-08T20:59:00Z
1314,5,4,2026-03-08T21:29:00Z,2026-03-08T23:19:00Z
1315,8,4,2026-03-08T23:44:00Z,2026-03-09T01:13:00Z
1316,6,1,2026-03-09T14:00:00Z,2026-03-09T16:25:00Z
1317,7,1,2026-03-09T16:55:00Z,2026-03-09T18:36:00Z
1318,3,1,2026-03-09T19:01:00Z,2026-03-09T20:38:00Z
1319,7,1,2026-03-09T21:08:00Z,2026-03-09T22:49:00Z
1320,5,1,2026-03-09T23:09:00Z,2026-03-10T00:59:00Z
1321,2,2,2026-03-09T14:00:00Z,2026-03-09T16:12:00Z
1322,5,2,2026-03-09T16:32:00Z,2026-03-09T18:22:00Z
1323,7,2,2026-03-09T18:42:00Z,2026-03-09T20:23:00Z
1324,3,2,2026-03-09T20:53:00Z,2026-03-09T22:30:00Z
1325,7,2,2026-03-09T23:00:00Z,2026-03-10T00:41:00Z
1326,6,3,2026-03-09T14:00:00Z,2026-03-09T16:25:00Z
1327,2,3,2026-03-09T16:45:00Z,2026-03-09T18:57:00Z
1328,5,3,2026-03-09T19:17:00Z,2026-03-09T21:07:00Z
1329,6,3,2026-03-09T21:32:00Z,2026-03-09T23:57:00Z
1330,2,4,2026-03-09T14:00:00Z,2026-03-09T16:12:00Z
1331,2,4,2026-03-09T16:32:00Z,2026-03-09T18:44:00Z
1332,7,4,2026-03-09T19:04:00Z,2026-03-09T20:45:00Z
1333,7,4,2026-03-09T21:10:00Z,2026-03-09T22:51:00Z
1334,1,4,2026-03-09T23:11:00Z,2026-03-10T01:09:00Z
1335,6,1,2026-03-10T14:00:00Z,2026-03-10T16:25:00Z
1336,2,1,2026-03-10T16:55:00Z,2026-03-10T19:07:00Z
1337,6,1,2026-03-10T19:37:00Z,2026-03-10T22:02:00Z
1338,1,1,2026-03-10T22:27:00Z,2026-03-11T00:25:00Z
1339,7,2,2026-03-10T14:00:00Z,2026-03-10T15:41:00Z
1340,2,2,2026-03-10T16:06:00Z,2026-03-10T18:18:00Z
1341,4,2,2026-03-10T18:48:00Z,2026-03-10T20:33:00Z
1342,3,2,2026-03-10T21:03:00Z,2026-03-10T22:40:00Z
1343,7,2,2026-03-10T23:10:00Z,2026-03-11T00:51:00Z
1344,3,3,2026-03-10T14:00:00Z,2026-03-10T15:37:00Z
1345,5,3,2026-03-10T16:02:00Z,2026-03-10T17:52:00Z
1346,8,3,2026-03-10T18:17:00Z,2026-03-10T19:46:00Z
1347,2,3,2026-03-10T20:06:00Z,2026-03-10T22:18:00Z
1348,7,3,2026-03-10T22:38:00Z,2026-03-11T00:19:00Z
1349,7,4,2026-03-10T14:00:00Z,2026-03-10T15:41:00Z
1350,8,4,2026-03-10T16:06:00Z,2026-03-10T17:35:00Z
1351,6,4,2026-03-10T17:55:00Z,2026-03-10T20:20:00Z
1352,4,4,2026-03-10T20:45:00Z,2026-03-10T22:30:00Z
1353,8,4,2026-03-10T23:00:00Z,2026-03-11T00:29:00Z
1354,4,1,2026-03-11T14:00:00Z,2026-03-11T15:45:00Z
1355,2,1,2026-03-11T16:10:00Z,2026-03-11T18:22:00Z
1356,5,1,2026-03-11T18:42:00Z,2026-03-11T20:32:00Z
1357,7,1,2026-03-11T20:52:00Z,2026-03-11T22:33:00Z
1358,7,1,2026-03-11T22:58:00Z,2026-03-12T00:39:00Z
1359,8,2,2026-03-11T14:00:00Z,2026-03-11T15:29:00Z
1360,7,2,2026-03-11T15:54:00Z,2026-03-11T17:35:00Z
1361,3,2,2026-03-11T18:05:00Z,2026-03-11T19:42:00Z
1362,6,2,2026-03-11T20:07:00Z,2026-03-11T22:32:00Z
1363,4,2,2026-03-11T23:02:00Z,2026-03-12T00:47:00Z
1364,6,3,2026-03-11T14:00:00Z,2026-03-11T16:25:00Z
1365,7,3,2026-03-11T16:45:00Z,2026-03-11T18:26:00Z
1366,5,3,2026-03-11T18:51:00Z,2026-03-11T20:41:00Z
1367,8,3,2026-03-11T21:11:00Z,2026-03-11T22:40:00Z
1368,4,3,2026-03-11T23:10:00Z,2026-03-12T00:55:00Z
1369,7,4,2026-03-11T14:00:00Z,2026-03-11T15:41:00Z
1370,7,4,2026-03-11T16:06:00Z,2026-03-11T17:47:00Z
1371,2,4,2026-03-11T18:12:00Z,2026-03-11T20:24:00Z
1372,4,4,2026-03-11T20:54:00Z,2026-03-11T22:39:00Z
1373,3,4,2026-03-11T23:09:00Z,2026-03-12T00:46:00Z
1374,1,1,2026-03-12T14:00:00Z,2026-03-12T15:58:00Z
1375,8,1,2026-03-12T16:28:00Z,2026-03-12T17:57:00Z
1376,4,1,2026-03-12T18:27:00Z,2026-03-12T20:12:00Z
1377,5,1,2026-03-12T20:37:00Z,2026-03-12T22:27:00Z
1378,2,1,2026-03-12T22:57:00Z,2026-03-13T01:09:00Z
1379,8,2,2026-03-12T14:00:00Z,2026-03-12T15:29:00Z
1380,5,2,2026-03-12T15:49:00Z,2026-03-12T17:39:00Z
1381,5,2,2026-03-12T17:59:00Z,2026-03-12T19:49:00Z
1382,3,2,2026-03-12T20:19:00Z,2026-03-12T21:56:00Z
1383,7,2,2026-03-12T22:26:00Z,2026-03-13T00:07:00Z
1384,2,3,2026-03-12T14:00:00Z,2026-03-12T16:12:00Z
1385,8,3,2026-03-12T16:37:00Z,2026-03-12T18:06:00Z
1386,7,3,2026-03-12T18:36:00Z,2026-03-12T20:17:00Z
1387,7,3,2026-03-12T20:47:00Z,2026-03-12T22:28:00Z
1388,1,3,2026-03-12T22:58:00Z,2026-03-13T00:56:00Z
1389,2,4,2026-03-12T14:00:00Z,2026-03-12T16:12:00Z
1390,4,4,2026-03-12T16:32:00Z,2026-03-12T18:17:00Z
1391,6,4,2026-03-12T18:47:00Z,2026-03-12T21:12:00Z
1392,1,4,2026-03-12T21:32:00Z,2026-03-12T23:30:00Z
1393,7,1,2026-03-13T14:00:00Z,2026-03-13T15:41:00Z
1394,7,1,2026-03-13T16:06:00Z,2026-03-13T17:47:00Z
1395,1,1,2026-03-13T18:07:00Z,2026-03-13T20:05:00Z
1396,5,1,2026-03-13T20:25:00Z,2026-03-13T22:15:00Z
1397,4,1,2026-03-13T22:35:00Z,2026-03-14T00:20:00Z
1398,6,2,2026-03-13T14:00:00Z,2026-03-13T16:25:00Z
1399,8,2,2026-03-13T16:50:00Z,2026-03-13T18:19:00Z
1400,3,2,2026-03-13T18:49:00Z,2026-03-13T20:26:00Z
1401,1,2,2026-03-13T20:51:00Z,2026-03-13T22:49:00Z
1402,2,2,2026-03-13T23:14:00Z,2026-03-14T01:26:00Z
1403,7,3,2026-03-13T14:00:00Z,2026-03-13T15:41:00Z
1404,2,3,2026-03-13T16:01:00Z,2026-03-13T18:13:00Z
1405,3,3,2026-03-13T18:43:00Z,2026-03-13T20:20:00Z
1406,5,3,2026-03-13T20:45:00Z,2026-03-13T22:35:00Z
1407,8,3,2026-03-13T23:00:00Z,2026-03-14T00:29:00Z
1408,8,4,2026-03-13T14:00:00Z,2026-03-13T15:29:00Z
1409,8,4,2026-03-13T15:54:00Z,2026-03-13T17:23:00Z
1410,8,4,2026-03-13T17:43:00Z,2026-03-13T19:12:00Z
1411,8,4,2026-03-13T19:42:00Z,2026-03-13T21:11:00Z
1412,2,4,2026-03-13T21:36:00Z,2026-03-13T23:48:00Z
1413,1,1,2026-03-14T14:00:00Z,2026-03-14T15:58:00Z
1414,2,1,2026-03-14T16:28:00Z,2026-03-14T18:40:00Z
1415,6,1,2026-03-14T19:00:00Z,2026-03-14T21:25:00Z
1416,2,1,2026-03-14T21:55:00Z,2026-03-15T00:07:00Z
1417,3,2,2026-03-14T14:00:00Z,2026-03-14T15:37:00Z
1418,4,2,2026-03-14T16:07:00Z,2026-03-14T17:52:00Z
1419,3,2,2026-03-14T18:22:00Z,2026-03-14T19:59:00Z
1420,3,2,2026-03-14T20:29:00Z,2026-03-14T22:06:00Z
1421,7,2,2026-03-14T22:31:00Z,2026-03-15T00:12:00Z
1422,4,3,2026-03-14T14:00:00Z,2026-03-14T15:45:00Z
1423,3,3,2026-03-14T16:10:00Z,2026-03-14T17:47:00Z
1424,7,3,2026-03-14T18:07:00Z,2026-03-14T19:48:00Z
1425,1,3,2026-03-14T20:13:00Z,2026-03-14T22:11:00Z
1426,4,3,2026-03-14T22:41:00Z,2026-03-15T00:26:00Z
1427,7,4,2026-03-14T14:00:00Z,2026-03-14T15:41:00Z
1428,1,4,2026-03-14T16:06:00Z,2026-03-14T18:04:00Z
1429,4,4,2026-03-14T18:34:00Z,2026-03-14T20:19:00Z
1430,5,4,2026-03-14T20:39:00Z,2026-03-14T22:29:00Z
1431,2,4,2026-03-14T22:59:00Z,2026-03-15T01:11:00Z
1432,2,1,2026-03-15T14:00:00Z,2026-03-15T16:12:00Z
1433,3,1,2026-03-15T16:42:00Z,2026-03-15T18:19:00Z
1434,6,1,2026-03-15T18:44:00Z,2026-03-15T21:09:00Z
1435,8,1,2026-03-15T21:29:00Z,2026-03-15T22:58:00Z
1436,5,1,2026-03-15T23:18:00Z,2026-03-16T01:08:00Z
1437,8,2,2026-03-15T14:00:00Z,2026-03-15T15:29:00Z
1438,6,2,2026-03-15T15:59:00Z,2026-03-15T18:24:00Z
1439,7,2,2026-03-15T18:54:00Z,2026-03-15T20:35:00Z
1440,7,2,2026-03-15T21:05:00Z,2026-03-15T22:46:00Z
1441,2,2,2026-03-15T23:16:00Z,2026-03-16T01:28:00Z
1442,6,3,2026-03-15T14:00:00Z,2026-03-15T16:25:00Z
1443,3,3,2026-03-15T16:50:00Z,2026-03-15T18:27:00Z
1444,5,3,2026-03-15T18:57:00Z,2026-03-15T20:47:00Z
1445,2,3,2026-03-15T21:17:00Z,2026-03-15T23:29:00Z
1446,3,4,2026-03-15T14:00:00Z,2026-03-15T15:37:00Z
1447,2,4,2026-03-15T16:02:00Z,2026-03-15T18:14:00Z
1448,5,4,2026-03-15T18:34:00Z,2026-03-15T20:24:00Z
1449,3,4,2026-03-15T20:44:00Z,2026-03-15T22:21:00Z
1450,3,4,2026-03-15T22:46:00Z,2026-03-16T00:23:00Z
1451,7,1,2026-03-16T14:00:00Z,2026-03-16T15:41:00Z
1452,3,1,2026-03-16T16:06:00Z,2026-03-16T17:43:00Z
1453,7,1,2026-03-16T18:13:00Z,2026-03-16T19:54:00Z
1454,3,1,2026-03-16T20:19:00Z,2026-03-16T21:56:00Z
1455,3,1,2026-03-16T22:21:00Z,2026-03-16T23:58:00Z
1456,3,2,2026-03-16T14:00:00Z,2026-03-16T15:37:00Z
1457,5,2,2026-03-16T16:02:00Z,2026-03-16T17:52:00Z
1458,3,2,2026-03-16T18:12:00Z,2026-03-16T19:49:00Z
1459,8,2,2026-03-16T20:14:00Z,2026-03-16T21:43:00Z
1460,1,2,2026-03-16T22:13:00Z,2026-03-17T00:11:00Z
1461,1,3,2026-03-16T14:00:00Z,2026-03-16T15:58:00Z
1462,3,3,2026-03-16T16:23:00Z,2026-03-16T18:00:00Z
1463,7,3,2026-03-16T18:20:00Z,2026-03-16T20:01:00Z
1464,8,3,2026-03-16T20:31:00Z,2026-03-16T22:00:00Z
1465,8,3,2026-03-16T22:25:00Z,2026-03-16T23:54:00Z
1466,8,4,2026-03-16T14:00:00Z,2026-03-16T15:29:00Z
1467,3,4,2026-03-16T15:54:00Z,2026-03-16T17:31:00Z
1468,1,4,2026-03-16T17:51:00Z,2026-03-16T19:49:00Z
1469,5,4,2026-03-16T20:09:00Z,2026-03-16T21:59:00Z
1470,5,4,2026-03-16T22:19:00Z,2026-03-17T00:09:00Z
1471,5,1,2026-03-17T14:00:00Z,2026-03-17T15:50:00Z
1472,8,1,2026-03-17T16:10:00Z,2026-03-17T17:39:00Z
1473,8,1,2026-03-17T18:09:00Z,2026-03-17T19:38:00Z
1474,2,1,2026-03-17T20:08:00Z,2026-03-17T22:20:00Z
1475,2,1,2026-03-17T22:50:00Z,2026-03-18T01:02:00Z
1476,6,2,2026-03-17T14:00:00Z,2026-03-17T16:25:00Z
1477,1,2,2026-03-17T16:55:00Z,2026-03-17T18:53:00Z
1478,8,2,2026-03-17T19:23:00Z,2026-03-17T20:52:00Z
1479,4,2,2026-03-17T21:22:00Z,2026-03-17T23:07:00Z
1480,2,2,2026-03-17T23:32:00Z,2026-03-18T01:44:00Z
1481,4,3,2026-03-17T14:00:00Z,2026-03-17T15:45:00Z
1482,1,3,2026-03-17T16:10:00Z,2026-03-17T18:08:00Z
1483,5,3,2026-03-17T18:33:00Z,2026-03-17T20:23:00Z
1484,2,3,2026-03-17T20:48:00Z,2026-03-17T23:00:00Z
1485,2,3,2026-03-17T23:25:00Z,2026-03-18T01:37:00Z
1486,4,4,2026-03-17T14:00:00Z,2026-03-17T15:45:00Z
1487,6,4,2026-03-17T16:15:00Z,2026-03-17T18:40:00Z
1488,7,4,2026-03-17T19:10:00Z,2026-03-17T20:51:00Z
1489,3,4,2026-03-17T21:11:00Z,2026-03-17T22:48:00Z
1490,4,4,2026-03-17T23:08:00Z,2026-03-18T00:53:00Z
1491,6,1,2026-03-18T14:00:00Z,2026-03-18T16:25:00Z
1492,5,1,2026-03-18T16:55:00Z,2026-03-18T18:45:00Z
1493,3,1,2026-03-18T19:15:00Z,2026-03-18T20:52:00Z
1494,5,1,2026-03-18T21:17:00Z,2026-03-18T23:07:00Z
1495,5,1,2026-03-18T23:32:00Z,2026-03-19T01:22:00Z
1496,2,2,2026-03-18T14:00:00Z,2026-03-18T16:12:00Z
1497,7,2,2026-03-18T16:32:00Z,2026-03-18T18:13:00Z
1498,5,2,2026-03-18T18:33:00Z,2026-03-18T20:23:00Z
1499,3,2,2026-03-18T20:53:00Z,2026-03-18T22:30:00Z
1500,3,2,2026-03-18T23:00:00Z,2026-03-19T00:37:00Z
1501,3,3,2026-03-18T14:00:00Z,2026-03-18T15:37:00Z
1502,6,3,2026-03-18T16:07:00Z,2026-03-18T18:32:00Z
1503,7,3,2026-03-18T18:52:00Z,2026-03-18T20:33:00Z
1504,3,3,2026-03-18T20:58:00Z,2026-03-18T22:35:00Z
1505,5,3,2026-03-18T23:05:00Z,2026-03-19T00:55:00Z
1506,7,4,2026-03-18T14:00:00Z,2026-03-18T15:41:00Z
1507,8,4,2026-03-18T16:06:00Z,2026-03-18T17:35:00Z
1508,2,4,2026-03-18T17:55:00Z,2026-03-18T20:07:00Z
1509,5,4,2026-03-18T20:32:00Z,2026-03-18T22:22:00Z
1510,6,4,2026-03-18T22:52:00Z,2026-03-19T01:17:00Z
1511,8,1,2026-03-19T14:00:00Z,2026-03-19T15:29:00Z
1512,1,1,2026-03-19T15:54:00Z,2026-03-19T17:52:00Z
1513,2,1,2026-03-19T18:22:00Z,2026-03-19T20:34:00Z
1514,8,1,2026-03-19T21:04:00Z,2026-03-19T22:33:00Z
1515,6,1,2026-03-19T23:03:00Z,2026-03-20T01:28:00Z
1516,7,2,2026-03-19T14:00:00Z,2026-03-19T15:41:00Z
1517,7,2,2026-03-19T16:01:00Z,2026-03-19T17:42:00Z
1518,8,2,2026-03-19T18:02:00Z,2026-03-19T19:31:00Z
1519,6,2,2026-03-19T19:56:00Z,2026-03-19T22:21:00Z
1520,6,2,2026-03-19T22:46:00Z,2026-03-20T01:11:00Z
1521,3,3,2026-03-19T14:00:00Z,2026-03-19T15:37:00Z
1522,8,3,2026-03-19T16:07:00Z,2026-03-19T17:36:00Z
1523,1,3,2026-03-19T18:01:00Z,2026-03-19T19:59:00Z
1524,2,3,2026-03-19T20:19:00Z,2026-03-19T22:31:00Z
1525,8,3,2026-03-19T23:01:00Z,2026-03-20T00:30:00Z
1526,2,4,2026-03-19T14:00:00Z,2026-03-19T16:12:00Z
1527,8,4,2026-03-19T16:32:00Z,2026-03-19T18:01:00Z
1528,1,4,2026-03-19T18:26:00Z,2026-03-19T20:24:00Z
1529,4,4,2026-03-19T20:49:00Z,2026-03-19T22:34:00Z
1530,3,4,2026-03-19T23:04:00Z,2026-03-20T00:41:00Z
1531,5,1,2026-03-20T14:00:00Z,2026-03-20T15:50:00Z
1532,5,1,2026-03-20T16:10:00Z,2026-03-20T18:00:00Z
1533,6,1,2026-03-20T18:20:00Z,2026-03-20T20:45:00Z
1534,2,1,2026-03-20T21:10:00Z,2026-03-20T23:22:00Z
1535,3,1,2026-03-20T23:47:00Z,2026-03-21T01:24:00Z
1536,7,2,2026-03-20T14:00:00Z,2026-03-20T15:41:00Z
1537,5,2,2026-03-20T16:11:00Z,2026-03-20T18:01:00Z
1538,4,2,2026-03-20T18:31:00Z,2026-03-20T20:16:00Z
1539,2,2,2026-03-20T20:41:00Z,2026-03-20T22:53:00Z
1540,2,2,2026-03-20T23:23:00Z,2026-03-21T01:35:00Z
1541,4,3,2026-03-20T14:00:00Z,2026-03-20T15:45:00Z
1542,2,3,2026-03-20T16:10:00Z,2026-03-20T18:22:00Z
1543,4,3,2026-03-20T18:42:00Z,2026-03-20T20:27:00Z
1544,8,3,2026-03-20T20:57:00Z,2026-03-20T22:26:00Z
1545,1,3,2026-03-20T22:46:00Z,2026-03-21T00:44:00Z
1546,6,4,2026-03-20T14:00:00Z,2026-03-20T16:25:00Z
1547,7,4,2026-03-20T16:45:00Z,2026-03-20T18:26:00Z
1548,3,4,2026-03-20T18:56:00Z,2026-03-20T20:33:00Z
1549,2,4,2026-03-20T20:58:00Z,2026-03-20T23:10:00Z
1550,7,4,2026-03-20T23:30:00Z,2026-03-21T01:11:00Z
1551,2,1,2026-03-21T14:00:00Z,2026-03-21T16:12:00Z
1552,6,1,2026-03-21T16:32:00Z,2026-03-21T18:57:00Z
1553,5,1,2026-03-21T19:22:00Z,2026-03-21T21:12:00Z
1554,7,1,2026-03-21T21:32:00Z,2026-03-21T23:13:00Z
1555,3,1,2026-03-21T23:33:00Z,2026-03-22T01:10:00Z
1556,1,2,2026-03-21T14:00:00Z,2026-03-21T15:58:00Z
1557,3,2,2026-03-21T16:28:00Z,2026-03-21T18:05:00Z
1558,6,2,2026-03-21T18:30:00Z,2026-03-21T20:55:00Z
1559,4,2,2026-03-21T21:25:00Z,2026-03-21T23:10:00Z
1560,3,2,2026-03-21T23:40:00Z,2026-03-22T01:17:00Z
1561,8,3,2026-03-21T14:00:00Z,2026-03-21T15:29:00Z
1562,2,3,2026-03-21T15:49:00Z,2026-03-21T18:01:00Z
1563,3,3,2026-03-21T18:21:00Z,2026-03-21T19:58:00Z
1564,7,3,2026-03-21T20:18:00Z,2026-03-21T21:59:00Z
1565,7,3,2026-03-21T22:24:00Z,2026-03-22T00:05:00Z
1566,3,4,2026-03-21T14:00:00Z,2026-03-21T15:37:00Z
1567,5,4,2026-03-21T15:57:00Z,2026-03-21T17:47:00Z
1568,2,4,2026-03-21T18:17:00Z,2026-03-21T20:29:00Z
1569,5,4,2026-03-21T20:49:00Z,2026-03-21T22:39:00Z
1570,1,4,2026-03-21T23:09:00Z,2026-03-22T01:07:00Z
1571,5,1,2026-03-22T14:00:00Z,2026-03-22T15:50:00Z
1572,4,1,2026-03-22T16:10:00Z,2026-03-22T17:55:00Z
1573,7,1,2026-03-22T18:25:00Z,2026-03-22T20:06:00Z
1574,1,1,2026-03-22T20:31:00Z,2026-03-22T22:29:00Z
1575,8,1,2026-03-22T22:49:00Z,2026-03-23T00:18:00Z
1576,2,2,2026-03-22T14:00:00Z,2026-03-22T16:12:00Z
1577,8,2,2026-03-22T16:32:00Z,2026-03-22T18:01:00Z
1578,2,2,2026-03-22T18:31:00Z,2026-03-22T20:43:00Z
1579,1,2,2026-03-22T21:13:00Z,2026-03-22T23:11:00Z
1580,6,2,2026-03-22T23:36:00Z,2026-03-23T02:01:00Z
1581,7,3,2026-03-22T14:00:00Z,2026-03-22T15:41:00Z
1582,7,3,2026-03-22T16:11:00Z,2026-03-22T17:52:00Z
1583,3,3,2026-03-22T18:17:00Z,2026-03-22T19:54:00Z
1584,2,3,2026-03-22T20:19:00Z,2026-03-22T22:31:00Z
1585,2,3,2026-03-22T22:51:00Z,2026-03-23T01:03:00Z
1586,5,4,2026-03-22T14:00:00Z,2026-03-22T15:50:00Z
1587,1,4,2026-03-22T16:10:00Z,2026-03-22T18:08:00Z
1588,7,4,2026-03-22T18:28:00Z,2026-03-22T20:09:00Z
1589,5,4,2026-03-22T20:39:00Z,2026-03-22T22:29:00Z
1590,7,4,2026-03-22T22:59:00Z,2026-03-23T00:40:00Z
1591,7,1,2026-03-23T14:00:00Z,2026-03-23T15:41:00Z
1592,3,1,2026-03-23T16:01:00Z,2026-03-23T17:38:00Z
1593,2,1,2026-03-23T18:03:00Z,2026-03-23T20:15:00Z
1594,2,1,2026-03-23T20:40:00Z,2026-03-23T22:52:00Z
1595,4,1,2026-03-23T23:22:00Z,2026-03-24T01:07:00Z
1596,6,2,2026-03-23T14:00:00Z,2026-03-23T16:25:00Z
1597,2,2,2026-03-23T16:50:00Z,2026-03-23T19:02:00Z
1598,7,2,2026-03-23T19:27:00Z,2026-03-23T21:08:00Z
1599,4,2,2026-03-23T21:38:00Z,2026-03-23T23:23:00Z
1600,4,2,2026-03-23T23:43:00Z,2026-03-24T01:28:00Z
1601,7,3,2026-03-23T14:00:00Z,2026-03-23T15:41:00Z
1602,8,3,2026-03-23T16:01:00Z,2026-03-23T17:30:00Z
1603,1,3,2026-03-23T18:00:00Z,2026-03-23T19:58:00Z
1604,3,3,2026-03-23T20:23:00Z,2026-03-23T22:00:00Z
1605,1,3,2026-03-23T22:20:00Z,2026-03-24T00:18:00Z
1606,3,4,2026-03-23T14:00:00Z,2026-03-23T15:37:00Z
1607,1,4,2026-03-23T16:07:00Z,2026-03-23T18:05:00Z
1608,8,4,2026-03-23T18:25:00Z,2026-03-23T19:54:00Z
1609,5,4,2026-03-23T20:19:00Z,2026-03-23T22:09:00Z
1610,6,4,2026-03-23T22:29:00Z,2026-03-24T00:54:00Z
1611,5,1,2026-03-24T14:00:00Z,2026-03-24T15:50:00Z
1612,2,1,2026-03-24T16:20:00Z,2026-03-24T18:32:00Z
1613,6,1,2026-03-24T18:52:00Z,2026-03-24T21:17:00Z
1614,5,1,2026-03-24T21:42:00Z,2026-03-24T23:32:00Z
1615,2,2,2026-03-24T14:00:00Z,2026-03-24T16:12:00Z
1616,2,2,2026-03-24T16:37:00Z,2026-03-24T18:49:00Z
1617,8,2,2026-03-24T19:14:00Z,2026-03-24T20:43:00Z
1618,6,2,2026-03-24T21:13:00Z,2026-03-24T23:38:00Z
1619,8,2,2026-03-24T23:58:00Z,2026-03-25T01:27:00Z
1620,3,3,2026-03-24T14:00:00Z,2026-03-24T15:37:00Z
1621,3,3,2026-03-24T16:02:00Z,2026-03-24T17:39:00Z
1622,2,3,2026-03-24T18:04:00Z,2026-03-24T20:16:00Z
1623,2,3,2026-03-24T20:46:00Z,2026-03-24T22:58:00Z
1624,1,3,2026-03-24T23:18:00Z,2026-03-25T01:16:00Z
1625,1,4,2026-03-24T14:00:00Z,2026-03-24T15:58:00Z
1626,1,4,2026-03-24T16:18:00Z,2026-03-24T18:16:00Z
1627,6,4,2026-03-24T18:41:00Z,2026-03-24T21:06:00Z
1628,3,4,2026-03-24T21:31:00Z,2026-03-24T23:08:00Z
1629,1,4,2026-03-24T23:28:00Z,2026-03-25T01:26:00Z
1630,7,1,2026-03-25T14:00:00Z,2026-03-25T15:41:00Z
1631,6,1,2026-03-25T16:01:00Z,2026-03-25T18:26:00Z
1632,7,1,2026-03-25T18:46:00Z,2026-03-25T20:27:00Z
1633,6,1,2026-03-25T20:57:00Z,2026-03-25T23:22:00Z
1634,2,1,2026-03-25T23:47:00Z,2026-03-26T01:59:00Z
1635,6,2,2026-03-25T14:00:00Z,2026-03-25T16:25:00Z
1636,1,2,2026-03-25T16:45:00Z,2026-03-25T18:43:00Z
1637,4,2,2026-03-25T19:03:00Z,2026-03-25T20:48:00Z
1638,1,2,2026-03-25T21:18:00Z,2026-03-25T23:16:00Z
1639,2,2,2026-03-25T23:41:00Z,2026-03-26T01:53:00Z
1640,5,3,2026-03-25T14:00:00Z,2026-03-25T15:50:00Z
1641,6,3,2026-03-25T16:15:00Z,2026-03-25T18:40:00Z
1642,8,3,2026-03-25T19:00:00Z,2026-03-25T20:29:00Z
1643,6,3,2026-03-25T20:49:00Z,2026-03-25T23:14:00Z
1644,5,3,2026-03-25T23:34:00Z,2026-03-26T01:24:00Z
1645,5,4,2026-03-25T14:00:00Z,2026-03-25T15:50:00Z
1646,4,4,2026-03-25T16:20:00Z,2026-03-25T18:05:00Z
1647,6,4,2026-03-25T18:30:00Z,2026-03-25T20:55:00Z
1648,8,4,2026-03-25T21:25:00Z,2026-03-25T22:54:00Z
1649,4,4,2026-03-25T23:14:00Z,2026-03-26T00:59:00Z
1650,1,1,2026-03-26T14:00:00Z,2026-03-26T15:58:00Z
1651,1,1,2026-03-26T16:23:00Z,2026-03-26T18:21:00Z
1652,6,1,2026-03-26T18:41:00Z,2026-03-26T21:06:00Z
1653,1,1,2026-03-26T21:36:00Z,2026-03-26T23:34:00Z
1654,1,2,2026-03-26T14:00:00Z,2026-03-26T15:58:00Z
1655,7,2,2026-03-26T16:28:00Z,2026-03-26T18:09:00Z
1656,5,2,2026-03-26T18:39:00Z,2026-03-26T20:29:00Z
1657,4,2,2026-03-26T20:49:00Z,2026-03-26T22:34:00Z
1658,4,2,2026-03-26T23:04:00Z,2026-03-27T00:49:00Z
1659,8,3,2026-03-26T14:00:00Z,2026-03-26T15:29:00Z
1660,3,3,2026-03-26T15:49:00Z,2026-03-26T17:26:00Z
1661,5,3,2026-03-26T17:56:00Z,2026-03-26T19:46:00Z
1662,1,3,2026-03-26T20:06:00Z,2026-03-26T22:04:00Z
1663,7,3,2026-03-26T22:24:00Z,2026-03-27T00:05:00Z
1664,6,4,2026-03-26T14:00:00Z,2026-03-26T16:25:00Z
1665,2,4,2026-03-26T16:50:00Z,2026-03-26T19:02:00Z
1666,2,4,2026-03-26T19:32:00Z,2026-03-26T21:44:00Z
1667,3,4,2026-03-26T22:14:00Z,2026-03-26T23:51:00Z
1668,7,1,2026-03-27T14:00:00Z,2026-03-27T15:41:00Z
1669,1,1,2026-03-27T16:01:00Z,2026-03-27T17:59:00Z
1670,3,1,2026-03-27T18:24:00Z,2026-03-27T20:01:00Z
1671,5,1,2026-03-27T20:21:00Z,2026-03-27T22:11:00Z
1672,6,1,2026-03-27T22:36:00Z,2026-03-28T01:01:00Z
1673,6,2,2026-03-27T14:00:00Z,2026-03-27T16:25:00Z
1674,8,2,2026-03-27T16:50:00Z,2026-03-27T18:19:00Z
1675,4,2,2026-03-27T18:44:00Z,2026-03-27T20:29:00Z
1676,4,2,2026-03-27T20:49:00Z,2026-03-27T22:34:00Z
1677,2,2,2026-03-27T22:54:00Z,2026-03-28T01:06:00Z
1678,2,3,2026-03-27T14:00:00Z,2026-03-27T16:12:00Z
1679,8,3,2026-03-27T16:32:00Z,2026-03-27T18:01:00Z
1680,6,3,2026-03-27T18:26:00Z,2026-03-27T20:51:00Z
1681,2,3,2026-03-27T21:16:00Z,2026-03-27T23:28:00Z
1682,6,3,2026-03-27T23:58:00Z,2026-03-28T02:23:00Z
1683,8,4,2026-03-27T14:00:00Z,2026-03-27T15:29:00Z
1684,8,4,2026-03-27T15:54:00Z,2026-03-27T17:23:00Z
1685,2,4,2026-03-27T17:48:00Z,2026-03-27T20:00:00Z
1686,3,4,2026-03-27T20:20:00Z,2026-03-27T21:57:00Z
1687,5,4,2026-03-27T22:27:00Z,2026-03-28T00:17:00Z
1688,1,1,2026-03-28T14:00:00Z,2026-03-28T15:58:00Z
1689,6,1,2026-03-28T16:18:00Z,2026-03-28T18:43:00Z
1690,2,1,2026-03-28T19:03:00Z,2026-03-28T21:15:00Z
1691,4,1,2026-03-28T21:45:00Z,2026-03-28T23:30:00Z
1692,7,1,2026-03-28T23:55:00Z,2026-03-29T01:36:00Z
1693,1,2,2026-03-28T14:00:00Z,2026-03-28T15:58:00Z
1694,5,2,2026-03-28T16:28:00Z,2026-03-28T18:18:00Z
1695,3,2,2026-03-28T18:43:00Z,2026-03-28T20:20:00Z
1696,7,2,2026-03-28T20:40:00Z,2026-03-28T22:21:00Z
1697,4,2,2026-03-28T22:46:00Z,2026-03-29T00:31:00Z
1698,8,3,2026-03-28T14:00:00Z,2026-03-28T15:29:00Z
1699,3,3,2026-03-28T15:49:00Z,2026-03-28T17:26:00Z
1700,1,3,2026-03-28T17:46:00Z,2026-03-28T19:44:00Z
1701,4,3,2026-03-28T20:04:00Z,2026-03-28T21:49:00Z
1702,4,3,2026-03-28T22:09:00Z,2026-03-28T23:54:00Z
1703,6,4,2026-03-28T14:00:00Z,2026-03-28T16:25:00Z
1704,2,4,2026-03-28T16:55:00Z,2026-03-28T19:07:00Z
1705,5,4,2026-03-28T19:37:00Z,2026-03-28T21:27:00Z
1706,1,4,2026-03-28T21:47:00Z,2026-03-28T23:45:00Z
1707,4,1,2026-03-29T14:00:00Z,2026-03-29T15:45:00Z
1708,8,1,2026-03-29T16:15:00Z,2026-03-29T17:44:00Z
1709,2,1,2026-03-29T18:04:00Z,2026-03-29T20:16:00Z
1710,2,1,2026-03-29T20:41:00Z,2026-03-29T22:53:00Z
1711,8,1,2026-03-29T23:13:00Z,2026-03-30T00:42:00Z
1712,3,2,2026-03-29T14:00:00Z,2026-03-29T15:37:00Z
1713,7,2,2026-03-29T16:07:00Z,2026-03-29T17:48:00Z
1714,7,2,2026-03-29T18:18:00Z,2026-03-29T19:59:00Z
1715,1,2,2026-03-29T20:24:00Z,2026-03-29T22:22:00Z
1716,7,2,2026-03-29T22:47:00Z,2026-03-30T00:28:00Z
1717,6,3,2026-03-29T14:00:00Z,2026-03-29T16:25:00Z
1718,3,3,2026-03-29T16:45:00Z,2026-03-29T18:22:00Z
1719,5,3,2026-03-29T18:47:00Z,2026-03-29T20:37:00Z
1720,3,3,2026-03-29T21:02:00Z,2026-03-29T22:39:00Z
1721,4,3,2026-03-29T22:59:00Z,2026-03-30T00:44:00Z
1722,5,4,2026-03-29T14:00:00Z,2026-03-29T15:50:00Z
1723,7,4,2026-03-29T16:15:00Z,2026-03-29T17:56:00Z
1724,8,4,2026-03-29T18:26:00Z,2026-03-29T19:55:00Z
1725,2,4,2026-03-29T20:15:00Z,2026-03-29T22:27:00Z
1726,7,4,2026-03-29T22:52:00Z,2026-03-30T00:33:00Z
1727,7,1,2026-03-30T14:00:00Z,2026-03-30T15:41:00Z
1728,4,1,2026-03-30T16:01:00Z,2026-03-30T17:46:00Z
1729,1,1,2026-03-30T18:16:00Z,2026-03-30T20:14:00Z
1730,6,1,2026-03-30T20:39:00Z,2026-03-30T23:04:00Z
1731,8,1,2026-03-30T23:29:00Z,2026-03-31T00:58:00Z
1732,6,2,2026-03-30T14:00:00Z,2026-03-30T16:25:00Z
1733,5,2,2026-03-30T16:50:00Z,2026-03-30T18:40:00Z
1734,1,2,2026-03-30T19:00:00Z,2026-03-30T20:58:00Z
1735,4,2,2026-03-30T21:23:00Z,2026-03-30T23:08:00Z
1736,5,2,2026-03-30T23:28:00Z,2026-03-31T01:18:00Z
1737,8,3,2026-03-30T14:00:00Z,2026-03-30T15:29:00Z
1738,6,3,2026-03-30T15:59:00Z,2026-03-30T18:24:00Z
1739,4,3,2026-03-30T18:54:00Z,2026-03-30T20:39:00Z
1740,2,3,2026-03-30T20:59:00Z,2026-03-30T23:11:00Z
1741,4,3,2026-03-30T23:31:00Z,2026-03-31T01:16:00Z
1742,1,4,2026-03-30T14:00:00Z,2026-03-30T15:58:00Z
1743,7,4,2026-03-30T16:18:00Z,2026-03-30T17:59:00Z
1744,3,4,2026-03-30T18:24:00Z,2026-03-30T20:01:00Z
1745,4,4,2026-03-30T20:21:00Z,2026-03-30T22:06:00Z
1746,6,4,2026-03-30T22:36:00Z,2026-03-31T01:01:00Z
1747,6,1,2026-03-31T14:00:00Z,2026-03-31T16:25:00Z
1748,1,1,2026-03-31T16:55:00Z,2026-03-31T18:53:00Z
1749,6,1,2026-03-31T19:23:00Z,2026-03-31T21:48:00Z
1750,3,1,2026-03-31T22:18:00Z,2026-03-31T23:55:00Z
1751,4,2,2026-03-31T14:00:00Z,2026-03-31T15:45:00Z
1752,5,2,2026-03-31T16:10:00Z,2026-03-31T18:00:00Z
1753,8,2,2026-03-31T18:20:00Z,2026-03-31T19:49:00Z
1754,2,2,2026-03-31T20:09:00Z,2026-03-31T22:21:00Z
1755,4,2,2026-03-31T22:41:00Z,2026-04-01T00:26:00Z
1756,4,3,2026-03-31T14:00:00Z,2026-03-31T15:45:00Z
1757,8,3,2026-03-31T16:05:00Z,2026-03-31T17:34:00Z
1758,6,3,2026-03-31T17:54:00Z,2026-03-31T20:19:00Z
1759,4,3,2026-03-31T20:49:00Z,2026-03-31T22:34:00Z
1760,6,3,2026-03-31T22:54:00Z,2026-04-01T01:19:00Z
1761,3,4,2026-03-31T14:00:00Z,2026-03-31T15:37:00Z
1762,1,4,2026-03-31T16:02:00Z,2026-03-31T18:00:00Z
1763,3,4,2026-03-31T18:20:00Z,2026-03-31T19:57:00Z
1764,3,4,2026-03-31T20:27:00Z,2026-03-31T22:04:00Z
1765,6,4,2026-03-31T22:24:00Z,2026-04-01T00:49:00Z
1766,6,1,2026-04-01T14:00:00Z,2026-04-01T16:25:00Z
1767,7,1,2026-04-01T16:55:00Z,2026-04-01T18:36:00Z
1768,2,1,2026-04-01T19:06:00Z,2026-04-01T21:18:00Z
1769,5,1,2026-04-01T21:43:00Z,2026-04-01T23:33:00Z
1770,3,1,2026-04-01T23:58:00Z,2026-04-02T01:35:00Z
1771,7,2,2026-04-01T14:00:00Z,2026-04-01T15:41:00Z
1772,8,2,2026-04-01T16:11:00Z,2026-04-01T17:40:00Z
1773,6,2,2026-04-01T18:10:00Z,2026-04-01T20:35:00Z
1774,6,2,2026-04-01T20:55:00Z,2026-04-01T23:20:00Z
1775,3,2,2026-04-01T23:40:00Z,2026-04-02T01:17:00Z
1776,5,3,2026-04-01T14:00:00Z,2026-04-01T15:50:00Z
1777,5,3,2026-04-01T16:20:00Z,2026-04-01T18:10:00Z
1778,3,3,2026-04-01T18:30:00Z,2026-04-01T20:07:00Z
1779,1,3,2026-04-01T20:37:00Z,2026-04-01T22:35:00Z
1780,7,3,2026-04-01T23:05:00Z,2026-04-02T00:46:00Z
1781,1,4,2026-04-01T14:00:00Z,2026-04-01T15:58:00Z
1782,6,4,2026-04-01T16:18:00Z,2026-04-01T18:43:00Z
1783,4,4,2026-04-01T19:13:00Z,2026-04-01T20:58:00Z
1784,2,4,2026-04-01T21:28:00Z,2026-04-01T23:40:00Z
1785,3,1,2026-04-02T14:00:00Z,2026-04-02T15:37:00Z
1786,2,1,2026-04-02T16:02:00Z,2026-04-02T18:14:00Z
1787,6,1,2026-04-02T18:34:00Z,2026-04-02T20:59:00Z
1788,3,1,2026-04-02T21:24:00Z,2026-04-02T23:01:00Z
1789,2,1,2026-04-02T23:31:00Z,2026-04-03T01:43:00Z
1790,6,2,2026-04-02T14:00:00Z,2026-04-02T16:25:00Z
1791,1,2,2026-04-02T16:50:00Z,2026-04-02T18:48:00Z
1792,4,2,2026-04-02T19:13:00Z,2026-04-02T20:58:00Z
1793,2,2,2026-04-02T21:18:00Z,2026-04-02T23:30:00Z
1794,5,2,2026-04-02T23:55:00Z,2026-04-03T01:45:00Z
1795,1,3,2026-04-02T14:00:00Z,2026-04-02T15:58:00Z
1796,7,3,2026-04-02T16:18:00Z,2026-04-02T17:59:00Z
1797,7,3,2026-04-02T18:24:00Z,2026-04-02T20:05:00Z
1798,7,3,2026-04-02T20:25:00Z,2026-04-02T22:06:00Z
1799,7,3,2026-04-02T22:31:00Z,2026-04-03T00:12:00Z
1800,7,4,2026-04-02T14:00:00Z,2026-04-02T15:41:00Z
1801,8,4,2026-04-02T16:01:00Z,2026-04-02T17:30:00Z
1802,4,4,2026-04-02T18:00:00Z,2026-04-02T19:45:00Z
1803,8,4,2026-04-02T20:05:00Z,2026-04-02T21:34:00Z
1804,1,4,2026-04-02T21:54:00Z,2026-04-02T23:52:00Z
1805,1,1,2026-04-03T14:00:00Z,2026-04-03T15:58:00Z
1806,5,1,2026-04-03T16:23:00Z,2026-04-03T18:13:00Z
1807,2,1,2026-04-03T18:33:00Z,2026-04-03T20:45:00Z
1808,3,1,2026-04-03T21:10:00Z,2026-04-03T22:47:00Z
1809,3,1,2026-04-03T23:12:00Z,2026-04-04T00:49:00Z
1810,2,2,2026-04-03T14:00:00Z,2026-04-03T16:12:00Z
1811,2,2,2026-04-03T16:42:00Z,2026-04-03T18:54:00Z
1812,8,2,2026-04-03T19:19:00Z,2026-04-03T20:48:00Z
1813,1,2,2026-04-03T21:18:00Z,2026-04-03T23:16:00Z
1814,3,2,2026-04-03T23:41:00Z,2026-04-04T01:18:00Z
1815,7,3,2026-04-03T14:00:00Z,2026-04-03T15:41:00Z
1816,1,3,2026-04-03T16:01:00Z,2026-04-03T17:59:00Z
1817,6,3,2026-04-03T18:19:00Z,2026-04-03T20:44:00Z
1818,4,3,2026-04-03T21:04:00Z,2026-04-03T22:49:00Z
1819,5,3,2026-04-03T23:14:00Z,2026-04-04T01:04:00Z
1820,5,4,2026-04-03T14:00:00Z,2026-04-03T15:50:00Z
1821,4,4,2026-04-03T16:15:00Z,2026-04-03T18:00:00Z
1822,1,4,2026-04-03T18:20:00Z,2026-04-03T20:18:00Z
1823,8,4,2026-04-03T20:43:00Z,2026-04-03T22:12:00Z
1824,1,4,2026-04-03T22:32:00Z,2026-04-04T00:30:00Z
1825,1,1,2026-04-04T14:00:00Z,2026-04-04T15:58:00Z
1826,2,1,2026-04-04T16:23:00Z,2026-04-04T18:35:00Z
1827,8,1,2026-04-04T19:00:00Z,2026-04-04T20:29:00Z
1828,2,1,2026-04-04T20:49:00Z,2026-04-04T23:01:00Z
1829,4,1,2026-04-04T23:21:00Z,2026-04-05T01:06:00Z
1830,5,2,2026-04-04T14:00:00Z,2026-04-04T15:50:00Z
1831,8,2,2026-04-04T16:10:00Z,2026-04-04T17:39:00Z
1832,5,2,2026-04-04T17:59:00Z,2026-04-04T19:49:00Z
1833,8,2,2026-04-04T20:14:00Z,2026-04-04T21:43:00Z
1834,5,2,2026-04-04T22:08:00Z,2026-04-04T23:58:00Z
1835,7,3,2026-04-04T14:00:00Z,2026-04-04T15:41:00Z
1836,6,3,2026-04-04T16:01:00Z,2026-04-04T18:26:00Z
1837,6,3,2026-04-04T18:51:00Z,2026-04-04T21:16:00Z
1838,8,3,2026-04-04T21:36:00Z,2026-04-04T23:05:00Z
1839,5,3,2026-04-04T23:25:00Z,2026-04-05T01:15:00Z
1840,8,4,2026-04-04T14:00:00Z,2026-04-04T15:29:00Z
1841,4,4,2026-04-04T15:54:00Z,2026-04-04T17:39:00Z
1842,1,4,2026-04-04T18:04:00Z,2026-04-04T20:02:00Z
1843,2,4,2026-04-04T20:22:00Z,2026-04-04T22:34:00Z
1844,6,4,2026-04-04T22:54:00Z,2026-04-05T01:19:00Z
1845,7,1,2026-04-05T14:00:00Z,2026-04-05T15:41:00Z
1846,4,1,2026-04-05T16:11:00Z,2026-04-05T17:56:00Z
1847,1,1,2026-04-05T18:26:00Z,2026-04-05T20:24:00Z
1848,7,1,2026-04-05T20:49:00Z,2026-04-05T22:30:00Z
1849,8,1,2026-04-05T23:00:00Z,2026-04-06T00:29:00Z
1850,4,2,2026-04-05T14:00:00Z,2026-04-05T15:45:00Z
1851,5,2,2026-04-05T16:10:00Z,2026-04-05T18:00:00Z
1852,7,2,2026-04-05T18:20:00Z,2026-04-05T20:01:00Z
1853,1,2,2026-04-05T20:31:00Z,2026-04-05T22:29:00Z
1854,3,2,2026-04-05T22:59:00Z,2026-04-06T00:36:00Z
1855,8,3,2026-04-05T14:00:00Z,2026-04-05T15:29:00Z
1856,3,3,2026-04-05T15:49:00Z,2026-04-05T17:26:00Z
1857,4,3,2026-04-05T17:46:00Z,2026-04-05T19:31:00Z
1858,1,3,2026-04-05T19:51:00Z,2026-04-05T21:49:00Z
1859,2,3,2026-04-05T22:14:00Z,2026-04-06T00:26:00Z
1860,7,4,2026-04-05T14:00:00Z,2026-04-05T15:41:00Z
1861,3,4,2026-04-05T16:01:00Z,2026-04-05T17:38:00Z
1862,5,4,2026-04-05T18:08:00Z,2026-04-05T19:58:00Z
1863,2,4,2026-04-05T20:23:00Z,2026-04-05T22:35:00Z
1864,7,4,2026-04-05T22:55:00Z,2026-04-06T00:36:00Z
1865,7,1,2026-04-06T14:00:00Z,2026-04-06T15:41:00Z
1866,6,1,2026-04-06T16:11:00Z,2026-04-06T18:36:00Z
1867,8,1,2026-04-06T19:01:00Z,2026-04-06T20:30:00Z
1868,7,1,2026-04-06T20:50:00Z,2026-04-06T22:31:00Z
1869,7,1,2026-04-06T22:51:00Z,2026-04-07T00:32:00Z
1870,3,2,2026-04-06T14:00:00Z,2026-04-06T15:37:00Z
1871,2,2,2026-04-06T16:07:00Z,2026-04-06T18:19:00Z
1872,2,2,2026-04-06T18:39:00Z,2026-04-06T20:51:00Z
1873,6,2,2026-04-06T21:16:00Z,2026-04-06T23:41:00Z
1874,5,3,2026-04-06T14:00:00Z,2026-04-06T15:50:00Z
1875,8,3,2026-04-06T16:15:00Z,2026-04-06T17:44:00Z
1876,8,3,2026-04-06T18:14:00Z,2026-04-06T19:43:00Z
1877,3,3,2026-04-06T20:03:00Z,2026-04-06T21:40:00Z
1878,7,3,2026-04-06T22:05:00Z,2026-04-06T23:46:00Z
1879,7,4,2026-04-06T14:00:00Z,2026-04-06T15:41:00Z
1880,7,4,2026-04-06T16:01:00Z,2026-04-06T17:42:00Z
1881,4,4,2026-04-06T18:07:00Z,2026-04-06T19:52:00Z
1882,8,4,2026-04-06T20:12:00Z,2026-04-06T21:41:00Z
1883,6,4,2026-04-06T22:06:00Z,2026-04-07T00:31:00Z
1884,6,1,2026-04-07T14:00:00Z,2026-04-07T16:25:00Z
1885,5,1,2026-04-07T16:50:00Z,2026-04-07T18:40:00Z
1886,8,1,2026-04-07T19:05:00Z,2026-04-07T20:34:00Z
1887,2,1,2026-04-07T21:04:00Z,2026-04-07T23:16:00Z
1888,3,1,2026-04-07T23:36:00Z,2026-04-08T01:13:00Z
1889,8,2,2026-04-07T14:00:00Z,2026-04-07T15:29:00Z
1890,5,2,2026-04-07T15:54:00Z,2026-04-07T17:44:00Z
1891,7,2,2026-04-07T18:14:00Z,2026-04-07T19:55:00Z
1892,2,2,2026-04-07T20:25:00Z,2026-04-07T22:37:00Z
1893,8,2,2026-04-07T22:57:00Z,2026-04-08T00:26:00Z
1894,7,3,2026-04-07T14:00:00Z,2026-04-07T15:41:00Z
1895,8,3,2026-04-07T16:11:00Z,2026-04-07T17:40:00Z
1896,6,3,2026-04-07T18:10:00Z,2026-04-07T20:35:00Z
1897,3,3,2026-04-07T20:55:00Z,2026-04-07T22:32:00Z
1898,5,3,2026-04-07T22:52:00Z,2026-04-08T00:42:00Z
1899,7,4,2026-04-07T14:00:00Z,2026-04-07T15:41:00Z
1900,1,4,2026-04-07T16:01:00Z,2026-04-07T17:59:00Z
1901,4,4,2026-04-07T18:19:00Z,2026-04-07T20:04:00Z
1902,1,4,2026-04-07T20:24:00Z,2026-04-07T22:22:00Z
1903,1,4,2026-04-07T22:42:00Z,2026-04-08T00:40:00Z
1904,1,1,2026-04-08T14:00:00Z,2026-04-08T15:58:00Z
1905,4,1,2026-04-08T16:23:00Z,2026-04-08T18:08:00Z
1906,6,1,2026-04-08T18:33:00Z,2026-04-08T20:58:00Z
1907,7,1,2026-04-08T21:23:00Z,2026-04-08T23:04:00Z
1908,2,1,2026-04-08T23:34:00Z,2026-04-09T01:46:00Z
1909,1,2,2026-04-08T14:00:00Z,2026-04-08T15:58:00Z
1910,6,2,2026-04-08T16:18:00Z,2026-04-08T18:43:00Z
1911,8,2,2026-04-08T19:08:00Z,2026-04-08T20:37:00Z
1912,8,2,2026-04-08T20:57:00Z,2026-04-08T22:26:00Z
1913,6,2,2026-04-08T22:56:00Z,2026-04-09T01:21:00Z
1914,3,3,2026-04-08T14:00:00Z,2026-04-08T15:37:00Z
1915,2,3,2026-04-08T16:02:00Z,2026-04-08T18:14:00Z
1916,1,3,2026-04-08T18:39:00Z,2026-04-08T20:37:00Z
1917,1,3,2026-04-08T21:02:00Z,2026-04-08T23:00:00Z
1918,4,3,2026-04-08T23:20:00Z,2026-04-09T01:05:00Z
1919,4,4,2026-04-08T14:00:00Z,2026-04-08T15:45:00Z
1920,4,4,2026-04-08T16:15:00Z,2026-04-08T18:00:00Z
1921,7,4,2026-04-08T18:25:00Z,2026-04-08T20:06:00Z
1922,1,4,2026-04-08T20:36:00Z,2026-04-08T22:34:00Z
1923,1,4,2026-04-08T23:04:00Z,2026-04-09T01:02:00Z
1924,3,1,2026-04-09T14:00:00Z,2026-04-09T15:37:00Z
1925,3,1,2026-04-09T16:07:00Z,2026-04-09T17:44:00Z
1926,1,1,2026-04-09T18:14:00Z,2026-04-09T20:12:00Z
1927,5,1,2026-04-09T20:32:00Z,2026-04-09T22:22:00Z
1928,5,1,2026-04-09T22:52:00Z,2026-04-10T00:42:00Z
1929,5,2,2026-04-09T14:00:00Z,2026-04-09T15:50:00Z
1930,7,2,2026-04-09T16:15:00Z,2026-04-09T17:56:00Z
1931,8,2,2026-04-09T18:21:00Z,2026-04-09T19:50:00Z
1932,4,2,2026-04-09T20:15:00Z,2026-04-09T22:00:00Z
1933,5,2,2026-04-09T22:25:00Z,2026-04-10T00:15:00Z
1934,7,3,2026-04-09T14:00:00Z,2026-04-09T15:41:00Z
1935,2,3,2026-04-09T16:11:00Z,2026-04-09T18:23:00Z
1936,6,3,2026-04-09T18:43:00Z,2026-04-09T21:08:00Z
1937,5,3,2026-04-09T21:38:00Z,2026-04-09T23:28:00Z
1938,2,3,2026-04-09T23:53:00Z,2026-04-10T02:05:00Z
1939,2,4,2026-04-09T14:00:00Z,2026-04-09T16:12:00Z
1940,5,4,2026-04-09T16:37:00Z,2026-04-09T18:27:00Z
1941,6,4,2026-04-09T18:57:00Z,2026-04-09T21:22:00Z
1942,5,4,2026-04-09T21:47:00Z,2026-04-09T23:37:00Z
1943,5,1,2026-04-10T14:00:00Z,2026-04-10T15:50:00Z
1944,3,1,2026-04-10T16:10:00Z,2026-04-10T17:47:00Z
1945,4,1,2026-04-10T18:17:00Z,2026-04-10T20:02:00Z
1946,7,1,2026-04-10T20:22:00Z,2026-04-10T22:03:00Z
1947,6,1,2026-04-10T22:33:00Z,2026-04-11T00:58:00Z
1948,3,2,2026-04-10T14:00:00Z,2026-04-10T15:37:00Z
1949,1,2,2026-04-10T16:07:00Z,2026-04-10T18:05:00Z
1950,8,2,2026-04-10T18:35:00Z,2026-04-10T20:04:00Z
1951,5,2,2026-04-10T20:29:00Z,2026-04-10T22:19:00Z
1952,7,2,2026-04-10T22:44:00Z,2026-04-11T00:25:00Z
1953,1,3,2026-04-10T14:00:00Z,2026-04-10T15:58:00Z
1954,4,3,2026-04-10T16:28:00Z,2026-04-10T18:13:00Z
1955,4,3,2026-04-10T18:38:00Z,2026-04-10T20:23:00Z
1956,8,3,2026-04-10T20:53:00Z,2026-04-10T22:22:00Z
1957,6,3,2026-04-10T22:52:00Z,2026-04-11T01:17:00Z
1958,5,4,2026-04-10T14:00:00Z,2026-04-10T15:50:00Z
1959,3,4,2026-04-10T16:10:00Z,2026-04-10T17:47:00Z
1960,2,4,2026-04-10T18:12:00Z,2026-04-10T20:24:00Z
1961,3,4,2026-04-10T20:49:00Z,2026-04-10T22:26:00Z
1962,5,4,2026-04-10T22:56:00Z,2026-04-11T00:46:00Z
1963,3,1,2026-04-11T14:00:00Z,2026-04-11T15:37:00Z
1964,6,1,2026-04-11T16:07:00Z,2026-04-11T18:32:00Z
1965,2,1,2026-04-11T19:02:00Z,2026-04-11T21:14:00Z
1966,6,1,2026-04-11T21:34:00Z,2026-04-11T23:59:00Z
1967,5,2,2026-04-11T14:00:00Z,2026-04-11T15:50:00Z
1968,6,2,2026-04-11T16:15:00Z,2026-04-11T18:40:00Z
1969,5,2,2026-04-11T19:05:00Z,2026-04-11T20:55:00Z
1970,5,2,2026-04-11T21:25:00Z,2026-04-11T23:15:00Z
1971,2,2,2026-04-11T23:40:00Z,2026-04-12T01:52:00Z
1972,1,3,2026-04-11T14:00:00Z,2026-04-11T15:58:00Z
1973,2,3,2026-04-11T16:28:00Z,2026-04-11T18:40:00Z
1974,4,3,2026-04-11T19:05:00Z,2026-04-11T20:50:00Z
1975,2,3,2026-04-11T21:20:00Z,2026-04-11T23:32:00Z
1976,7,4,2026-04-11T14:00:00Z,2026-04-11T15:41:00Z
1977,5,4,2026-04-11T16:11:00Z,2026-04-11T18:01:00Z
1978,1,4,2026-04-11T18:26:00Z,2026-04-11T20:24:00Z
1979,3,4,2026-04-11T20:44:00Z,2026-04-11T22:21:00Z
1980,6,4,2026-04-11T22:41:00Z,2026-04-12T01:06:00Z
1981,8,1,2026-04-12T14:00:00Z,2026-04-12T15:29:00Z
1982,6,1,2026-04-12T15:49:00Z,2026-04-12T18:14:00Z
1983,3,1,2026-04-12T18:44:00Z,2026-04-12T20:21:00Z
1984,8,1,2026-04-12T20:41:00Z,2026-04-12T22:10:00Z
1985,3,1,2026-04-12T22:35:00Z,2026-04-13T00:12:00Z
1986,1,2,2026-04-12T14:00:00Z,2026-04-12T15:58:00Z
1987,8,2,2026-04-12T16:18:00Z,2026-04-12T17:47:00Z
1988,4,2,2026-04-12T18:12:00Z,2026-04-12T19:57:00Z
1989,3,2,2026-04-12T20:17:00Z,2026-04-12T21:54:00Z
1990,2,2,2026-04-12T22:19:00Z,2026-04-13T00:31:00Z
1991,7,3,2026-04-12T14:00:00Z,2026-04-12T15:41:00Z
1992,7,3,2026-04-12T16:11:00Z,2026-04-12T17:52:00Z
1993,7,3,2026-04-12T18:17:00Z,2026-04-12T19:58:00Z
1994,7,3,2026-04-12T20:23:00Z,2026-04-12T22:04:00Z
1995,1,3,2026-04-12T22:24:00Z,2026-04-13T00:22:00Z
1996,4,4,2026-04-12T14:00:00Z,2026-04-12T15:45:00Z
1997,6,4,2026-04-12T16:15:00Z,2026-04-12T18:40:00Z
1998,6,4,2026-04-12T19:00:00Z,2026-04-12T21:25:00Z
1999,4,4,2026-04-12T21:55:00Z,2026-04-12T23:40:00Z
2000,1,1,2026-04-13T14:00:00Z,2026-04-13T15:58:00Z
2001,4,1,2026-04-13T16:28:00Z,2026-04-13T18:13:00Z
2002,6,1,2026-04-13T18:33:00Z,2026-04-13T20:58:00Z
2003,3,1,2026-04-13T21:23:00Z,2026-04-13T23:00:00Z
2004,7,1,2026-04-13T23:20:00Z,2026-04-14T01:01:00Z
2005,5,2,2026-04-13T14:00:00Z,2026-04-13T15:50:00Z
2006,2,2,2026-04-13T16:10:00Z,2026-04-13T18:22:00Z
2007,5,2,2026-04-13T18:42:00Z,2026-04-13T20:32:00Z
2008,8,2,2026-04-13T20:57:00Z,2026-04-13T22:26:00Z
2009,6,2,2026-04-13T22:56:00Z,2026-04-14T01:21:00Z
2010,3,3,2026-04-13T14:00:00Z,2026-04-13T15:37:00Z
2011,8,3,2026-04-13T16:02:00Z,2026-04-13T17:31:00Z
2012,4,3,2026-04-13T17:56:00Z,2026-04-13T19:41:00Z
2013,7,3,2026-04-13T20:01:00Z,2026-04-13T21:42:00Z
2014,4,3,2026-04-13T22:02:00Z,2026-04-13T23:47:00Z
2015,3,4,2026-04-13T14:00:00Z,2026-04-13T15:37:00Z
2016,1,4,2026-04-13T15:57:00Z,2026-04-13T17:55:00Z
2017,3,4,2026-04-13T18:25:00Z,2026-04-13T20:02:00Z
2018,6,4,2026-04-13T20:22:00Z,2026-04-13T22:47:00Z
2019,1,4,2026-04-13T23:17:00Z,2026-04-14T01:15:00Z
2020,5,1,2026-04-14T14:00:00Z,2026-04-14T15:50:00Z
2021,1,1,2026-04-14T16:20:00Z,2026-04-14T18:18:00Z
2022,1,1,2026-04-14T18:48:00Z,2026-04-14T20:46:00Z
2023,2,1,2026-04-14T21:16:00Z,2026-04-14T23:28:00Z
2024,1,1,2026-04-14T23:58:00Z,2026-04-15T01:56:00Z
2025,2,2,2026-04-14T14:00:00Z,2026-04-14T16:12:00Z
2026,8,2,2026-04-14T16:37:00Z,2026-04-14T18:06:00Z
2027,2,2,2026-04-14T18:31:00Z,2026-04-14T20:43:00Z
2028,5,2,2026-04-14T21:13:00Z,2026-04-14T23:03:00Z
2029,3,2,2026-04-14T23:28:00Z,2026-04-15T01:05:00Z
2030,1,3,2026-04-14T14:00:00Z,2026-04-14T15:58:00Z
2031,7,3,2026-04-14T16:23:00Z,2026-04-14T18:04:00Z
2032,2,3,2026-04-14T18:34:00Z,2026-04-14T20:46:00Z
2033,5,3,2026-04-14T21:16:00Z,2026-04-14T23:06:00Z
2034,3,3,2026-04-14T23:36:00Z,2026-04-15T01:13:00Z
2035,2,4,2026-04-14T14:00:00Z,2026-04-14T16:12:00Z
2036,2,4,2026-04-14T16:42:00Z,2026-04-14T18:54:00Z
2037,2,4,2026-04-14T19:19:00Z,2026-04-14T21:31:00Z
2038,8,4,2026-04-14T21:51:00Z,2026-04-14T23:20:00Z
2039,4,4,2026-04-14T23:40:00Z,2026-04-15T01:25:00Z
2040,4,1,2026-04-15T14:00:00Z,2026-04-15T15:45:00Z
2041,7,1,2026-04-15T16:10:00Z,2026-04-15T17:51:00Z
2042,3,1,2026-04-15T18:16:00Z,2026-04-15T19:53:00Z
2043,8,1,2026-04-15T20:13:00Z,2026-04-15T21:42:00Z
2044,8,1,2026-04-15T22:02:00Z,2026-04-15T23:31:00Z
2045,4,1,2026-04-15T23:56:00Z,2026-04-16T01:41:00Z
2046,1,2,2026-04-15T14:00:00Z,2026-04-15T15:58:00Z
2047,2,2,2026-04-15T16:28:00Z,2026-04-15T18:40:00Z
2048,8,2,2026-04-15T19:00:00Z,2026-04-15T20:29:00Z
2049,2,2,2026-04-15T20:49:00Z,2026-04-15T23:01:00Z
2050,2,2,2026-04-15T23:31:00Z,2026-04-16T01:43:00Z
2051,2,3,2026-04-15T14:00:00Z,2026-04-15T16:12:00Z
2052,4,3,2026-04-15T16:37:00Z,2026-04-15T18:22:00Z
2053,5,3,2026-04-15T18:47:00Z,2026-04-15T20:37:00Z
2054,8,3,2026-04-15T21:02:00Z,2026-04-15T22:31:00Z
2055,2,3,2026-04-15T22:51:00Z,2026-04-16T01:03:00Z
2056,1,4,2026-04-15T14:00:00Z,2026-04-15T15:58:00Z
2057,6,4,2026-04-15T16:23:00Z,2026-04-15T18:48:00Z
2058,6,4,2026-04-15T19:18:00Z,2026-04-15T21:43:00Z
2059,2,4,2026-04-15T22:08:00Z,2026-04-16T00:20:00Z
2060,1,1,2026-04-16T14:00:00Z,2026-04-16T15:58:00Z
2061,3,1,2026-04-16T16:18:00Z,2026-04-16T17:55:00Z
2062,3,1,2026-04-16T18:25:00Z,2026-04-16T20:02:00Z
2063,6,1,2026-04-16T20:27:00Z,2026-04-16T22:52:00Z
2064,5,1,2026-04-16T23:17:00Z,2026-04-17T01:07:00Z
2065,2,2,2026-04-16T14:00:00Z,2026-04-16T16:12:00Z
2066,6,2,2026-04-16T16:37:00Z,2026-04-16T19:02:00Z
2067,2,2,2026-04-16T19:22:00Z,2026-04-16T21:34:00Z
2068,7,2,2026-04-16T21:59:00Z,2026-04-16T23:40:00Z
2069,5,3,2026-04-16T14:00:00Z,2026-04-16T15:50:00Z
2070,8,3,2026-04-16T16:15:00Z,2026-04-16T17:44:00Z
2071,3,3,2026-04-16T18:09:00Z,2026-04-16T19:46:00Z
2072,3,3,2026-04-16T20:06:00Z,2026-04-16T21:43:00Z
2073,1,3,2026-04-16T22:13:00Z,2026-04-17T00:11:00Z
2074,2,4,2026-04-16T14:00:00Z,2026-04-16T16:12:00Z
2075,8,4,2026-04-16T16:37:00Z,2026-04-16T18:06:00Z
2076,8,4,2026-04-16T18:36:00Z,2026-04-16T20:05:00Z
2077,7,4,2026-04-16T20:25:00Z,2026-04-16T22:06:00Z
2078,1,4,2026-04-16T22:31:00Z,2026-04-17T00:29:00Z
2079,3,1,2026-04-17T14:00:00Z,2026-04-17T15:37:00Z
2080,8,1,2026-04-17T16:02:00Z,2026-04-17T17:31:00Z
2081,7,1,2026-04-17T17:51:00Z,2026-04-17T19:32:00Z
2082,1,1,2026-04-17T19:57:00Z,2026-04-17T21:55:00Z
2083,5,1,2026-04-17T22:15:00Z,2026-04-18T00:05:00Z
2084,6,2,2026-04-17T14:00:00Z,2026-04-17T16:25:00Z
2085,4,2,2026-04-17T16:45:00Z,2026-04-17T18:30:00Z
2086,6,2,2026-04-17T19:00:00Z,2026-04-17T21:25:00Z
2087,2,2,2026-04-17T21:55:00Z,2026-04-18T00:07:00Z
2088,4,3,2026-04-17T14:00:00Z,2026-04-17T15:45:00Z
2089,6,3,2026-04-17T16:10:00Z,2026-04-17T18:35:00Z
2090,7,3,2026-04-17T19:05:00Z,2026-04-17T20:46:00Z
2091,1,3,2026-04-17T21:06:00Z,2026-04-17T23:04:00Z
2092,3,3,2026-04-17T23:24:00Z,2026-04-18T01:01:00Z
2093,8,4,2026-04-17T14:00:00Z,2026-04-17T15:29:00Z
2094,3,4,2026-04-17T15:54:00Z,2026-04-17T17:31:00Z
2095,8,4,2026-04-17T17:51:00Z,2026-04-17T19:20:00Z
2096,4,4,2026-04-17T19:45:00Z,2026-04-17T21:30:00Z
2097,5,4,2026-04-17T21:55:00Z,2026-04-17T23:45:00Z
2098,4,1,2026-04-18T14:00:00Z,2026-04-18T15:45:00Z
2099,7,1,2026-04-18T16:15:00Z,2026-04-18T17:56:00Z
2100,4,1,2026-04-18T18:21:00Z,2026-04-18T20:06:00Z
2101,8,1,2026-04-18T20:26:00Z,2026-04-18T21:55:00Z
2102,8,1,2026-04-18T22:20:00Z,2026-04-18T23:49:00Z
2103,8,2,2026-04-18T14:00:00Z,2026-04-18T15:29:00Z
2104,6,2,2026-04-18T15:54:00Z,2026-04-18T18:19:00Z
2105,8,2,2026-04-18T18:39:00Z,2026-04-18T20:08:00Z
2106,1,2,2026-04-18T20:38:00Z,2026-04-18T22:36:00Z
2107,7,2,2026-04-18T22:56:00Z,2026-04-19T00:37:00Z
2108,1,3,2026-04-18T14:00:00Z,2026-04-18T15:58:00Z
2109,1,3,2026-04-18T16:28:00Z,2026-04-18T18:26:00Z
2110,5,3,2026-04-18T18:46:00Z,2026-04-18T20:36:00Z
2111,4,3,2026-04-18T21:06:00Z,2026-04-18T22:51:00Z
2112,8,3,2026-04-18T23:21:00Z,2026-04-19T00:50:00Z
2113,6,4,2026-04-18T14:00:00Z,2026-04-18T16:25:00Z
2114,4,4,2026-04-18T16:45:00Z,2026-04-18T18:30:00Z
2115,6,4,2026-04-18T18:55:00Z,2026-04-18T21:20:00Z
2116,8,4,2026-04-18T21:50:00Z,2026-04-18T23:19:00Z
2117,6,4,2026-04-18T23:49:00Z,2026-04-19T02:14:00Z
2118,8,1,2026-04-19T14:00:00Z,2026-04-19T15:29:00Z
2119,2,1,2026-04-19T15:49:00Z,2026-04-19T18:01:00Z
2120,4,1,2026-04-19T18:31:00Z,2026-04-19T20:16:00Z
2121,6,1,2026-04-19T20:36:00Z,2026-04-19T23:01:00Z
2122,5,1,2026-04-19T23:26:00Z,2026-04-20T01:16:00Z
2123,6,2,2026-04-19T14:00:00Z,2026-04-19T16:25:00Z
2124,2,2,2026-04-19T16:55:00Z,2026-04-19T19:07:00Z
2125,3,2,2026-04-19T19:27:00Z,2026-04-19T21:04:00Z
2126,3,2,2026-04-19T21:29:00Z,2026-04-19T23:06:00Z
2127,7,2,2026-04-19T23:36:00Z,2026-04-20T01:17:00Z
2128,5,3,2026-04-19T14:00:00Z,2026-04-19T15:50:00Z
2129,4,3,2026-04-19T16:20:00Z,2026-04-19T18:05:00Z
2130,2,3,2026-04-19T18:25:00Z,2026-04-19T20:37:00Z
2131,4,3,2026-04-19T21:02:00Z,2026-04-19T22:47:00Z
2132,4,3,2026-04-19T23:12:00Z,2026-04-20T00:57:00Z
2133,6,4,2026-04-19T14:00:00Z,2026-04-19T16:25:00Z
2134,7,4,2026-04-19T16:45:00Z,2026-04-19T18:26:00Z
2135,2,4,2026-04-19T18:46:00Z,2026-04-19T20:58:00Z
2136,8,4,2026-04-19T21:23:00Z,2026-04-19T22:52:00Z
2137,3,4,2026-04-19T23:22:00Z,2026-04-20T00:59:00Z
2138,1,1,2026-04-20T14:00:00Z,2026-04-20T15:58:00Z
2139,1,1,2026-04-20T16:28:00Z,2026-04-20T18:26:00Z
2140,7,1,2026-04-20T18:56:00Z,2026-04-20T20:37:00Z
2141,8,1,2026-04-20T21:07:00Z,2026-04-20T22:36:00Z
2142,3,1,2026-04-20T23:06:00Z,2026-04-21T00:43:00Z
2143,3,2,2026-04-20T14:00:00Z,2026-04-20T15:37:00Z
2144,3,2,2026-04-20T16:07:00Z,2026-04-20T17:44:00Z
2145,7,2,2026-04-20T18:04:00Z,2026-04-20T19:45:00Z
2146,6,2,2026-04-20T20:15:00Z,2026-04-20T22:40:00Z
2147,7,2,2026-04-20T23:10:00Z,2026-04-21T00:51:00Z
2148,4,3,2026-04-20T14:00:00Z,2026-04-20T15:45:00Z
2149,7,3,2026-04-20T16:10:00Z,2026-04-20T17:51:00Z
2150,5,3,2026-04-20T18:16:00Z,2026-04-20T20:06:00Z
2151,3,3,2026-04-20T20:31:00Z,2026-04-20T22:08:00Z
2152,7,3,2026-04-20T22:28:00Z,2026-04-21T00:09:00Z
2153,5,4,2026-04-20T14:00:00Z,2026-04-20T15:50:00Z
2154,6,4,2026-04-20T16:20:00Z,2026-04-20T18:45:00Z
2155,4,4,2026-04-20T19:15:00Z,2026-04-20T21:00:00Z
2156,4,4,2026-04-20T21:20:00Z,2026-04-20T23:05:00Z
2157,5,4,2026-04-20T23:35:00Z,2026-04-21T01:25:00Z
2158,6,1,2026-04-21T14:00:00Z,2026-04-21T16:25:00Z
2159,3,1,2026-04-21T16:55:00Z,2026-04-21T18:32:00Z
2160,3,1,2026-04-21T19:02:00Z,2026-04-21T20:39:00Z
2161,6,1,2026-04-21T21:09:00Z,2026-04-21T23:34:00Z
2162,2,2,2026-04-21T14:00:00Z,2026-04-21T16:12:00Z
2163,8,2,2026-04-21T16:37:00Z,2026-04-21T18:06:00Z
2164,7,2,2026-04-21T18:36:00Z,2026-04-21T20:17:00Z
2165,5,2,2026-04-21T20:47:00Z,2026-04-21T22:37:00Z
2166,1,2,2026-04-21T23:02:00Z,2026-04-22T01:00:00Z
2167,2,3,2026-04-21T14:00:00Z,2026-04-21T16:12:00Z
2168,7,3,2026-04-21T16:32:00Z,2026-04-21T18:13:00Z
2169,1,3,2026-04-21T18:33:00Z,2026-04-21T20:31:00Z
2170,1,3,2026-04-21T21:01:00Z,2026-04-21T22:59:00Z
2171,5,3,2026-04-21T23:19:00Z,2026-04-22T01:09:00Z
2172,5,4,2026-04-21T14:00:00Z,2026-04-21T15:50:00Z
2173,5,4,2026-04-21T16:20:00Z,2026-04-21T18:10:00Z
2174,1,4,2026-04-21T18:30:00Z,2026-04-21T20:28:00Z
2175,5,4,2026-04-21T20:58:00Z,2026-04-21T22:48:00Z
2176,1,4,2026-04-21T23:08:00Z,2026-04-22T01:06:00Z
2177,8,1,2026-04-22T14:00:00Z,2026-04-22T15:29:00Z
2178,4,1,2026-04-22T15:49:00Z,2026-04-22T17:34:00Z
2179,7,1,2026-04-22T18:04:00Z,2026-04-22T19:45:00Z
2180,5,1,2026-04-22T20:05:00Z,2026-04-22T21:55:00Z
2181,1,1,2026-04-22T22:25:00Z,2026-04-23T00:23:00Z
2182,7,2,2026-04-22T14:00:00Z,2026-04-22T15:41:00Z
2183,6,2,2026-04-22T16:06:00Z,2026-04-22T18:31:00Z
2184,1,2,2026-04-22T19:01:00Z,2026-04-22T20:59:00Z
2185,5,2,2026-04-22T21:19:00Z,2026-04-22T23:09:00Z
2186,8,2,2026-04-22T23:29:00Z,2026-04-23T00:58:00Z
2187,6,3,2026-04-22T14:00:00Z,2026-04-22T16:25:00Z
2188,4,3,2026-04-22T16:55:00Z,2026-04-22T18:40:00Z
2189,4,3,2026-04-22T19:10:00Z,2026-04-22T20:55:00Z
2190,8,3,2026-04-22T21:20:00Z,2026-04-22T22:49:00Z
2191,2,3,2026-04-22T23:09:00Z,2026-04-23T01:21:00Z
2192,3,4,2026-04-22T14:00:00Z,2026-04-22T15:37:00Z
2193,2,4,2026-04-22T16:07:00Z,2026-04-22T18:19:00Z
2194,1,4,2026-04-22T18:44:00Z,2026-04-22T20:42:00Z
2195,5,4,2026-04-22T21:07:00Z,2026-04-22T22:57:00Z
2196,5,4,2026-04-22T23:27:00Z,2026-04-23T01:17:00Z
2197,3,1,2026-04-23T14:00:00Z,2026-04-23T15:37:00Z
2198,5,1,2026-04-23T16:07:00Z,2026-04-23T17:57:00Z
2199,6,1,2026-04-23T18:17:00Z,2026-04-23T20:42:00Z
2200,3,1,2026-04-23T21:07:00Z,2026-04-23T22:44:00Z
2201,3,1,2026-04-23T23:04:00Z,2026-04-24T00:41:00Z
2202,1,2,2026-04-23T14:00:00Z,2026-04-23T15:58:00Z
2203,5,2,2026-04-23T16:28:00Z,2026-04-23T18:18:00Z
2204,6,2,2026-04-23T18:43:00Z,2026-04-23T21:08:00Z
2205,6,2,2026-04-23T21:28:00Z,2026-04-23T23:53:00Z
2206,4,3,2026-04-23T14:00:00Z,2026-04-23T15:45:00Z
2207,2,3,2026-04-23T16:05:00Z,2026-04-23T18:17:00Z
2208,3,3,2026-04-23T18:47:00Z,2026-04-23T20:24:00Z
2209,7,3,2026-04-23T20:49:00Z,2026-04-23T22:30:00Z
2210,6,3,2026-04-23T22:50:00Z,2026-04-24T01:15:00Z
2211,4,4,2026-04-23T14:00:00Z,2026-04-23T15:45:00Z
2212,6,4,2026-04-23T16:15:00Z,2026-04-23T18:40:00Z
2213,6,4,2026-04-23T19:05:00Z,2026-04-23T21:30:00Z
2214,4,4,2026-04-23T21:55:00Z,2026-04-23T23:40:00Z
2215,8,1,2026-04-24T14:00:00Z,2026-04-24T15:29:00Z
2216,1,1,2026-04-24T15:59:00Z,2026-04-24T17:57:00Z
2217,6,1,2026-04-24T18:17:00Z,2026-04-24T20:42:00Z
2218,4,1,2026-04-24T21:07:00Z,2026-04-24T22:52:00Z
2219,4,1,2026-04-24T23:22:00Z,2026-04-25T01:07:00Z
2220,6,2,2026-04-24T14:00:00Z,2026-04-24T16:25:00Z
2221,2,2,2026-04-24T16:50:00Z,2026-04-24T19:02:00Z
2222,5,2,2026-04-24T19:27:00Z,2026-04-24T21:17:00Z
2223,5,2,2026-04-24T21:47:00Z,2026-04-24T23:37:00Z
2224,6,2,2026-04-24T23:57:00Z,2026-04-25T02:22:00Z
2225,8,3,2026-04-24T14:00:00Z,2026-04-24T15:29:00Z
2226,1,3,2026-04-24T15:54:00Z,2026-04-24T17:52:00Z
2227,4,3,2026-04-24T18:17:00Z,2026-04-24T20:02:00Z
2228,2,3,2026-04-24T20:27:00Z,2026-04-24T22:39:00Z
2229,3,3,2026-04-24T22:59:00Z,2026-04-25T00:36:00Z
2230,1,4,2026-04-24T14:00:00Z,2026-04-24T15:58:00Z
2231,2,4,2026-04-24T16:28:00Z,2026-04-24T18:40:00Z
2232,4,4,2026-04-24T19:00:00Z,2026-04-24T20:45:00Z
2233,7,4,2026-04-24T21:15:00Z,2026-04-24T22:56:00Z
2234,4,4,2026-04-24T23:16:00Z,2026-04-25T01:01:00Z
2235,7,1,2026-04-25T14:00:00Z,2026-04-25T15:41:00Z
2236,2,1,2026-04-25T16:11:00Z,2026-04-25T18:23:00Z
2237,3,1,2026-04-25T18:53:00Z,2026-04-25T20:30:00Z
2238,8,1,2026-04-25T20:50:00Z,2026-04-25T22:19:00Z
2239,6,1,2026-04-25T22:49:00Z,2026-04-26T01:14:00Z
2240,2,2,2026-04-25T14:00:00Z,2026-04-25T16:12:00Z
2241,1,2,2026-04-25T16:32:00Z,2026-04-25T18:30:00Z
2242,5,2,2026-04-25T18:50:00Z,2026-04-25T20:40:00Z
2243,2,2,2026-04-25T21:10:00Z,2026-04-25T23:22:00Z
2244,4,2,2026-04-25T23:52:00Z,2026-04-26T01:37:00Z
2245,7,3,2026-04-25T14:00:00Z,2026-04-25T15:41:00Z
2246,8,3,2026-04-25T16:06:00Z,2026-04-25T17:35:00Z
2247,7,3,2026-04-25T18:05:00Z,2026-04-25T19:46:00Z
2248,6,3,2026-04-25T20:11:00Z,2026-04-25T22:36:00Z
2249,7,3,2026-04-25T22:56:00Z,2026-04-26T00:37:00Z
2250,2,4,2026-04-25T14:00:00Z,2026-04-25T16:12:00Z
2251,1,4,2026-04-25T16:42:00Z,2026-04-25T18:40:00Z
2252,2,4,2026-04-25T19:10:00Z,2026-04-25T21:22:00Z
2253,1,4,2026-04-25T21:52:00Z,2026-04-25T23:50:00Z
2254,2,1,2026-04-26T14:00:00Z,2026-04-26T16:12:00Z
2255,2,1,2026-04-26T16:37:00Z,2026-04-26T18:49:00Z
2256,5,1,2026-04-26T19:14:00Z,2026-04-26T21:04:00Z
2257,2,1,2026-04-26T21:34:00Z,2026-04-26T23:46:00Z
2258,8,2,2026-04-26T14:00:00Z,2026-04-26T15:29:00Z
2259,7,2,2026-04-26T15:54:00Z,2026-04-26T17:35:00Z
2260,1,2,2026-04-26T18:05:00Z,2026-04-26T20:03:00Z
2261,3,2,2026-04-26T20:28:00Z,2026-04-26T22:05:00Z
2262,4,2,2026-04-26T22:35:00Z,2026-04-27T00:20:00Z
2263,7,3,2026-04-26T14:00:00Z,2026-04-26T15:41:00Z
2264,5,3,2026-04-26T16:11:00Z,2026-04-26T18:01:00Z
2265,3,3,2026-04-26T18:31:00Z,2026-04-26T20:08:00Z
2266,6,3,2026-04-26T20:33:00Z,2026-04-26T22:58:00Z
2267,3,3,2026-04-26T23:18:00Z,2026-04-27T00:55:00Z
2268,1,4,2026-04-26T14:00:00Z,2026-04-26T15:58:00Z
2269,7,4,2026-04-26T16:18:00Z,2026-04-26T17:59:00Z
2270,2,4,2026-04-26T18:29:00Z,2026-04-26T20:41:00Z
2271,4,4,2026-04-26T21:06:00Z,2026-04-26T22:51:00Z
2272,6,4,2026-04-26T23:21:00Z,2026-04-27T01:46:00Z
2273,7,1,2026-04-27T14:00:00Z,2026-04-27T15:41:00Z
2274,3,1,2026-04-27T16:11:00Z,2026-04-27T17:48:00Z
2275,3,1,2026-04-27T18:08:00Z,2026-04-27T19:45:00Z
2276,5,1,2026-04-27T20:05:00Z,2026-04-27T21:55:00Z
2277,2,1,2026-04-27T22:15:00Z,2026-04-28T00:27:00Z
2278,1,2,2026-04-27T14:00:00Z,2026-04-27T15:58:00Z
2279,8,2,2026-04-27T16:28:00Z,2026-04-27T17:57:00Z
2280,2,2,2026-04-27T18:27:00Z,2026-04-27T20:39:00Z
2281,2,2,2026-04-27T21:04:00Z,2026-04-27T23:16:00Z
2282,2,2,2026-04-27T23:41:00Z,2026-04-28T01:53:00Z
2283,8,3,2026-04-27T14:00:00Z,2026-04-27T15:29:00Z
2284,6,3,2026-04-27T15:54:00Z,2026-04-27T18:19:00Z
2285,4,3,2026-04-27T18:39:00Z,2026-04-27T20:24:00Z
2286,5,3,2026-04-27T20:44:00Z,2026-04-27T22:34:00Z
2287,2,3,2026-04-27T23:04:00Z,2026-04-28T01:16:00Z
2288,6,4,2026-04-27T14:00:00Z,2026-04-27T16:25:00Z
2289,8,4,2026-04-27T16:50:00Z,2026-04-27T18:19:00Z
2290,5,4,2026-04-27T18:44:00Z,2026-04-27T20:34:00Z
2291,3,4,2026-04-27T21:04:00Z,2026-04-27T22:41:00Z
2292,6,4,2026-04-27T23:11:00Z,2026-04-28T01:36:00Z
2293,7,1,2026-04-28T14:00:00Z,2026-04-28T15:41:00Z
2294,1,1,2026-04-28T16:01:00Z,2026-04-28T17:59:00Z
2295,4,1,2026-04-28T18:24:00Z,2026-04-28T20:09:00Z
2296,7,1,2026-04-28T20:29:00Z,2026-04-28T22:10:00Z
2297,6,1,2026-04-28T22:35:00Z,2026-04-29T01:00:00Z
2298,6,2,2026-04-28T14:00:00Z,2026-04-28T16:25:00Z
2299,8,2,2026-04-28T16:50:00Z,2026-04-28T18:19:00Z
2300,6,2,2026-04-28T18:44:00Z,2026-04-28T21:09:00Z
2301,8,2,2026-04-28T21:34:00Z,2026-04-28T23:03:00Z
2302,2,2,2026-04-28T23:33:00Z,2026-04-29T01:45:00Z
2303,2,3,2026-04-28T14:00:00Z,2026-04-28T16:12:00Z
2304,3,3,2026-04-28T16:37:00Z,2026-04-28T18:14:00Z
2305,4,3,2026-04-28T18:44:00Z,2026-04-28T20:29:00Z
2306,2,3,2026-04-28T20:54:00Z,2026-04-28T23:06:00Z
2307,2,3,2026-04-28T23:36:00Z,2026-04-29T01:48:00Z
2308,1,4,2026-04-28T14:00:00Z,2026-04-28T15:58:00Z
2309,7,4,2026-04-28T16:28:00Z,2026-04-28T18:09:00Z
2310,4,4,2026-04-28T18:39:00Z,2026-04-28T20:24:00Z
2311,5,4,2026-04-28T20:44:00Z,2026-04-28T22:34:00Z
2312,8,4,2026-04-28T23:04:00Z,2026-04-29T00:33:00Z
2313,3,1,2026-04-29T14:00:00Z,2026-04-29T15:37:00Z
2314,7,1,2026-04-29T16:02:00Z,2026-04-29T17:43:00Z
2315,5,1,2026-04-29T18:03:00Z,2026-04-29T19:53:00Z
2316,8,1,2026-04-29T20:13:00Z,2026-04-29T21:42:00Z
2317,2,1,2026-04-29T22:12:00Z,2026-04-30T00:24:00Z
2318,6,2,2026-04-29T14:00:00Z,2026-04-29T16:25:00Z
2319,1,2,2026-04-29T16:55:00Z,2026-04-29T18:53:00Z
2320,4,2,2026-04-29T19:23:00Z,2026-04-29T21:08:00Z
2321,3,2,2026-04-29T21:38:00Z,2026-04-29T23:15:00Z
2322,3,2,2026-04-29T23:45:00Z,2026-04-30T01:22:00Z
2323,3,3,2026-04-29T14:00:00Z,2026-04-29T15:37:00Z
2324,3,3,2026-04-29T15:57:00Z,2026-04-29T17:34:00Z
2325,8,3,2026-04-29T18:04:00Z,2026-04-29T19:33:00Z
2326,1,3,2026-04-29T19:58:00Z,2026-04-29T21:56:00Z
2327,8,3,2026-04-29T22:16:00Z,2026-04-29T23:45:00Z
2328,2,4,2026-04-29T14:00:00Z,2026-04-29T16:12:00Z
2329,6,4,2026-04-29T16:37:00Z,2026-04-29T19:02:00Z
2330,1,4,2026-04-29T19:22:00Z,2026-04-29T21:20:00Z
2331,4,4,2026-04-29T21:50:00Z,2026-04-29T23:35:00Z
2332,6,1,2026-04-30T14:00:00Z,2026-04-30T16:25:00Z
2333,8,1,2026-04-30T16:50:00Z,2026-04-30T18:19:00Z
2334,1,1,2026-04-30T18:44:00Z,2026-04-30T20:42:00Z
2335,6,1,2026-04-30T21:02:00Z,2026-04-30T23:27:00Z
2336,5,1,2026-04-30T23:47:00Z,2026-05-01T01:37:00Z
2337,5,2,2026-04-30T14:00:00Z,2026-04-30T15:50:00Z
2338,3,2,2026-04-30T16:20:00Z,2026-04-30T17:57:00Z
2339,7,2,2026-04-30T18:22:00Z,2026-04-30T20:03:00Z
2340,2,2,2026-04-30T20:28:00Z,2026-04-30T22:40:00Z
2341,5,2,2026-04-30T23:10:00Z,2026-05-01T01:00:00Z
2342,4,3,2026-04-30T14:00:00Z,2026-04-30T15:45:00Z
2343,7,3,2026-04-30T16:15:00Z,2026-04-30T17:56:00Z
2344,6,3,2026-04-30T18:21:00Z,2026-04-30T20:46:00Z
2345,8,3,2026-04-30T21:11:00Z,2026-04-30T22:40:00Z
2346,1,3,2026-04-30T23:10:00Z,2026-05-01T01:08:00Z
2347,3,4,2026-04-30T14:00:00Z,2026-04-30T15:37:00Z
2348,3,4,2026-04-30T16:02:00Z,2026-04-30T17:39:00Z
2349,2,4,2026-04-30T17:59:00Z,2026-04-30T20:11:00Z
2350,5,4,2026-04-30T20:41:00Z,2026-04-30T22:31:00Z
2351,3,4,2026-04-30T22:51:00Z,2026-05-01T00:28:00Z
2352,3,1,2026-05-01T14:00:00Z,2026-05-01T15:37:00Z
2353,2,1,2026-05-01T16:02:00Z,2026-05-01T18:14:00Z
2354,4,1,2026-05-01T18:44:00Z,2026-05-01T20:29:00Z
2355,6,1,2026-05-01T20:54:00Z,2026-05-01T23:19:00Z
2356,2,1,2026-05-01T23:49:00Z,2026-05-02T02:01:00Z
2357,8,2,2026-05-01T14:00:00Z,2026-05-01T15:29:00Z
2358,4,2,2026-05-01T15:54:00Z,2026-05-01T17:39:00Z
2359,3,2,2026-05-01T18:09:00Z,2026-05-01T19:46:00Z
2360,7,2,2026-05-01T20:16:00Z,2026-05-01T21:57:00Z
2361,4,2,2026-05-01T22:17:00Z,2026-05-02T00:02:00Z
2362,3,3,2026-05-01T14:00:00Z,2026-05-01T15:37:00Z
2363,3,3,2026-05-01T16:07:00Z,2026-05-01T17:44:00Z
2364,1,3,2026-05-01T18:04:00Z,2026-05-01T20:02:00Z
2365,3,3,2026-05-01T20:32:00Z,2026-05-01T22:09:00Z
2366,3,3,2026-05-01T22:29:00Z,2026-05-02T00:06:00Z
2367,3,4,2026-05-01T14:00:00Z,2026-05-01T15:37:00Z
2368,7,4,2026-05-01T16:07:00Z,2026-05-01T17:48:00Z
2369,1,4,2026-05-01T18:18:00Z,2026-05-01T20:16:00Z
2370,5,4,2026-05-01T20:46:00Z,2026-05-01T22:36:00Z
2371,4,4,2026-05-01T22:56:00Z,2026-05-02T00:41:00Z
2372,8,1,2026-05-02T14:00:00Z,2026-05-02T15:29:00Z
2373,3,1,2026-05-02T15:54:00Z,2026-05-02T17:31:00Z
2374,7,1,2026-05-02T17:51:00Z,2026-05-02T19:32:00Z
2375,3,1,2026-05-02T20:02:00Z,2026-05-02T21:39:00Z
2376,3,1,2026-05-02T22:09:00Z,2026-05-02T23:46:00Z
2377,5,2,2026-05-02T14:00:00Z,2026-05-02T15:50:00Z
2378,6,2,2026-05-02T16:10:00Z,2026-05-02T18:35:00Z
2379,2,2,2026-05-02T19:00:00Z,2026-05-02T21:12:00Z
2380,7,2,2026-05-02T21:32:00Z,2026-05-02T23:13:00Z
2381,3,2,2026-05-02T23:38:00Z,2026-05-03T01:15:00Z
2382,1,3,2026-05-02T14:00:00Z,2026-05-02T15:58:00Z
2383,7,3,2026-05-02T16:18:00Z,2026-05-02T17:59:00Z
2384,2,3,2026-05-02T18:19:00Z,2026-05-02T20:31:00Z
2385,8,3,2026-05-02T20:51:00Z,2026-05-02T22:20:00Z
2386,1,3,2026-05-02T22:50:00Z,2026-05-03T00:48:00Z
2387,2,4,2026-05-02T14:00:00Z,2026-05-02T16:12:00Z
2388,8,4,2026-05-02T16:32:00Z,2026-05-02T18:01:00Z
2389,3,4,2026-05-02T18:31:00Z,2026-05-02T20:08:00Z
2390,1,4,2026-05-02T20:38:00Z,2026-05-02T22:36:00Z
2391,7,4,2026-05-02T23:06:00Z,2026-05-03T00:47:00Z
2392,7,1,2026-05-03T14:00:00Z,2026-05-03T15:41:00Z
2393,1,1,2026-05-03T16:06:00Z,2026-05-03T18:04:00Z
2394,7,1,2026-05-03T18:34:00Z,2026-05-03T20:15:00Z
2395,8,1,2026-05-03T20:35:00Z,2026-05-03T22:04:00Z
2396,6,1,2026-05-03T22:29:00Z,2026-05-04T00:54:00Z
2397,2,2,2026-05-03T14:00:00Z,2026-05-03T16:12:00Z
2398,3,2,2026-05-03T16:37:00Z,2026-05-03T18:14:00Z
2399,8,2,2026-05-03T18:39:00Z,2026-05-03T20:08:00Z
2400,2,2,2026-05-03T20:28:00Z,2026-05-03T22:40:00Z
2401,7,2,2026-05-03T23:05:00Z,2026-05-04T00:46:00Z
2402,4,3,2026-05-03T14:00:00Z,2026-05-03T15:45:00Z
2403,1,3,2026-05-03T16:05:00Z,2026-05-03T18:03:00Z
2404,2,3,2026-05-03T18:33:00Z,2026-05-03T20:45:00Z
2405,1,3,2026-05-03T21:15:00Z,2026-05-03T23:13:00Z
2406,4,3,2026-05-03T23:38:00Z,2026-05-04T01:23:00Z
2407,6,4,2026-05-03T14:00:00Z,2026-05-03T16:25:00Z
2408,6,4,2026-05-03T16:50:00Z,2026-05-03T19:15:00Z
2409,3,4,2026-05-03T19:35:00Z,2026-05-03T21:12:00Z
2410,5,4,2026-05-03T21:37:00Z,2026-05-03T23:27:00Z
2411,7,4,2026-05-03T23:52:00Z,2026-05-04T01:33:00Z
2412,6,1,2026-05-04T14:00:00Z,2026-05-04T16:25:00Z
2413,5,1,2026-05-04T16:55:00Z,2026-05-04T18:45:00Z
2414,7,1,2026-05-04T19:15:00Z,2026-05-04T20:56:00Z
2415,7,1,2026-05-04T21:16:00Z,2026-05-04T22:57:00Z
2416,8,1,2026-05-04T23:27:00Z,2026-05-05T00:56:00Z
2417,6,2,2026-05-04T14:00:00Z,2026-05-04T16:25:00Z
2418,8,2,2026-05-04T16:55:00Z,2026-05-04T18:24:00Z
2419,5,2,2026-05-04T18:49:00Z,2026-05-04T20:39:00Z
2420,6,2,2026-05-04T21:09:00Z,2026-05-04T23:34:00Z
2421,7,3,2026-05-04T14:00:00Z,2026-05-04T15:41:00Z
2422,3,3,2026-05-04T16:11:00Z,2026-05-04T17:48:00Z
2423,2,3,2026-05-04T18:18:00Z,2026-05-04T20:30:00Z
2424,4,3,2026-05-04T21:00:00Z,2026-05-04T22:45:00Z
2425,3,3,2026-05-04T23:10:00Z,2026-05-05T00:47:00Z
2426,4,4,2026-05-04T14:00:00Z,2026-05-04T15:45:00Z
2427,7,4,2026-05-04T16:15:00Z,2026-05-04T17:56:00Z
2428,1,4,2026-05-04T18:21:00Z,2026-05-04T20:19:00Z
2429,7,4,2026-05-04T20:39:00Z,2026-05-04T22:20:00Z
2430,1,4,2026-05-04T22:50:00Z,2026-05-05T00:48:00Z
2431,3,1,2026-05-05T14:00:00Z,2026-05-05T15:37:00Z
2432,7,1,2026-05-05T16:02:00Z,2026-05-05T17:43:00Z
2433,2,1,2026-05-05T18:03:00Z,2026-05-05T20:15:00Z
2434,4,1,2026-05-05T20:40:00Z,2026-05-05T22:25:00Z
2435,2,1,2026-05-05T22:50:00Z,2026-05-06T01:02:00Z
2436,1,2,2026-05-05T14:00:00Z,2026-05-05T15:58:00Z
2437,7,2,2026-05-05T16:28:00Z,2026-05-05T18:09:00Z
2438,5,2,2026-05-05T18:34:00Z,2026-05-05T20:24:00Z
2439,1,2,2026-05-05T20:54:00Z,2026-05-05T22:52:00Z
2440,8,2,2026-05-05T23:12:00Z,2026-05-06T00:41:00Z
2441,1,3,2026-05-05T14:00:00Z,2026-05-05T15:58:00Z
2442,5,3,2026-05-05T16:18:00Z,2026-05-05T18:08:00Z
2443,1,3,2026-05-05T18:28:00Z,2026-05-05T20:26:00Z
2444,4,3,2026-05-05T20:56:00Z,2026-05-05T22:41:00Z
2445,3,3,2026-05-05T23:11:00Z,2026-05-06T00:48:00Z
2446,1,4,2026-05-05T14:00:00Z,2026-05-05T15:58:00Z
2447,4,4,2026-05-05T16:23:00Z,2026-05-05T18:08:00Z
2448,1,4,2026-05-05T18:38:00Z,2026-05-05T20:36:00Z
2449,2,4,2026-05-05T20:56:00Z,2026-05-05T23:08:00Z
2450,7,4,2026-05-05T23:33:00Z,2026-05-06T01:14:00Z
2451,7,1,2026-05-06T14:00:00Z,2026-05-06T15:41:00Z
2452,4,1,2026-05-06T16:06:00Z,2026-05-06T17:51:00Z
2453,1,1,2026-05-06T18:21:00Z,2026-05-06T20:19:00Z
2454,2,1,2026-05-06T20:49:00Z,2026-05-06T23:01:00Z
2455,5,1,2026-05-06T23:21:00Z,2026-05-07T01:11:00Z
2456,6,2,2026-05-06T14:00:00Z,2026-05-06T16:25:00Z
2457,5,2,2026-05-06T16:50:00Z,2026-05-06T18:40:00Z
2458,4,2,2026-05-06T19:00:00Z,2026-05-06T20:45:00Z
2459,7,2,2026-05-06T21:10:00Z,2026-05-06T22:51:00Z
2460,1,2,2026-05-06T23:21:00Z,2026-05-07T01:19:00Z
2461,3,3,2026-05-06T14:00:00Z,2026-05-06T15:37:00Z
2462,2,3,2026-05-06T16:02:00Z,2026-05-06T18:14:00Z
2463,2,3,2026-05-06T18:44:00Z,2026-05-06T20:56:00Z
2464,5,3,2026-05-06T21:26:00Z,2026-05-06T23:16:00Z
2465,2,3,2026-05-06T23:41:00Z,2026-05-07T01:53:00Z
2466,5,4,2026-05-06T14:00:00Z,2026-05-06T15:50:00Z
2467,5,4,2026-05-06T16:20:00Z,2026-05-06T18:10:00Z
2468,8,4,2026-05-06T18:40:00Z,2026-05-06T20:09:00Z
2469,8,4,2026-05-06T20:34:00Z,2026-05-06T22:03:00Z
2470,6,4,2026-05-06T22:23:00Z,2026-05-07T00:48:00Z
2471,8,1,2026-05-07T14:00:00Z,2026-05-07T15:29:00Z
2472,1,1,2026-05-07T15:59:00Z,2026-05-07T17:57:00Z
2473,2,1,2026-05-07T18:22:00Z,2026-05-07T20:34:00Z
2474,2,1,2026-05-07T20:59:00Z,2026-05-07T23:11:00Z
2475,4,1,2026-05-07T23:36:00Z,2026-05-08T01:21:00Z
2476,4,2,2026-05-07T14:00:00Z,2026-05-07T15:45:00Z
2477,7,2,2026-05-07T16:10:00Z,2026-05-07T17:51:00Z
2478,1,2,2026-05-07T18:16:00Z,2026-05-07T20:14:00Z
2479,5,2,2026-05-07T20:44:00Z,2026-05-07T22:34:00Z
2480,5,2,2026-05-07T22:54:00Z,2026-05-08T00:44:00Z
2481,7,3,2026-05-07T14:00:00Z,2026-05-07T15:41:00Z
2482,6,3,2026-05-07T16:11:00Z,2026-05-07T18:36:00Z
2483,3,3,2026-05-07T18:56:00Z,2026-05-07T20:33:00Z
2484,6,3,2026-05-07T20:58:00Z,2026-05-07T23:23:00Z
2485,4,3,2026-05-07T23:48:00Z,2026-05-08T01:33:00Z
2486,5,4,2026-05-07T14:00:00Z,2026-05-07T15:50:00Z
2487,4,4,2026-05-07T16:10:00Z,2026-05-07T17:55:00Z
2488,4,4,2026-05-07T18:20:00Z,2026-05-07T20:05:00Z
2489,4,4,2026-05-07T20:25:00Z,2026-05-07T22:10:00Z
2490,4,4,2026-05-07T22:35:00Z,2026-05-08T00:20:00Z
2491,4,1,2026-05-08T14:00:00Z,2026-05-08T15:45:00Z
2492,6,1,2026-05-08T16:05:00Z,2026-05-08T18:30:00Z
2493,2,1,2026-05-08T18:50:00Z,2026-05-08T21:02:00Z
2494,2,1,2026-05-08T21:22:00Z,2026-05-08T23:34:00Z
2495,8,2,2026-05-08T14:00:00Z,2026-05-08T15:29:00Z
2496,1,2,2026-05-08T15:59:00Z,2026-05-08T17:57:00Z
2497,1,2,2026-05-08T18:27:00Z,2026-05-08T20:25:00Z
2498,6,2,2026-05-08T20:50:00Z,2026-05-08T23:15:00Z
2499,6,2,2026-05-08T23:45:00Z,2026-05-09T02:10:00Z
2500,5,3,2026-05-08T14:00:00Z,2026-05-08T15:50:00Z
2501,3,3,2026-05-08T16:15:00Z,2026-05-08T17:52:00Z
2502,5,3,2026-05-08T18:22:00Z,2026-05-08T20:12:00Z
2503,4,3,2026-05-08T20:37:00Z,2026-05-08T22:22:00Z
2504,3,3,2026-05-08T22:52:00Z,2026-05-09T00:29:00Z
2505,7,4,2026-05-08T14:00:00Z,2026-05-08T15:41:00Z
2506,1,4,2026-05-08T16:06:00Z,2026-05-08T18:04:00Z
2507,6,4,2026-05-08T18:34:00Z,2026-05-08T20:59:00Z
2508,3,4,2026-05-08T21:24:00Z,2026-05-08T23:01:00Z
2509,2,4,2026-05-08T23:26:00Z,2026-05-09T01:38:00Z
2510,8,1,2026-05-09T14:00:00Z,2026-05-09T15:29:00Z
2511,1,1,2026-05-09T15:54:00Z,2026-05-09T17:52:00Z
2512,4,1,2026-05-09T18:12:00Z,2026-05-09T19:57:00Z
2513,2,1,2026-05-09T20:22:00Z,2026-05-09T22:34:00Z
2514,6,1,2026-05-09T22:59:00Z,2026-05-10T01:24:00Z
2515,5,2,2026-05-09T14:00:00Z,2026-05-09T15:50:00Z
2516,5,2,2026-05-09T16:10:00Z,2026-05-09T18:00:00Z
2517,5,2,2026-05-09T18:20:00Z,2026-05-09T20:10:00Z
2518,6,2,2026-05-09T20:35:00Z,2026-05-09T23:00:00Z
2519,3,2,2026-05-09T23:25:00Z,2026-05-10T01:02:00Z
2520,7,3,2026-05-09T14:00:00Z,2026-05-09T15:41:00Z
2521,7,3,2026-05-09T16:01:00Z,2026-05-09T17:42:00Z
2522,6,3,2026-05-09T18:12:00Z,2026-05-09T20:37:00Z
2523,7,3,2026-05-09T21:02:00Z,2026-05-09T22:43:00Z
2524,8,3,2026-05-09T23:08:00Z,2026-05-10T00:37:00Z
2525,3,4,2026-05-09T14:00:00Z,2026-05-09T15:37:00Z
2526,4,4,2026-05-09T16:07:00Z,2026-05-09T17:52:00Z
2527,5,4,2026-05-09T18:12:00Z,2026-05-09T20:02:00Z
2528,7,4,2026-05-09T20:22:00Z,2026-05-09T22:03:00Z
2529,4,4,2026-05-09T22:28:00Z,2026-05-10T00:13:00Z
2530,3,1,2026-05-10T14:00:00Z,2026-05-10T15:37:00Z
2531,1,1,2026-05-10T16:02:00Z,2026-05-10T18:00:00Z
2532,7,1,2026-05-10T18:20:00Z,2026-05-10T20:01:00Z
2533,3,1,2026-05-10T20:26:00Z,2026-05-10T22:03:00Z
2534,6,1,2026-05-10T22:33:00Z,2026-05-11T00:58:00Z
2535,5,2,2026-05-10T14:00:00Z,2026-05-10T15:50:00Z
2536,1,2,2026-05-10T16:15:00Z,2026-05-10T18:13:00Z
2537,2,2,2026-05-10T18:38:00Z,2026-05-10T20:50:00Z
2538,3,2,2026-05-10T21:20:00Z,2026-05-10T22:57:00Z
2539,4,2,2026-05-10T23:17:00Z,2026-05-11T01:02:00Z
2540,8,3,2026-05-10T14:00:00Z,2026-05-10T15:29:00Z
2541,2,3,2026-05-10T15:59:00Z,2026-05-10T18:11:00Z
2542,6,3,2026-05-10T18:36:00Z,2026-05-10T21:01:00Z
2543,6,3,2026-05-10T21:26:00Z,2026-05-10T23:51:00Z
2544,5,4,2026-05-10T14:00:00Z,2026-05-10T15:50:00Z
2545,1,4,2026-05-10T16:15:00Z,2026-05-10T18:13:00Z
2546,2,4,2026-05-10T18:38:00Z,2026-05-10T20:50:00Z
2547,4,4,2026-05-10T21:15:00Z,2026-05-10T23:00:00Z
2548,3,4,2026-05-10T23:30:00Z,2026-05-11T01:07:00Z
2549,6,1,2026-05-11T14:00:00Z,2026-05-11T16:25:00Z
2550,8,1,2026-05-11T16:50:00Z,2026-05-11T18:19:00Z
2551,8,1,2026-05-11T18:49:00Z,2026-05-11T20:18:00Z
2552,7,1,2026-05-11T20:38:00Z,2026-05-11T22:19:00Z
2553,5,1,2026-05-11T22:49:00Z,2026-05-12T00:39:00Z
2554,3,2,2026-05-11T14:00:00Z,2026-05-11T15:37:00Z
2555,6,2,2026-05-11T15:57:00Z,2026-05-11T18:22:00Z
2556,7,2,2026-05-11T18:47:00Z,2026-05-11T20:28:00Z
2557,2,2,2026-05-11T20:48:00Z,2026-05-11T23:00:00Z
2558,6,2,2026-05-11T23:20:00Z,2026-05-12T01:45:00Z
2559,6,3,2026-05-11T14:00:00Z,2026-05-11T16:25:00Z
2560,5,3,2026-05-11T16:50:00Z,2026-05-11T18:40:00Z
2561,5,3,2026-05-11T19:10:00Z,2026-05-11T21:00:00Z
2562,7,3,2026-05-11T21:30:00Z,2026-05-11T23:11:00Z
2563,8,3,2026-05-11T23:36:00Z,2026-05-12T01:05:00Z
2564,8,4,2026-05-11T14:00:00Z,2026-05-11T15:29:00Z
2565,3,4,2026-05-11T15:54:00Z,2026-05-11T17:31:00Z
2566,1,4,2026-05-11T17:51:00Z,2026-05-11T19:49:00Z
2567,4,4,2026-05-11T20:09:00Z,2026-05-11T21:54:00Z
2568,5,4,2026-05-11T22:24:00Z,2026-05-12T00:14:00Z
2569,2,1,2026-05-12T14:00:00Z,2026-05-12T16:12:00Z
2570,3,1,2026-05-12T16:32:00Z,2026-05-12T18:09:00Z
2571,2,1,2026-05-12T18:34:00Z,2026-05-12T20:46:00Z
2572,2,1,2026-05-12T21:06:00Z,2026-05-12T23:18:00Z
2573,1,1,2026-05-12T23:43:00Z,2026-05-13T01:41:00Z
2574,7,2,2026-05-12T14:00:00Z,2026-05-12T15:41:00Z
2575,2,2,2026-05-12T16:11:00Z,2026-05-12T18:23:00Z
2576,5,2,2026-05-12T18:43:00Z,2026-05-12T20:33:00Z
2577,3,2,2026-05-12T21:03:00Z,2026-05-12T22:40:00Z
2578,7,2,2026-05-12T23:00:00Z,2026-05-13T00:41:00Z
2579,4,3,2026-05-12T14:00:00Z,2026-05-12T15:45:00Z
2580,5,3,2026-05-12T16:05:00Z,2026-05-12T17:55:00Z
2581,3,3,2026-05-12T18:20:00Z,2026-05-12T19:57:00Z
2582,3,3,2026-05-12T20:17:00Z,2026-05-12T21:54:00Z
2583,1,3,2026-05-12T22:14:00Z,2026-05-13T00:12:00Z
2584,6,4,2026-05-12T14:00:00Z,2026-05-12T16:25:00Z
2585,8,4,2026-05-12T16:50:00Z,2026-05-12T18:19:00Z
2586,5,4,2026-05-12T18:44:00Z,2026-05-12T20:34:00Z
2587,8,4,2026-05-12T21:04:00Z,2026-05-12T22:33:00Z
2588,3,4,2026-05-12T22:53:00Z,2026-05-13T00:30:00Z
2589,8,1,2026-05-13T14:00:00Z,2026-05-13T15:29:00Z
2590,7,1,2026-05-13T15:59:00Z,2026-05-13T17:40:00Z
2591,5,1,2026-05-13T18:10:00Z,2026-05-13T20:00:00Z
2592,8,1,2026-05-13T20:25:00Z,2026-05-13T21:54:00Z
2593,4,1,2026-05-13T22:24:00Z,2026-05-14T00:09:00Z
2594,8,2,2026-05-13T14:00:00Z,2026-05-13T15:29:00Z
2595,6,2,2026-05-13T15:54:00Z,2026-05-13T18:19:00Z
2596,5,2,2026-05-13T18:44:00Z,2026-05-13T20:34:00Z
2597,5,2,2026-05-13T20:54:00Z,2026-05-13T22:44:00Z
2598,1,2,2026-05-13T23:04:00Z,2026-05-14T01:02:00Z
2599,3,3,2026-05-13T14:00:00Z,2026-05-13T15:37:00Z
2600,5,3,2026-05-13T16:02:00Z,2026-05-13T17:52:00Z
2601,1,3,2026-05-13T18:17:00Z,2026-05-13T20:15:00Z
2602,8,3,2026-05-13T20:45:00Z,2026-05-13T22:14:00Z
2603,5,3,2026-05-13T22:39:00Z,2026-05-14T00:29:00Z
2604,7,4,2026-05-13T14:00:00Z,2026-05-13T15:41:00Z
2605,4,4,2026-05-13T16:06:00Z,2026-05-13T17:51:00Z
2606,6,4,2026-05-13T18:11:00Z,2026-05-13T20:36:00Z
2607,7,4,2026-05-13T20:56:00Z,2026-05-13T22:37:00Z
2608,7,4,2026-05-13T23:07:00Z,2026-05-14T00:48:00Z
2609,4,1,2026-05-14T14:00:00Z,2026-05-14T15:45:00Z
2610,7,1,2026-05-14T16:05:00Z,2026-05-14T17:46:00Z
2611,4,1,2026-05-14T18:11:00Z,2026-05-14T19:56:00Z
2612,2,1,2026-05-14T20:21:00Z,2026-05-14T22:33:00Z
2613,4,1,2026-05-14T22:58:00Z,2026-05-15T00:43:00Z
2614,5,2,2026-05-14T14:00:00Z,2026-05-14T15:50:00Z
2615,5,2,2026-05-14T16:15:00Z,2026-05-14T18:05:00Z
2616,4,2,2026-05-14T18:30:00Z,2026-05-14T20:15:00Z
2617,3,2,2026-05-14T20:35:00Z,2026-05-14T22:12:00Z
2618,5,2,2026-05-14T22:32:00Z,2026-05-15T00:22:00Z
2619,8,3,2026-05-14T14:00:00Z,2026-05-14T15:29:00Z
2620,8,3,2026-05-14T15:59:00Z,2026-05-14T17:28:00Z
2621,8,3,2026-05-14T17:53:00Z,2026-05-14T19:22:00Z
2622,6,3,2026-05-14T19:42:00Z,2026-05-14T22:07:00Z
2623,3,3,2026-05-14T22:27:00Z,2026-05-15T00:04:00Z
2624,1,4,2026-05-14T14:00:00Z,2026-05-14T15:58:00Z
2625,2,4,2026-05-14T16:18:00Z,2026-05-14T18:30:00Z
2626,5,4,2026-05-14T18:55:00Z,2026-05-14T20:45:00Z
2627,8,4,2026-05-14T21:05:00Z,2026-05-14T22:34:00Z
2628,1,4,2026-05-14T23:04:00Z,2026-05-15T01:02:00Z
2629,2,1,2026-05-15T14:00:00Z,2026-05-15T16:12:00Z
2630,1,1,2026-05-15T16:32:00Z,2026-05-15T18:30:00Z
2631,4,1,2026-05-15T18:55:00Z,2026-05-15T20:40:00Z
2632,7,1,2026-05-15T21:05:00Z,2026-05-15T22:46:00Z
2633,8,1,2026-05-15T23:11:00Z,2026-05-16T00:40:00Z
2634,8,2,2026-05-15T14:00:00Z,2026-05-15T15:29:00Z
2635,1,2,2026-05-15T15:59:00Z,2026-05-15T17:57:00Z
2636,2,2,2026-05-15T18:22:00Z,2026-05-15T20:34:00Z
2637,1,2,2026-05-15T20:54:00Z,2026-05-15T22:52:00Z
2638,7,2,2026-05-15T23:17:00Z,2026-05-16T00:58:00Z
2639,8,3,2026-05-15T14:00:00Z,2026-05-15T15:29:00Z
2640,4,3,2026-05-15T15:49:00Z,2026-05-15T17:34:00Z
2641,7,3,2026-05-15T17:59:00Z,2026-05-15T19:40:00Z
2642,2,3,2026-05-15T20:00:00Z,2026-05-15T22:12:00Z
2643,4,3,2026-05-15T22:42:00Z,2026-05-16T00:27:00Z
2644,8,4,2026-05-15T14:00:00Z,2026-05-15T15:29:00Z
2645,1,4,2026-05-15T15:49:00Z,2026-05-15T17:47:00Z
2646,8,4,2026-05-15T18:07:00Z,2026-05-15T19:36:00Z
2647,2,4,2026-05-15T20:06:00Z,2026-05-15T22:18:00Z
2648,4,4,2026-05-15T22:48:00Z,2026-05-16T00:33:00Z
2649,7,1,2026-05-16T14:00:00Z,2026-05-16T15:41:00Z
2650,5,1,2026-05-16T16:11:00Z,2026-05-16T18:01:00Z
2651,3,1,2026-05-16T18:26:00Z,2026-05-16T20:03:00Z
2652,1,1,2026-05-16T20:33:00Z,2026-05-16T22:31:00Z
2653,2,1,2026-05-16T23:01:00Z,2026-05-17T01:13:00Z
2654,8,2,2026-05-16T14:00:00Z,2026-05-16T15:29:00Z
2655,5,2,2026-05-16T15:59:00Z,2026-05-16T17:49:00Z
2656,6,2,2026-05-16T18:09:00Z,2026-05-16T20:34:00Z
2657,4,2,2026-05-16T20:54:00Z,2026-05-16T22:39:00Z
2658,4,2,2026-05-16T22:59:00Z,2026-05-17T00:44:00Z
2659,7,3,2026-05-16T14:00:00Z,2026-05-16T15:41:00Z
2660,1,3,2026-05-16T16:06:00Z,2026-05-16T18:04:00Z
2661,5,3,2026-05-16T18:24:00Z,2026-05-16T20:14:00Z
2662,2,3,2026-05-16T20:44:00Z,2026-05-16T22:56:00Z
2663,4,3,2026-05-16T23:21:00Z,2026-05-17T01:06:00Z
2664,1,4,2026-05-16T14:00:00Z,2026-05-16T15:58:00Z
2665,8,4,2026-05-16T16:28:00Z,2026-05-16T17:57:00Z
2666,3,4,2026-05-16T18:27:00Z,2026-05-16T20:04:00Z
2667,2,4,2026-05-16T20:29:00Z,2026-05-16T22:41:00Z
2668,3,4,2026-05-16T23:01:00Z,2026-05-17T00:38:00Z
2669,2,1,2026-05-17T14:00:00Z,2026-05-17T16:12:00Z
2670,6,1,2026-05-17T16:42:00Z,2026-05-17T19:07:00Z
2671,1,1,2026-05-17T19:37:00Z,2026-05-17T21:35:00Z
2672,6,1,2026-05-17T21:55:00Z,2026-05-18T00:20:00Z
2673,3,2,2026-05-17T14:00:00Z,2026-05-17T15:37:00Z
2674,2,2,2026-05-17T16:07:00Z,2026-05-17T18:19:00Z
2675,8,2,2026-05-17T18:39:00Z,2026-05-17T20:08:00Z
2676,6,2,2026-05-17T20:28:00Z,2026-05-17T22:53:00Z
2677,6,2,2026-05-17T23:23:00Z,2026-05-18T01:48:00Z
2678,4,3,2026-05-17T14:00:00Z,2026-05-17T15:45:00Z
2679,7,3,2026-05-17T16:05:00Z,2026-05-17T17:46:00Z
2680,3,3,2026-05-17T18:11:00Z,2026-05-17T19:48:00Z
2681,1,3,2026-05-17T20:13:00Z,2026-05-17T22:11:00Z
2682,8,3,2026-05-17T22:36:00Z,2026-05-18T00:05:00Z
2683,5,4,2026-05-17T14:00:00Z,2026-05-17T15:50:00Z
2684,8,4,2026-05-17T16:20:00Z,2026-05-17T17:49:00Z
2685,3,4,2026-05-17T18:09:00Z,2026-05-17T19:46:00Z
2686,6,4,2026-05-17T20:16:00Z,2026-05-17T22:41:00Z
2687,8,4,2026-05-17T23:06:00Z,2026-05-18T00:35:00Z
2688,3,1,2026-05-18T14:00:00Z,2026-05-18T15:37:00Z
2689,3,1,2026-05-18T15:57:00Z,2026-05-18T17:34:00Z
2690,5,1,2026-05-18T17:59:00Z,2026-05-18T19:49:00Z
2691,6,1,2026-05-18T20:14:00Z,2026-05-18T22:39:00Z
2692,1,1,2026-05-18T23:04:00Z,2026-05-19T01:02:00Z
2693,7,2,2026-05-18T14:00:00Z,2026-05-18T15:41:00Z
2694,3,2,2026-05-18T16:11:00Z,2026-05-18T17:48:00Z
2695,6,2,2026-05-18T18:08:00Z,2026-05-18T20:33:00Z
2696,4,2,2026-05-18T21:03:00Z,2026-05-18T22:48:00Z
2697,2,2,2026-05-18T23:13:00Z,2026-05-19T01:25:00Z
2698,7,3,2026-05-18T14:00:00Z,2026-05-18T15:41:00Z
2699,8,3,2026-05-18T16:01:00Z,2026-05-18T17:30:00Z
2700,3,3,2026-05-18T18:00:00Z,2026-05-18T19:37:00Z
2701,5,3,2026-05-18T20:07:00Z,2026-05-18T21:57:00Z
2702,7,3,2026-05-18T22:22:00Z,2026-05-19T00:03:00Z
2703,6,4,2026-05-18T14:00:00Z,2026-05-18T16:25:00Z
2704,2,4,2026-05-18T16:45:00Z,2026-05-18T18:57:00Z
2705,2,4,2026-05-18T19:27:00Z,2026-05-18T21:39:00Z
2706,3,4,2026-05-18T21:59:00Z,2026-05-18T23:36:00Z
2707,1,4,2026-05-18T23:56:00Z,2026-05-19T01:54:00Z
2708,2,1,2026-05-19T14:00:00Z,2026-05-19T16:12:00Z
2709,4,1,2026-05-19T16:37:00Z,2026-05-19T18:22:00Z
2710,1,1,2026-05-19T18:42:00Z,2026-05-19T20:40:00Z
2711,7,1,2026-05-19T21:10:00Z,2026-05-19T22:51:00Z
2712,8,1,2026-05-19T23:21:00Z,2026-05-20T00:50:00Z
2713,5,2,2026-05-19T14:00:00Z,2026-05-19T15:50:00Z
2714,6,2,2026-05-19T16:10:00Z,2026-05-19T18:35:00Z
2715,2,2,2026-05-19T18:55:00Z,2026-05-19T21:07:00Z
2716,4,2,2026-05-19T21:27:00Z,2026-05-19T23:12:00Z
2717,8,2,2026-05-19T23:42:00Z,2026-05-20T01:11:00Z
2718,8,3,2026-05-19T14:00:00Z,2026-05-19T15:29:00Z
2719,1,3,2026-05-19T15:59:00Z,2026-05-19T17:57:00Z
2720,7,3,2026-05-19T18:22:00Z,2026-05-19T20:03:00Z
2721,1,3,2026-05-19T20:28:00Z,2026-05-19T22:26:00Z
2722,5,3,2026-05-19T22:56:00Z,2026-05-20T00:46:00Z
2723,1,4,2026-05-19T14:00:00Z,2026-05-19T15:58:00Z
2724,2,4,2026-05-19T16:28:00Z,2026-05-19T18:40:00Z
2725,2,4,2026-05-19T19:05:00Z,2026-05-19T21:17:00Z
2726,2,4,2026-05-19T21:37:00Z,2026-05-19T23:49:00Z
2727,4,1,2026-05-20T14:00:00Z,2026-05-20T15:45:00Z
2728,7,1,2026-05-20T16:15:00Z,2026-05-20T17:56:00Z
2729,4,1,2026-05-20T18:16:00Z,2026-05-20T20:01:00Z
2730,4,1,2026-05-20T20:31:00Z,2026-05-20T22:16:00Z
2731,3,1,2026-05-20T22:46:00Z,2026-05-21T00:23:00Z
2732,7,2,2026-05-20T14:00:00Z,2026-05-20T15:41:00Z
2733,2,2,2026-05-20T16:11:00Z,2026-05-20T18:23:00Z
2734,6,2,2026-05-20T18:53:00Z,2026-05-20T21:18:00Z
2735,8,2,2026-05-20T21:48:00Z,2026-05-20T23:17:00Z
2736,7,2,2026-05-20T23:47:00Z,2026-05-21T01:28:00Z
2737,3,3,2026-05-20T14:00:00Z,2026-05-20T15:37:00Z
2738,7,3,2026-05-20T15:57:00Z,2026-05-20T17:38:00Z
2739,6,3,2026-05-20T18:08:00Z,2026-05-20T20:33:00Z
2740,3,3,2026-05-20T21:03:00Z,2026-05-20T22:40:00Z
2741,8,3,2026-05-20T23:10:00Z,2026-05-21T00:39:00Z
2742,6,4,2026-05-20T14:00:00Z,2026-05-20T16:25:00Z
2743,6,4,2026-05-20T16:55:00Z,2026-05-20T19:20:00Z
2744,7,4,2026-05-20T19:45:00Z,2026-05-20T21:26:00Z
2745,7,4,2026-05-20T21:56:00Z,2026-05-20T23:37:00Z
2746,6,1,2026-05-21T14:00:00Z,2026-05-21T16:25:00Z
2747,4,1,2026-05-21T16:55:00Z,2026-05-21T18:40:00Z
2748,4,1,2026-05-21T19:10:00Z,2026-05-21T20:55:00Z
2749,5,1,2026-05-21T21:20:00Z,2026-05-21T23:10:00Z
2750,8,1,2026-05-21T23:35:00Z,2026-05-22T01:04:00Z
2751,7,2,2026-05-21T14:00:00Z,2026-05-21T15:41:00Z
2752,1,2,2026-05-21T16:01:00Z,2026-05-21T17:59:00Z
2753,1,2,2026-05-21T18:24:00Z,2026-05-21T20:22:00Z
2754,3,2,2026-05-21T20:52:00Z,2026-05-21T22:29:00Z
2755,1,2,2026-05-21T22:54:00Z,2026-05-22T00:52:00Z
2756,4,3,2026-05-21T14:00:00Z,2026-05-21T15:45:00Z
2757,6,3,2026-05-21T16:05:00Z,2026-05-21T18:30:00Z
2758,5,3,2026-05-21T18:50:00Z,2026-05-21T20:40:00Z
2759,3,3,2026-05-21T21:10:00Z,2026-05-21T22:47:00Z
2760,1,3,2026-05-21T23:07:00Z,2026-05-22T01:05:00Z
2761,6,4,2026-05-21T14:00:00Z,2026-05-21T16:25:00Z
2762,3,4,2026-05-21T16:45:00Z,2026-05-21T18:22:00Z
2763,6,4,2026-05-21T18:47:00Z,2026-05-21T21:12:00Z
2764,4,4,2026-05-21T21:42:00Z,2026-05-21T23:27:00Z
2765,5,4,2026-05-21T23:47:00Z,2026-05-22T01:37:00Z
2766,2,1,2026-05-22T14:00:00Z,2026-05-22T16:12:00Z
2767,7,1,2026-05-22T16:42:00Z,2026-05-22T18:23:00Z
2768,4,1,2026-05-22T18:53:00Z,2026-05-22T20:38:00Z
2769,2,1,2026-05-22T21:08:00Z,2026-05-22T23:20:00Z
2770,6,1,2026-05-22T23:50:00Z,2026-05-23T02:15:00Z
2771,3,2,2026-05-22T14:00:00Z,2026-05-22T15:37:00Z
2772,2,2,2026-05-22T16:02:00Z,2026-05-22T18:14:00Z
2773,5,2,2026-05-22T18:44:00Z,2026-05-22T20:34:00Z
2774,7,2,2026-05-22T20:54:00Z,2026-05-22T22:35:00Z
2775,1,2,2026-05-22T22:55:00Z,2026-05-23T00:53:00Z
2776,6,3,2026-05-22T14:00:00Z,2026-05-22T16:25:00Z
2777,7,3,2026-05-22T16:50:00Z,2026-05-22T18:31:00Z
2778,4,3,2026-05-22T18:51:00Z,2026-05-22T20:36:00Z
2779,1,3,2026-05-22T21:06:00Z,2026-05-22T23:04:00Z
2780,7,3,2026-05-22T23:34:00Z,2026-05-23T01:15:00Z
2781,5,4,2026-05-22T14:00:00Z,2026-05-22T15:50:00Z
2782,1,4,2026-05-22T16:20:00Z,2026-05-22T18:18:00Z
2783,3,4,2026-05-22T18:43:00Z,2026-05-22T20:20:00Z
2784,4,4,2026-05-22T20:45:00Z,2026-05-22T22:30:00Z
2785,1,4,2026-05-22T22:50:00Z,2026-05-23T00:48:00Z
2786,7,1,2026-05-23T14:00:00Z,2026-05-23T15:41:00Z
2787,2,1,2026-05-23T16:06:00Z,2026-05-23T18:18:00Z
2788,7,1,2026-05-23T18:38:00Z,2026-05-23T20:19:00Z
2789,7,1,2026-05-23T20:44:00Z,2026-05-23T22:25:00Z
2790,3,1,2026-05-23T22:45:00Z,2026-05-24T00:22:00Z
2791,2,2,2026-05-23T14:00:00Z,2026-05-23T16:12:00Z
2792,1,2,2026-05-23T16:37:00Z,2026-05-23T18:35:00Z
2793,7,2,2026-05-23T19:05:00Z,2026-05-23T20:46:00Z
2794,2,2,2026-05-23T21:11:00Z,2026-05-23T23:23:00Z
2795,7,2,2026-05-23T23:48:00Z,2026-05-24T01:29:00Z
2796,3,3,2026-05-23T14:00:00Z,2026-05-23T15:37:00Z
2797,8,3,2026-05-23T15:57:00Z,2026-05-23T17:26:00Z
2798,4,3,2026-05-23T17:56:00Z,2026-05-23T19:41:00Z
2799,7,3,2026-05-23T20:06:00Z,2026-05-23T21:47:00Z
2800,4,3,2026-05-23T22:17:00Z,2026-05-24T00:02:00Z
2801,4,4,2026-05-23T14:00:00Z,2026-05-23T15:45:00Z
2802,2,4,2026-05-23T16:05:00Z,2026-05-23T18:17:00Z
2803,7,4,2026-05-23T18:42:00Z,2026-05-23T20:23:00Z
2804,2,4,2026-05-23T20:48:00Z,2026-05-23T23:00:00Z
2805,7,4,2026-05-23T23:20:00Z,2026-05-24T01:01:00Z
2806,6,1,2026-05-24T14:00:00Z,2026-05-24T16:25:00Z
2807,4,1,2026-05-24T16:50:00Z,2026-05-24T18:35:00Z
2808,6,1,2026-05-24T19:00:00Z,2026-05-24T21:25:00Z
2809,1,1,2026-05-24T21:55:00Z,2026-05-24T23:53:00Z
2810,3,2,2026-05-24T14:00:00Z,2026-05-24T15:37:00Z
2811,8,2,2026-05-24T16:02:00Z,2026-05-24T17:31:00Z
2812,3,2,2026-05-24T18:01:00Z,2026-05-24T19:38:00Z
2813,1,2,2026-05-24T20:03:00Z,2026-05-24T22:01:00Z
2814,4,2,2026-05-24T22:21:00Z,2026-05-25T00:06:00Z
2815,6,3,2026-05-24T14:00:00Z,2026-05-24T16:25:00Z
2816,2,3,2026-05-24T16:45:00Z,2026-05-24T18:57:00Z
2817,1,3,2026-05-24T19:17:00Z,2026-05-24T21:15:00Z
2818,3,3,2026-05-24T21:35:00Z,2026-05-24T23:12:00Z
2819,1,3,2026-05-24T23:37:00Z,2026-05-25T01:35:00Z
2820,2,4,2026-05-24T14:00:00Z,2026-05-24T16:12:00Z
2821,8,4,2026-05-24T16:37:00Z,2026-05-24T18:06:00Z
2822,1,4,2026-05-24T18:31:00Z,2026-05-24T20:29:00Z
2823,4,4,2026-05-24T20:54:00Z,2026-05-24T22:39:00Z
2824,4,4,2026-05-24T23:09:00Z,2026-05-25T00:54:00Z
2825,5,1,2026-05-25T14:00:00Z,2026-05-25T15:50:00Z
2826,8,1,2026-05-25T16:20:00Z,2026-05-25T17:49:00Z
2827,3,1,2026-05-25T18:19:00Z,2026-05-25T19:56:00Z
2828,1,1,2026-05-25T20:26:00Z,2026-05-25T22:24:00Z
2829,1,1,2026-05-25T22:49:00Z,2026-05-26T00:47:00Z
2830,3,2,2026-05-25T14:00:00Z,2026-05-25T15:37:00Z
2831,5,2,2026-05-25T15:57:00Z,2026-05-25T17:47:00Z
2832,5,2,2026-05-25T18:07:00Z,2026-05-25T19:57:00Z
2833,8,2,2026-05-25T20:17:00Z,2026-05-25T21:46:00Z
2834,1,2,2026-05-25T22:16:00Z,2026-05-26T00:14:00Z
2835,7,3,2026-05-25T14:00:00Z,2026-05-25T15:41:00Z
2836,5,3,2026-05-25T16:11:00Z,2026-05-25T18:01:00Z
2837,6,3,2026-05-25T18:31:00Z,2026-05-25T20:56:00Z
2838,1,3,2026-05-25T21:16:00Z,2026-05-25T23:14:00Z
2839,7,3,2026-05-25T23:39:00Z,2026-05-26T01:20:00Z
2840,7,4,2026-05-25T14:00:00Z,2026-05-25T15:41:00Z
2841,2,4,2026-05-25T16:11:00Z,2026-05-25T18:23:00Z
2842,8,4,2026-05-25T18:48:00Z,2026-05-25T20:17:00Z
2843,2,4,2026-05-25T20:47:00Z,2026-05-25T22:59:00Z
2844,4,4,2026-05-25T23:19:00Z,2026-05-26T01:04:00Z
2845,8,1,2026-05-26T14:00:00Z,2026-05-26T15:29:00Z
2846,1,1,2026-05-26T15:59:00Z,2026-05-26T17:57:00Z
2847,4,1,2026-05-26T18:17:00Z,2026-05-26T20:02:00Z
2848,5,1,2026-05-26T20:32:00Z,2026-05-26T22:22:00Z
2849,8,1,2026-05-26T22:47:00Z,2026-05-27T00:16:00Z
2850,3,2,2026-05-26T14:00:00Z,2026-05-26T15:37:00Z
2851,6,2,2026-05-26T15:57:00Z,2026-05-26T18:22:00Z
2852,6,2,2026-05-26T18:52:00Z,2026-05-26T21:17:00Z
2853,5,2,2026-05-26T21:42:00Z,2026-05-26T23:32:00Z
2854,5,2,2026-05-26T23:52:00Z,2026-05-27T01:42:00Z
2855,5,3,2026-05-26T14:00:00Z,2026-05-26T15:50:00Z
2856,1,3,2026-05-26T16:15:00Z,2026-05-26T18:13:00Z
2857,5,3,2026-05-26T18:43:00Z,2026-05-26T20:33:00Z
2858,3,3,2026-05-26T20:53:00Z,2026-05-26T22:30:00Z
2859,7,3,2026-05-26T22:55:00Z,2026-05-27T00:36:00Z
2860,3,4,2026-05-26T14:00:00Z,2026-05-26T15:37:00Z
2861,7,4,2026-05-26T15:57:00Z,2026-05-26T17:38:00Z
2862,4,4,2026-05-26T18:08:00Z,2026-05-26T19:53:00Z
2863,4,4,2026-05-26T20:18:00Z,2026-05-26T22:03:00Z
2864,3,4,2026-05-26T22:33:00Z,2026-05-27T00:10:00Z
2865,5,1,2026-05-27T14:00:00Z,2026-05-27T15:50:00Z
2866,6,1,2026-05-27T16:20:00Z,2026-05-27T18:45:00Z
2867,3,1,2026-05-27T19:10:00Z,2026-05-27T20:47:00Z
2868,3,1,2026-05-27T21:07:00Z,2026-05-27T22:44:00Z
2869,4,1,2026-05-27T23:14:00Z,2026-05-28T00:59:00Z
2870,5,2,2026-05-27T14:00:00Z,2026-05-27T15:50:00Z
2871,3,2,2026-05-27T16:20:00Z,2026-05-27T17:57:00Z
2872,3,2,2026-05-27T18:22:00Z,2026-05-27T19:59:00Z
2873,3,2,2026-05-27T20:29:00Z,2026-05-27T22:06:00Z
2874,2,2,2026-05-27T22:31:00Z,2026-05-28T00:43:00Z
2875,2,3,2026-05-27T14:00:00Z,2026-05-27T16:12:00Z
2876,6,3,2026-05-27T16:32:00Z,2026-05-27T18:57:00Z
2877,1,3,2026-05-27T19:17:00Z,2026-05-27T21:15:00Z
2878,7,3,2026-05-27T21:40:00Z,2026-05-27T23:21:00Z
2879,5,3,2026-05-27T23:46:00Z,2026-05-28T01:36:00Z
2880,5,4,2026-05-27T14:00:00Z,2026-05-27T15:50:00Z
2881,4,4,2026-05-27T16:10:00Z,2026-05-27T17:55:00Z
2882,3,4,2026-05-27T18:15:00Z,2026-05-27T19:52:00Z
2883,1,4,2026-05-27T20:12:00Z,2026-05-27T22:10:00Z
2884,5,4,2026-05-27T22:40:00Z,2026-05-28T00:30:00Z
2885,4,1,2026-05-28T14:00:00Z,2026-05-28T15:45:00Z
2886,4,1,2026-05-28T16:15:00Z,2026-05-28T18:00:00Z
2887,1,1,2026-05-28T18:20:00Z,2026-05-28T20:18:00Z
2888,2,1,2026-05-28T20:43:00Z,2026-05-28T22:55:00Z
2889,8,1,2026-05-28T23:25:00Z,2026-05-29T00:54:00Z
2890,8,2,2026-05-28T14:00:00Z,2026-05-28T15:29:00Z
2891,6,2,2026-05-28T15:59:00Z,2026-05-28T18:24:00Z
2892,7,2,2026-05-28T18:44:00Z,2026-05-28T20:25:00Z
2893,8,2,2026-05-28T20:50:00Z,2026-05-28T22:19:00Z
2894,3,2,2026-05-28T22:39:00Z,2026-05-29T00:16:00Z
2895,4,3,2026-05-28T14:00:00Z,2026-05-28T15:45:00Z
2896,7,3,2026-05-28T16:05:00Z,2026-05-28T17:46:00Z
2897,5,3,2026-05-28T18:06:00Z,2026-05-28T19:56:00Z
2898,4,3,2026-05-28T20:21:00Z,2026-05-28T22:06:00Z
2899,4,3,2026-05-28T22:36:00Z,2026-05-29T00:21:00Z
2900,2,4,2026-05-28T14:00:00Z,2026-05-28T16:12:00Z
2901,8,4,2026-05-28T16:32:00Z,2026-05-28T18:01:00Z
2902,8,4,2026-05-28T18:31:00Z,2026-05-28T20:00:00Z
2903,6,4,2026-05-28T20:30:00Z,2026-05-28T22:55:00Z
2904,4,4,2026-05-28T23:20:00Z,2026-05-29T01:05:00Z
2905,7,1,2026-05-29T14:00:00Z,2026-05-29T15:41:00Z
2906,7,1,2026-05-29T16:01:00Z,2026-05-29T17:42:00Z
2907,6,1,2026-05-29T18:12:00Z,2026-05-29T20:37:00Z
2908,1,1,2026-05-29T21:02:00Z,2026-05-29T23:00:00Z
2909,2,1,2026-05-29T23:30:00Z,2026-05-30T01:42:00Z
2910,8,2,2026-05-29T14:00:00Z,2026-05-29T15:29:00Z
2911,4,2,2026-05-29T15:49:00Z,2026-05-29T17:34:00Z
2912,7,2,2026-05-29T18:04:00Z,2026-05-29T19:45:00Z
2913,1,2,2026-05-29T20:15:00Z,2026-05-29T22:13:00Z
2914,7,2,2026-05-29T22:43:00Z,2026-05-30T00:24:00Z
2915,1,3,2026-05-29T14:00:00Z,2026-05-29T15:58:00Z
2916,5,3,2026-05-29T16:18:00Z,2026-05-29T18:08:00Z
2917,7,3,2026-05-29T18:33:00Z,2026-05-29T20:14:00Z
2918,5,3,2026-05-29T20:39:00Z,2026-05-29T22:29:00Z
2919,3,3,2026-05-29T22:54:00Z,2026-05-30T00:31:00Z
2920,5,4,2026-05-29T14:00:00Z,2026-05-29T15:50:00Z
2921,1,4,2026-05-29T16:20:00Z,2026-05-29T18:18:00Z
2922,3,4,2026-05-29T18:48:00Z,2026-05-29T20:25:00Z
2923,8,4,2026-05-29T20:50:00Z,2026-05-29T22:19:00Z
2924,2,4,2026-05-29T22:39:00Z,2026-05-30T00:51:00Z
2925,3,1,2026-05-30T14:00:00Z,2026-05-30T15:37:00Z
2926,7,1,2026-05-30T16:02:00Z,2026-05-30T17:43:00Z
2927,8,1,2026-05-30T18:08:00Z,2026-05-30T19:37:00Z
2928,3,1,2026-05-30T19:57:00Z,2026-05-30T21:34:00Z
2929,4,1,2026-05-30T21:59:00Z,2026-05-30T23:44:00Z
2930,2,2,2026-05-30T14:00:00Z,2026-05-30T16:12:00Z
2931,6,2,2026-05-30T16:37:00Z,2026-05-30T19:02:00Z
2932,3,2,2026-05-30T19:32:00Z,2026-05-30T21:09:00Z
2933,2,2,2026-05-30T21:39:00Z,2026-05-30T23:51:00Z
2934,2,3,2026-05-30T14:00:00Z,2026-05-30T16:12:00Z
2935,8,3,2026-05-30T16:42:00Z,2026-05-30T18:11:00Z
2936,6,3,2026-05-30T18:41:00Z,2026-05-30T21:06:00Z
2937,7,3,2026-05-30T21:26:00Z,2026-05-30T23:07:00Z
2938,3,3,2026-05-30T23:37:00Z,2026-05-31T01:14:00Z
2939,7,4,2026-05-30T14:00:00Z,2026-05-30T15:41:00Z
2940,3,4,2026-05-30T16:01:00Z,2026-05-30T17:38:00Z
2941,3,4,2026-05-30T18:03:00Z,2026-05-30T19:40:00Z
2942,3,4,2026-05-30T20:00:00Z,2026-05-30T21:37:00Z
2943,1,4,2026-05-30T21:57:00Z,2026-05-30T23:55:00Z
2944,5,1,2026-05-31T14:00:00Z,2026-05-31T15:50:00Z
2945,8,1,2026-05-31T16:15:00Z,2026-05-31T17:44:00Z
2946,3,1,2026-05-31T18:09:00Z,2026-05-31T19:46:00Z
2947,3,1,2026-05-31T20:06:00Z,2026-05-31T21:43:00Z
2948,1,1,2026-05-31T22:03:00Z,2026-06-01T00:01:00Z
2949,5,2,2026-05-31T14:00:00Z,2026-05-31T15:50:00Z
2950,8,2,2026-05-31T16:10:00Z,2026-05-31T17:39:00Z
2951,8,2,2026-05-31T18:04:00Z,2026-05-31T19:33:00Z
2952,1,2,2026-05-31T20:03:00Z,2026-05-31T22:01:00Z
2953,8,2,2026-05-31T22:31:00Z,2026-06-01T00:00:00Z
2954,4,3,2026-05-31T14:00:00Z,2026-05-31T15:45:00Z
2955,8,3,2026-05-31T16:15:00Z,2026-05-31T17:44:00Z
2956,7,3,2026-05-31T18:09:00Z,2026-05-31T19:50:00Z
2957,2,3,2026-05-31T20:15:00Z,2026-05-31T22:27:00Z
2958,1,3,2026-05-31T22:57:00Z,2026-06-01T00:55:00Z
2959,5,4,2026-05-31T14:00:00Z,2026-05-31T15:50:00Z
2960,4,4,2026-05-31T16:20:00Z,2026-05-31T18:05:00Z
2961,3,4,2026-05-31T18:25:00Z,2026-05-31T20:02:00Z
2962,1,4,2026-05-31T20:22:00Z,2026-05-31T22:20:00Z
2963,6,4,2026-05-31T22:50:00Z,2026-06-01T01:15:00Z
2964,3,1,2026-06-01T14:00:00Z,2026-06-01T15:37:00Z
2965,5,1,2026-06-01T15:57:00Z,2026-06-01T17:47:00Z
2966,2,1,2026-06-01T18:12:00Z,2026-06-01T20:24:00Z
2967,2,1,2026-06-01T20:44:00Z,2026-06-01T22:56:00Z
2968,3,1,2026-06-01T23:21:00Z,2026-06-02T00:58:00Z
2969,5,2,2026-06-01T14:00:00Z,2026-06-01T15:50:00Z
2970,3,2,2026-06-01T16:20:00Z,2026-06-01T17:57:00Z
2971,6,2,2026-06-01T18:22:00Z,2026-06-01T20:47:00Z
2972,2,2,2026-06-01T21:07:00Z,2026-06-01T23:19:00Z
2973,6,2,2026-06-01T23:44:00Z,2026-06-02T02:09:00Z
2974,7,3,2026-06-01T14:00:00Z,2026-06-01T15:41:00Z
2975,7,3,2026-06-01T16:01:00Z,2026-06-01T17:42:00Z
2976,2,3,2026-06-01T18:12:00Z,2026-06-01T20:24:00Z
2977,8,3,2026-06-01T20:49:00Z,2026-06-01T22:18:00Z
2978,2,3,2026-06-01T22:38:00Z,2026-06-02T00:50:00Z
2979,5,4,2026-06-01T14:00:00Z,2026-06-01T15:50:00Z
2980,7,4,2026-06-01T16:15:00Z,2026-06-01T17:56:00Z
2981,4,4,2026-06-01T18:26:00Z,2026-06-01T20:11:00Z
2982,4,4,2026-06-01T20:41:00Z,2026-06-01T22:26:00Z
2983,1,4,2026-06-01T22:56:00Z,2026-06-02T00:54:00Z
2984,2,1,2026-06-02T14:00:00Z,2026-06-02T16:12:00Z
2985,5,1,2026-06-02T16:37:00Z,2026-06-02T18:27:00Z
2986,6,1,2026-06-02T18:52:00Z,2026-06-02T21:17:00Z
2987,6,1,2026-06-02T21:42:00Z,2026-06-03T00:07:00Z
2988,8,2,2026-06-02T14:00:00Z,2026-06-02T15:29:00Z
2989,8,2,2026-06-02T15:59:00Z,2026-06-02T17:28:00Z
2990,3,2,2026-06-02T17:53:00Z,2026-06-02T19:30:00Z
2991,4,2,2026-06-02T20:00:00Z,2026-06-02T21:45:00Z
2992,5,2,2026-06-02T22:15:00Z,2026-06-03T00:05:00Z
2993,1,3,2026-06-02T14:00:00Z,2026-06-02T15:58:00Z
2994,1,3,2026-06-02T16:18:00Z,2026-06-02T18:16:00Z
2995,2,3,2026-06-02T18:41:00Z,2026-06-02T20:53:00Z
2996,4,3,2026-06-02T21:23:00Z,2026-06-02T23:08:00Z
2997,7,3,2026-06-02T23:38:00Z,2026-06-03T01:19:00Z
2998,1,4,2026-06-02T14:00:00Z,2026-06-02T15:58:00Z
2999,6,4,2026-06-02T16:23:00Z,2026-06-02T18:48:00Z
3000,4,4,2026-06-02T19:18:00Z,2026-06-02T21:03:00Z
3001,4,4,2026-06-02T21:23:00Z,2026-06-02T23:08:00Z
3002,5,4,2026-06-02T23:38:00Z,2026-06-03T01:28:00Z
3003,2,1,2026-06-03T14:00:00Z,2026-06-03T16:12:00Z
3004,5,1,2026-06-03T16:37:00Z,2026-06-03T18:27:00Z
3005,6,1,2026-06-03T18:57:00Z,2026-06-03T21:22:00Z
3006,2,1,2026-06-03T21:42:00Z,2026-06-03T23:54:00Z
3007,6,2,2026-06-03T14:00:00Z,2026-06-03T16:25:00Z
3008,7,2,2026-06-03T16:50:00Z,2026-06-03T18:31:00Z
3009,1,2,2026-06-03T19:01:00Z,2026-06-03T20:59:00Z
3010,4,2,2026-06-03T21:19:00Z,2026-06-03T23:04:00Z
3011,6,2,2026-06-03T23:29:00Z,2026-06-04T01:54:00Z
3012,8,3,2026-06-03T14:00:00Z,2026-06-03T15:29:00Z
3013,1,3,2026-06-03T15:54:00Z,2026-06-03T17:52:00Z
3014,3,3,2026-06-03T18:22:00Z,2026-06-03T19:59:00Z
3015,3,3,2026-06-03T20:24:00Z,2026-06-03T22:01:00Z
3016,8,3,2026-06-03T22:31:00Z,2026-06-04T00:00:00Z
3017,6,4,2026-06-03T14:00:00Z,2026-06-03T16:25:00Z
3018,7,4,2026-06-03T16:50:00Z,2026-06-03T18:31:00Z
3019,1,4,2026-06-03T19:01:00Z,2026-06-03T20:59:00Z
3020,5,4,2026-06-03T21:29:00Z,2026-06-03T23:19:00Z
3021,6,4,2026-06-03T23:49:00Z,2026-06-04T02:14:00Z
3022,1,1,2026-06-04T14:00:00Z,2026-06-04T15:58:00Z
3023,6,1,2026-06-04T16:18:00Z,2026-06-04T18:43:00Z
3024,2,1,2026-06-04T19:08:00Z,2026-06-04T21:20:00Z
3025,5,1,2026-06-04T21:40:00Z,2026-06-04T23:30:00Z
3026,6,1,2026-06-04T23:50:00Z,2026-06-05T02:15:00Z
3027,3,2,2026-06-04T14:00:00Z,2026-06-04T15:37:00Z
3028,7,2,2026-06-04T16:07:00Z,2026-06-04T17:48:00Z
3029,2,2,2026-06-04T18:08:00Z,2026-06-04T20:20:00Z
3030,6,2,2026-06-04T20:45:00Z,2026-06-04T23:10:00Z
3031,1,2,2026-06-04T23:40:00Z,2026-06-05T01:38:00Z
3032,7,3,2026-06-04T14:00:00Z,2026-06-04T15:41:00Z
3033,8,3,2026-06-04T16:01:00Z,2026-06-04T17:30:00Z
3034,6,3,2026-06-04T17:50:00Z,2026-06-04T20:15:00Z
3035,5,3,2026-06-04T20:40:00Z,2026-06-04T22:30:00Z
3036,5,3,2026-06-04T22:50:00Z,2026-06-05T00:40:00Z
3037,2,4,2026-06-04T14:00:00Z,2026-06-04T16:12:00Z
3038,1,4,2026-06-04T16:37:00Z,2026-06-04T18:35:00Z
3039,2,4,2026-06-04T18:55:00Z,2026-06-04T21:07:00Z
3040,1,4,2026-06-04T21:32:00Z,2026-06-04T23:30:00Z
3041,3,4,2026-06-04T23:55:00Z,2026-06-05T01:32:00Z
3042,6,1,2026-06-05T14:00:00Z,2026-06-05T16:25:00Z
3043,5,1,2026-06-05T16:50:00Z,2026-06-05T18:40:00Z
3044,3,1,2026-06-05T19:05:00Z,2026-06-05T20:42:00Z
3045,3,1,2026-06-05T21:02:00Z,2026-06-05T22:39:00Z
3046,1,1,2026-06-05T22:59:00Z,2026-06-06T00:57:00Z
3047,7,2,2026-06-05T14:00:00Z,2026-06-05T15:41:00Z
3048,2,2,2026-06-05T16:11:00Z,2026-06-05T18:23:00Z
3049,5,2,2026-06-05T18:43:00Z,2026-06-05T20:33:00Z
3050,2,2,2026-06-05T20:53:00Z,2026-06-05T23:05:00Z
3051,8,2,2026-06-05T23:30:00Z,2026-06-06T00:59:00Z
3052,2,3,2026-06-05T14:00:00Z,2026-06-05T16:12:00Z
3053,5,3,2026-06-05T16:42:00Z,2026-06-05T18:32:00Z
3054,5,3,2026-06-05T18:52:00Z,2026-06-05T20:42:00Z
3055,4,3,2026-06-05T21:12:00Z,2026-06-05T22:57:00Z
3056,4,3,2026-06-05T23:22:00Z,2026-06-06T01:07:00Z
3057,5,4,2026-06-05T14:00:00Z,2026-06-05T15:50:00Z
3058,6,4,2026-06-05T16:15:00Z,2026-06-05T18:40:00Z
3059,2,4,2026-06-05T19:05:00Z,2026-06-05T21:17:00Z
3060,3,4,2026-06-05T21:42:00Z,2026-06-05T23:19:00Z
3061,5,4,2026-06-05T23:39:00Z,2026-06-06T01:29:00Z
3062,1,1,2026-06-06T14:00:00Z,2026-06-06T15:58:00Z
3063,2,1,2026-06-06T16:28:00Z,2026-06-06T18:40:00Z
3064,6,1,2026-06-06T19:00:00Z,2026-06-06T21:25:00Z
3065,6,1,2026-06-06T21:55:00Z,2026-06-07T00:20:00Z
3066,3,2,2026-06-06T14:00:00Z,2026-06-06T15:37:00Z
3067,5,2,2026-06-06T16:07:00Z,2026-06-06T17:57:00Z
3068,4,2,2026-06-06T18:27:00Z,2026-06-06T20:12:00Z
3069,2,2,2026-06-06T20:32:00Z,2026-06-06T22:44:00Z
3070,6,2,2026-06-06T23:09:00Z,2026-06-07T01:34:00Z
3071,8,3,2026-06-06T14:00:00Z,2026-06-06T15:29:00Z
3072,3,3,2026-06-06T15:49:00Z,2026-06-06T17:26:00Z
3073,8,3,2026-06-06T17:46:00Z,2026-06-06T19:15:00Z
3074,1,3,2026-06-06T19:45:00Z,2026-06-06T21:43:00Z
3075,7,3,2026-06-06T22:03:00Z,2026-06-06T23:44:00Z
3076,2,4,2026-06-06T14:00:00Z,2026-06-06T16:12:00Z
3077,7,4,2026-06-06T16:37:00Z,2026-06-06T18:18:00Z
3078,8,4,2026-06-06T18:38:00Z,2026-06-06T20:07:00Z
3079,6,4,2026-06-06T20:37:00Z,2026-06-06T23:02:00Z
3080,6,4,2026-06-06T23:27:00Z,2026-06-07T01:52:00Z
3081,2,1,2026-06-07T14:00:00Z,2026-06-07T16:12:00Z
3082,3,1,2026-06-07T16:37:00Z,2026-06-07T18:14:00Z
3083,8,1,2026-06-07T18:34:00Z,2026-06-07T20:03:00Z
3084,8,1,2026-06-07T20:23:00Z,2026-06-07T21:52:00Z
3085,8,1,2026-06-07T22:17:00Z,2026-06-07T23:46:00Z
3086,4,2,2026-06-07T14:00:00Z,2026-06-07T15:45:00Z
3087,3,2,2026-06-07T16:05:00Z,2026-06-07T17:42:00Z
3088,5,2,2026-06-07T18:12:00Z,2026-06-07T20:02:00Z
3089,7,2,2026-06-07T20:27:00Z,2026-06-07T22:08:00Z
3090,6,2,2026-06-07T22:28:00Z,2026-06-08T00:53:00Z
3091,8,3,2026-06-07T14:00:00Z,2026-06-07T15:29:00Z
3092,1,3,2026-06-07T15:54:00Z,2026-06-07T17:52:00Z
3093,8,3,2026-06-07T18:12:00Z,2026-06-07T19:41:00Z
3094,6,3,2026-06-07T20:01:00Z,2026-06-07T22:26:00Z
3095,8,3,2026-06-07T22:51:00Z,2026-06-08T00:20:00Z
3096,5,4,2026-06-07T14:00:00Z,2026-06-07T15:50:00Z
3097,3,4,2026-06-07T16:15:00Z,2026-06-07T17:52:00Z
3098,2,4,2026-06-07T18:22:00Z,2026-06-07T20:34:00Z
3099,2,4,2026-06-07T20:59:00Z,2026-06-07T23:11:00Z
3100,2,4,2026-06-07T23:36:00Z,2026-06-08T01:48:00Z
3101,8,1,2026-06-08T14:00:00Z,2026-06-08T15:29:00Z
3102,7,1,2026-06-08T15:54:00Z,2026-06-08T17:35:00Z
3103,4,1,2026-06-08T17:55:00Z,2026-06-08T19:40:00Z
3104,3,1,2026-06-08T20:10:00Z,2026-06-08T21:47:00Z
3105,7,1,2026-06-08T22:12:00Z,2026-06-08T23:53:00Z
3106,6,2,2026-06-08T14:00:00Z,2026-06-08T16:25:00Z
3107,7,2,2026-06-08T16:45:00Z,2026-06-08T18:26:00Z
3108,6,2,2026-06-08T18:51:00Z,2026-06-08T21:16:00Z
3109,4,2,2026-06-08T21:46:00Z,2026-06-08T23:31:00Z
3110,2,2,2026-06-08T23:51:00Z,2026-06-09T02:03:00Z
3111,8,3,2026-06-08T14:00:00Z,2026-06-08T15:29:00Z
3112,8,3,2026-06-08T15:49:00Z,2026-06-08T17:18:00Z
3113,2,3,2026-06-08T17:43:00Z,2026-06-08T19:55:00Z
3114,3,3,2026-06-08T20:20:00Z,2026-06-08T21:57:00Z
3115,7,3,2026-06-08T22:22:00Z,2026-06-09T00:03:00Z
3116,2,4,2026-06-08T14:00:00Z,2026-06-08T16:12:00Z
3117,7,4,2026-06-08T16:42:00Z,2026-06-08T18:23:00Z
3118,8,4,2026-06-08T18:48:00Z,2026-06-08T20:17:00Z
3119,1,4,2026-06-08T20:47:00Z,2026-06-08T22:45:00Z
3120,4,4,2026-06-08T23:05:00Z,2026-06-09T00:50:00Z
3121,1,1,2026-06-09T14:00:00Z,2026-06-09T15:58:00Z
3122,3,1,2026-06-09T16:18:00Z,2026-06-09T17:55:00Z
3123,5,1,2026-06-09T18:20:00Z,2026-06-09T20:10:00Z
3124,8,1,2026-06-09T20:35:00Z,2026-06-09T22:04:00Z
3125,4,1,2026-06-09T22:24:00Z,2026-06-10T00:09:00Z
3126,6,2,2026-06-09T14:00:00Z,2026-06-09T16:25:00Z
3127,5,2,2026-06-09T16:50:00Z,2026-06-09T18:40:00Z
3128,6,2,2026-06-09T19:05:00Z,2026-06-09T21:30:00Z
3129,1,2,2026-06-09T21:50:00Z,2026-06-09T23:48:00Z
3130,7,3,2026-06-09T14:00:00Z,2026-06-09T15:41:00Z
3131,5,3,2026-06-09T16:01:00Z,2026-06-09T17:51:00Z
3132,6,3,2026-06-09T18:11:00Z,2026-06-09T20:36:00Z
3133,1,3,2026-06-09T21:06:00Z,2026-06-09T23:04:00Z
3134,6,3,2026-06-09T23:24:00Z,2026-06-10T01:49:00Z
3135,5,4,2026-06-09T14:00:00Z,2026-06-09T15:50:00Z
3136,4,4,2026-06-09T16:10:00Z,2026-06-09T17:55:00Z
3137,7,4,2026-06-09T18:20:00Z,2026-06-09T20:01:00Z
3138,6,4,2026-06-09T20:31:00Z,2026-06-09T22:56:00Z
3139,7,4,2026-06-09T23:26:00Z,2026-06-10T01:07:00Z
3140,7,1,2026-06-10T14:00:00Z,2026-06-10T15:41:00Z
3141,4,1,2026-06-10T16:06:00Z,2026-06-10T17:51:00Z
3142,3,1,2026-06-10T18:21:00Z,2026-06-10T19:58:00Z
3143,3,1,2026-06-10T20:23:00Z,2026-06-10T22:00:00Z
3144,7,1,2026-06-10T22:20:00Z,2026-06-11T00:01:00Z
3145,7,2,2026-06-10T14:00:00Z,2026-06-10T15:41:00Z
3146,5,2,2026-06-10T16:01:00Z,2026-06-10T17:51:00Z
3147,3,2,2026-06-10T18:21:00Z,2026-06-10T19:58:00Z
3148,1,2,2026-06-10T20:18:00Z,2026-06-10T22:16:00Z
3149,1,2,2026-06-10T22:36:00Z,2026-06-11T00:34:00Z
3150,8,3,2026-06-10T14:00:00Z,2026-06-10T15:29:00Z
3151,7,3,2026-06-10T15:59:00Z,2026-06-10T17:40:00Z
3152,2,3,2026-06-10T18:00:00Z,2026-06-10T20:12:00Z
3153,7,3,2026-06-10T20:32:00Z,2026-06-10T22:13:00Z
3154,7,3,2026-06-10T22:38:00Z,2026-06-11T00:19:00Z
3155,3,4,2026-06-10T14:00:00Z,2026-06-10T15:37:00Z
3156,7,4,2026-06-10T16:02:00Z,2026-06-10T17:43:00Z
3157,8,4,2026-06-10T18:13:00Z,2026-06-10T19:42:00Z
3158,6,4,2026-06-10T20:07:00Z,2026-06-10T22:32:00Z
3159,3,4,2026-06-10T22:52:00Z,2026-06-11T00:29:00Z
3160,1,1,2026-06-11T14:00:00Z,2026-06-11T15:58:00Z
3161,8,1,2026-06-11T16:28:00Z,2026-06-11T17:57:00Z
3162,4,1,2026-06-11T18:27:00Z,2026-06-11T20:12:00Z
3163,5,1,2026-06-11T20:42:00Z,2026-06-11T22:32:00Z
3164,6,1,2026-06-11T22:57:00Z,2026-06-12T01:22:00Z
3165,1,2,2026-06-11T14:00:00Z,2026-06-11T15:58:00Z
3166,8,2,2026-06-11T16:28:00Z,2026-06-11T17:57:00Z
3167,6,2,2026-06-11T18:27:00Z,2026-06-11T20:52:00Z
3168,8,2,2026-06-11T21:12:00Z,2026-06-11T22:41:00Z
3169,2,2,2026-06-11T23:11:00Z,2026-06-12T01:23:00Z
3170,5,3,2026-06-11T14:00:00Z,2026-06-11T15:50:00Z
3171,2,3,2026-06-11T16:15:00Z,2026-06-11T18:27:00Z
3172,2,3,2026-06-11T18:57:00Z,2026-06-11T21:09:00Z
3173,8,3,2026-06-11T21:29:00Z,2026-06-11T22:58:00Z
3174,2,3,2026-06-11T23:28:00Z,2026-06-12T01:40:00Z
3175,5,4,2026-06-11T14:00:00Z,2026-06-11T15:50:00Z
3176,1,4,2026-06-11T16:20:00Z,2026-06-11T18:18:00Z
3177,1,4,2026-06-11T18:43:00Z,2026-06-11T20:41:00Z
3178,8,4,2026-06-11T21:06:00Z,2026-06-11T22:35:00Z
3179,8,4,2026-06-11T23:05:00Z,2026-06-12T00:34:00Z
3180,6,1,2026-06-12T14:00:00Z,2026-06-12T16:25:00Z
3181,6,1,2026-06-12T16:50:00Z,2026-06-12T19:15:00Z
3182,5,1,2026-06-12T19:40:00Z,2026-06-12T21:30:00Z
3183,1,1,2026-06-12T21:50:00Z,2026-06-12T23:48:00Z
3184,5,2,2026-06-12T14:00:00Z,2026-06-12T15:50:00Z
3185,5,2,2026-06-12T16:20:00Z,2026-06-12T18:10:00Z
3186,8,2,2026-06-12T18:30:00Z,2026-06-12T19:59:00Z
3187,3,2,2026-06-12T20:29:00Z,2026-06-12T22:06:00Z
3188,1,2,2026-06-12T22:36:00Z,2026-06-13T00:34:00Z
3189,5,3,2026-06-12T14:00:00Z,2026-06-12T15:50:00Z
3190,1,3,2026-06-12T16:20:00Z,2026-06-12T18:18:00Z
3191,8,3,2026-06-12T18:43:00Z,2026-06-12T20:12:00Z
3192,3,3,2026-06-12T20:32:00Z,2026-06-12T22:09:00Z
3193,2,3,2026-06-12T22:39:00Z,2026-06-13T00:51:00Z
3194,5,4,2026-06-12T14:00:00Z,2026-06-12T15:50:00Z
3195,5,4,2026-06-12T16:10:00Z,2026-06-12T18:00:00Z
3196,5,4,2026-06-12T18:25:00Z,2026-06-12T20:15:00Z
3197,2,4,2026-06-12T20:35:00Z,2026-06-12T22:47:00Z
3198,3,4,2026-06-12T23:17:00Z,2026-06-13T00:54:00Z
3199,3,1,2026-06-13T14:00:00Z,2026-06-13T15:37:00Z
3200,8,1,2026-06-13T16:07:00Z,2026-06-13T17:36:00Z
3201,3,1,2026-06-13T18:01:00Z,2026-06-13T19:38:00Z
3202,4,1,2026-06-13T20:03:00Z,2026-06-13T21:48:00Z
3203,3,1,2026-06-13T22:13:00Z,2026-06-13T23:50:00Z
3204,1,2,2026-06-13T14:00:00Z,2026-06-13T15:58:00Z
3205,2,2,2026-06-13T16:23:00Z,2026-06-13T18:35:00Z
3206,3,2,2026-06-13T18:55:00Z,2026-06-13T20:32:00Z
3207,7,2,2026-06-13T20:57:00Z,2026-06-13T22:38:00Z
3208,4,2,2026-06-13T23:03:00Z,2026-06-14T00:48:00Z
3209,8,3,2026-06-13T14:00:00Z,2026-06-13T15:29:00Z
3210,3,3,2026-06-13T15:59:00Z,2026-06-13T17:36:00Z
3211,6,3,2026-06-13T17:56:00Z,2026-06-13T20:21:00Z
3212,5,3,2026-06-13T20:41:00Z,2026-06-13T22:31:00Z
3213,1,3,2026-06-13T22:51:00Z,2026-06-14T00:49:00Z
3214,8,4,2026-06-13T14:00:00Z,2026-06-13T15:29:00Z
3215,8,4,2026-06-13T15:54:00Z,2026-06-13T17:23:00Z
3216,8,4,2026-06-13T17:48:00Z,2026-06-13T19:17:00Z
3217,4,4,2026-06-13T19:47:00Z,2026-06-13T21:32:00Z
3218,7,4,2026-06-13T21:57:00Z,2026-06-13T23:38:00Z
3219,5,1,2026-06-14T14:00:00Z,2026-06-14T15:50:00Z
3220,7,1,2026-06-14T16:10:00Z,2026-06-14T17:51:00Z
3221,5,1,2026-06-14T18:11:00Z,2026-06-14T20:01:00Z
3222,7,1,2026-06-14T20:26:00Z,2026-06-14T22:07:00Z
3223,6,1,2026-06-14T22:37:00Z,2026-06-15T01:02:00Z
3224,1,2,2026-06-14T14:00:00Z,2026-06-14T15:58:00Z
3225,6,2,2026-06-14T16:18:00Z,2026-06-14T18:43:00Z
3226,5,2,2026-06-14T19:08:00Z,2026-06-14T20:58:00Z
3227,5,2,2026-06-14T21:23:00Z,2026-06-14T23:13:00Z
3228,2,2,2026-06-14T23:38:00Z,2026-06-15T01:50:00Z
3229,7,3,2026-06-14T14:00:00Z,2026-06-14T15:41:00Z
3230,4,3,2026-06-14T16:06:00Z,2026-06-14T17:51:00Z
3231,4,3,2026-06-14T18:21:00Z,2026-06-14T20:06:00Z
3232,6,3,2026-06-14T20:36:00Z,2026-06-14T23:01:00Z
3233,3,3,2026-06-14T23:31:00Z,2026-06-15T01:08:00Z
3234,1,4,2026-06-14T14:00:00Z,2026-06-14T15:58:00Z
3235,1,4,2026-06-14T16:28:00Z,2026-06-14T18:26:00Z
3236,1,4,2026-06-14T18:46:00Z,2026-06-14T20:44:00Z
3237,2,4,2026-06-14T21:09:00Z,2026-06-14T23:21:00Z
3238,2,4,2026-06-14T23:51:00Z,2026-06-15T02:03:00Z
3239,8,1,2026-06-15T14:00:00Z,2026-06-15T15:29:00Z
3240,4,1,2026-06-15T15:54:00Z,2026-06-15T17:39:00Z
3241,5,1,2026-06-15T18:09:00Z,2026-06-15T19:59:00Z
3242,4,1,2026-06-15T20:24:00Z,2026-06-15T22:09:00Z
3243,1,1,2026-06-15T22:29:00Z,2026-06-16T00:27:00Z
3244,2,2,2026-06-15T14:00:00Z,2026-06-15T16:12:00Z
3245,4,2,2026-06-15T16:32:00Z,2026-06-15T18:17:00Z
3246,2,2,2026-06-15T18:47:00Z,2026-06-15T20:59:00Z
3247,2,2,2026-06-15T21:29:00Z,2026-06-15T23:41:00Z
3248,3,3,2026-06-15T14:00:00Z,2026-06-15T15:37:00Z
3249,3,3,2026-06-15T16:02:00Z,2026-06-15T17:39:00Z
3250,3,3,2026-06-15T17:59:00Z,2026-06-15T19:36:00Z
3251,5,3,2026-06-15T20:01:00Z,2026-06-15T21:51:00Z
3252,2,3,2026-06-15T22:16:00Z,2026-06-16T00:28:00Z
3253,8,4,2026-06-15T14:00:00Z,2026-06-15T15:29:00Z
3254,7,4,2026-06-15T15:54:00Z,2026-06-15T17:35:00Z
3255,6,4,2026-06-15T18:05:00Z,2026-06-15T20:30:00Z
3256,3,4,2026-06-15T20:55:00Z,2026-06-15T22:32:00Z
3257,5,4,2026-06-15T22:52:00Z,2026-06-16T00:42:00Z
3258,7,1,2026-06-16T14:00:00Z,2026-06-16T15:41:00Z
3259,6,1,2026-06-16T16:06:00Z,2026-06-16T18:31:00Z
3260,5,1,2026-06-16T18:51:00Z,2026-06-16T20:41:00Z
3261,3,1,2026-06-16T21:06:00Z,2026-06-16T22:43:00Z
3262,2,1,2026-06-16T23:08:00Z,2026-06-17T01:20:00Z
3263,4,2,2026-06-16T14:00:00Z,2026-06-16T15:45:00Z
3264,7,2,2026-06-16T16:15:00Z,2026-06-16T17:56:00Z
3265,8,2,2026-06-16T18:16:00Z,2026-06-16T19:45:00Z
3266,3,2,2026-06-16T20:05:00Z,2026-06-16T21:42:00Z
3267,7,2,2026-06-16T22:12:00Z,2026-06-16T23:53:00Z
3268,2,3,2026-06-16T14:00:00Z,2026-06-16T16:12:00Z
3269,5,3,2026-06-16T16:37:00Z,2026-06-16T18:27:00Z
3270,1,3,2026-06-16T18:47:00Z,2026-06-16T20:45:00Z
3271,2,3,2026-06-16T21:05:00Z,2026-06-16T23:17:00Z
3272,5,3,2026-06-16T23:47:00Z,2026-06-17T01:37:00Z
3273,1,4,2026-06-16T14:00:00Z,2026-06-16T15:58:00Z
3274,3,4,2026-06-16T16:23:00Z,2026-06-16T18:00:00Z
3275,1,4,2026-06-16T18:30:00Z,2026-06-16T20:28:00Z
3276,7,4,2026-06-16T20:48:00Z,2026-06-16T22:29:00Z
3277,3,4,2026-06-16T22:54:00Z,2026-06-17T00:31:00Z
3278,6,1,2026-06-17T14:00:00Z,2026-06-17T16:25:00Z
3279,1,1,2026-06-17T16:50:00Z,2026-06-17T18:48:00Z
3280,8,1,2026-06-17T19:18:00Z,2026-06-17T20:47:00Z
3281,7,1,2026-06-17T21:12:00Z,2026-06-17T22:53:00Z
3282,2,1,2026-06-17T23:18:00Z,2026-06-18T01:30:00Z
3283,4,2,2026-06-17T14:00:00Z,2026-06-17T15:45:00Z
3284,7,2,2026-06-17T16:05:00Z,2026-06-17T17:46:00Z
3285,8,2,2026-06-17T18:16:00Z,2026-06-17T19:45:00Z
3286,6,2,2026-06-17T20:05:00Z,2026-06-17T22:30:00Z
3287,5,2,2026-06-17T22:55:00Z,2026-06-18T00:45:00Z
3288,1,3,2026-06-17T14:00:00Z,2026-06-17T15:58:00Z
3289,2,3,2026-06-17T16:28:00Z,2026-06-17T18:40:00Z
3290,6,3,2026-06-17T19:05:00Z,2026-06-17T21:30:00Z
3291,8,3,2026-06-17T21:50:00Z,2026-06-17T23:19:00Z
3292,4,3,2026-06-17T23:44:00Z,2026-06-18T01:29:00Z
3293,1,4,2026-06-17T14:00:00Z,2026-06-17T15:58:00Z
3294,4,4,2026-06-17T16:23:00Z,2026-06-17T18:08:00Z
3295,7,4,2026-06-17T18:33:00Z,2026-06-17T20:14:00Z
3296,6,4,2026-06-17T20:34:00Z,2026-06-17T22:59:00Z
3297,2,4,2026-06-17T23:24:00Z,2026-06-18T01:36:00Z
3298,8,1,2026-06-18T14:00:00Z,2026-06-18T15:29:00Z
3299,4,1,2026-06-18T15:59:00Z,2026-06-18T17:44:00Z
3300,1,1,2026-06-18T18:04:00Z,2026-06-18T20:02:00Z
3301,1,1,2026-06-18T20:22:00Z,2026-06-18T22:20:00Z
3302,4,1,2026-06-18T22:50:00Z,2026-06-19T00:35:00Z
3303,7,2,2026-06-18T14:00:00Z,2026-06-18T15:41:00Z
3304,5,2,2026-06-18T16:01:00Z,2026-06-18T17:51:00Z
3305,8,2,2026-06-18T18:16:00Z,2026-06-18T19:45:00Z
3306,1,2,2026-06-18T20:05:00Z,2026-06-18T22:03:00Z
3307,1,2,2026-06-18T22:28:00Z,2026-06-19T00:26:00Z
3308,1,3,2026-06-18T14:00:00Z,2026-06-18T15:58:00Z
3309,2,3,2026-06-18T16:23:00Z,2026-06-18T18:35:00Z
3310,8,3,2026-06-18T18:55:00Z,2026-06-18T20:24:00Z
3311,3,3,2026-06-18T20:54:00Z,2026-06-18T22:31:00Z
3312,4,3,2026-06-18T23:01:00Z,2026-06-19T00:46:00Z
3313,1,4,2026-06-18T14:00:00Z,2026-06-18T15:58:00Z
3314,3,4,2026-06-18T16:28:00Z,2026-06-18T18:05:00Z
3315,1,4,2026-06-18T18:30:00Z,2026-06-18T20:28:00Z
3316,1,4,2026-06-18T20:53:00Z,2026-06-18T22:51:00Z
3317,3,4,2026-06-18T23:11:00Z,2026-06-19T00:48:00Z
3318,3,1,2026-06-19T14:00:00Z,2026-06-19T15:37:00Z
3319,1,1,2026-06-19T16:07:00Z,2026-06-19T18:05:00Z
3320,2,1,2026-06-19T18:30:00Z,2026-06-19T20:42:00Z
3321,3,1,2026-06-19T21:07:00Z,2026-06-19T22:44:00Z
3322,2,1,2026-06-19T23:14:00Z,2026-06-20T01:26:00Z
3323,2,2,2026-06-19T14:00:00Z,2026-06-19T16:12:00Z
3324,4,2,2026-06-19T16:37:00Z,2026-06-19T18:22:00Z
3325,4,2,2026-06-19T18:42:00Z,2026-06-19T20:27:00Z
3326,6,2,2026-06-19T20:52:00Z,2026-06-19T23:17:00Z
3327,7,2,2026-06-19T23:47:00Z,2026-06-20T01:28:00Z
3328,2,3,2026-06-19T14:00:00Z,2026-06-19T16:12:00Z
3329,3,3,2026-06-19T16:42:00Z,2026-06-19T18:19:00Z
3330,4,3,2026-06-19T18:44:00Z,2026-06-19T20:29:00Z
3331,3,3,2026-06-19T20:49:00Z,2026-06-19T22:26:00Z
3332,2,3,2026-06-19T22:51:00Z,2026-06-20T01:03:00Z
3333,5,4,2026-06-19T14:00:00Z,2026-06-19T15:50:00Z
3334,7,4,2026-06-19T16:10:00Z,2026-06-19T17:51:00Z
3335,6,4,2026-06-19T18:11:00Z,2026-06-19T20:36:00Z
3336,3,4,2026-06-19T21:06:00Z,2026-06-19T22:43:00Z
3337,4,4,2026-06-19T23:08:00Z,2026-06-20T00:53:00Z
3338,1,1,2026-06-20T14:00:00Z,2026-06-20T15:58:00Z
3339,2,1,2026-06-20T16:18:00Z,2026-06-20T18:30:00Z
3340,7,1,2026-06-20T19:00:00Z,2026-06-20T20:41:00Z
3341,1,1,2026-06-20T21:01:00Z,2026-06-20T22:59:00Z
3342,2,1,2026-06-20T23:24:00Z,2026-06-21T01:36:00Z
3343,1,2,2026-06-20T14:00:00Z,2026-06-20T15:58:00Z
3344,2,2,2026-06-20T16:18:00Z,2026-06-20T18:30:00Z
3345,5,2,2026-06-20T19:00:00Z,2026-06-20T20:50:00Z
3346,8,2,2026-06-20T21:15:00Z,2026-06-20T22:44:00Z
3347,3,2,2026-06-20T23:14:00Z,2026-06-21T00:51:00Z
3348,3,3,2026-06-20T14:00:00Z,2026-06-20T15:37:00Z
3349,5,3,2026-06-20T16:07:00Z,2026-06-20T17:57:00Z
3350,8,3,2026-06-20T18:27:00Z,2026-06-20T19:56:00Z
3351,4,3,2026-06-20T20:21:00Z,2026-06-20T22:06:00Z
3352,1,3,2026-06-20T22:26:00Z,2026-06-21T00:24:00Z
3353,3,4,2026-06-20T14:00:00Z,2026-06-20T15:37:00Z
3354,8,4,2026-06-20T16:07:00Z,2026-06-20T17:36:00Z
3355,2,4,2026-06-20T18:06:00Z,2026-06-20T20:18:00Z
3356,5,4,2026-06-20T20:48:00Z,2026-06-20T22:38:00Z
3357,7,4,2026-06-20T23:03:00Z,2026-06-21T00:44:00Z
3358,4,1,2026-06-21T14:00:00Z,2026-06-21T15:45:00Z
3359,2,1,2026-06-21T16:05:00Z,2026-06-21T18:17:00Z
3360,2,1,2026-06-21T18:47:00Z,2026-06-21T20:59:00Z
3361,6,1,2026-06-21T21:29:00Z,2026-06-21T23:54:00Z
3362,4,2,2026-06-21T14:00:00Z,2026-06-21T15:45:00Z
3363,4,2,2026-06-21T16:10:00Z,2026-06-21T17:55:00Z
3364,1,2,2026-06-21T18:20:00Z,2026-06-21T20:18:00Z
3365,2,2,2026-06-21T20:38:00Z,2026-06-21T22:50:00Z
3366,8,2,2026-06-21T23:10:00Z,2026-06-22T00:39:00Z
3367,3,3,2026-06-21T14:00:00Z,2026-06-21T15:37:00Z
3368,1,3,2026-06-21T15:57:00Z,2026-06-21T17:55:00Z
3369,6,3,2026-06-21T18:15:00Z,2026-06-21T20:40:00Z
3370,4,3,2026-06-21T21:05:00Z,2026-06-21T22:50:00Z
3371,5,3,2026-06-21T23:15:00Z,2026-06-22T01:05:00Z
3372,8,4,2026-06-21T14:00:00Z,2026-06-21T15:29:00Z
3373,2,4,2026-06-21T15:49:00Z,2026-06-21T18:01:00Z
3374,1,4,2026-06-21T18:31:00Z,2026-06-21T20:29:00Z
3375,3,4,2026-06-21T20:59:00Z,2026-06-21T22:36:00Z
3376,1,4,2026-06-21T22:56:00Z,2026-06-22T00:54:00Z
3377,2,1,2026-06-22T14:00:00Z,2026-06-22T16:12:00Z
3378,4,1,2026-06-22T16:32:00Z,2026-06-22T18:17:00Z
3379,8,1,2026-06-22T18:47:00Z,2026-06-22T20:16:00Z
3380,6,1,2026-06-22T20:46:00Z,2026-06-22T23:11:00Z
3381,4,1,2026-06-22T23:36:00Z,2026-06-23T01:21:00Z
3382,6,2,2026-06-22T14:00:00Z,2026-06-22T16:25:00Z
3383,2,2,2026-06-22T16:45:00Z,2026-06-22T18:57:00Z
3384,4,2,2026-06-22T19:22:00Z,2026-06-22T21:07:00Z
3385,4,2,2026-06-22T21:27:00Z,2026-06-22T23:12:00Z
3386,7,2,2026-06-22T23:42:00Z,2026-06-23T01:23:00Z
3387,7,3,2026-06-22T14:00:00Z,2026-06-22T15:41:00Z
3388,2,3,2026-06-22T16:01:00Z,2026-06-22T18:13:00Z
3389,8,3,2026-06-22T18:38:00Z,2026-06-22T20:07:00Z
3390,7,3,2026-06-22T20:27:00Z,2026-06-22T22:08:00Z
3391,4,3,2026-06-22T22:28:00Z,2026-06-23T00:13:00Z
3392,8,4,2026-06-22T14:00:00Z,2026-06-22T15:29:00Z
3393,7,4,2026-06-22T15:49:00Z,2026-06-22T17:30:00Z
3394,3,4,2026-06-22T17:55:00Z,2026-06-22T19:32:00Z
3395,4,4,2026-06-22T19:57:00Z,2026-06-22T21:42:00Z
3396,6,4,2026-06-22T22:12:00Z,2026-06-23T00:37:00Z
3397,4,1,2026-06-23T14:00:00Z,2026-06-23T15:45:00Z
3398,3,1,2026-06-23T16:10:00Z,2026-06-23T17:47:00Z
3399,1,1,2026-06-23T18:07:00Z,2026-06-23T20:05:00Z
3400,3,1,2026-06-23T20:30:00Z,2026-06-23T22:07:00Z
3401,8,1,2026-06-23T22:27:00Z,2026-06-23T23:56:00Z
3402,7,2,2026-06-23T14:00:00Z,2026-06-23T15:41:00Z
3403,6,2,2026-06-23T16:01:00Z,2026-06-23T18:26:00Z
3404,5,2,2026-06-23T18:46:00Z,2026-06-23T20:36:00Z
3405,3,2,2026-06-23T21:06:00Z,2026-06-23T22:43:00Z
3406,3,2,2026-06-23T23:13:00Z,2026-06-24T00:50:00Z
3407,4,3,2026-06-23T14:00:00Z,2026-06-23T15:45:00Z
3408,7,3,2026-06-23T16:05:00Z,2026-06-23T17:46:00Z
3409,8,3,2026-06-23T18:16:00Z,2026-06-23T19:45:00Z
3410,8,3,2026-06-23T20:05:00Z,2026-06-23T21:34:00Z
3411,5,3,2026-06-23T21:59:00Z,2026-06-23T23:49:00Z
3412,7,4,2026-06-23T14:00:00Z,2026-06-23T15:41:00Z
3413,4,4,2026-06-23T16:11:00Z,2026-06-23T17:56:00Z
3414,6,4,2026-06-23T18:16:00Z,2026-06-23T20:41:00Z
3415,4,4,2026-06-23T21:06:00Z,2026-06-23T22:51:00Z
3416,3,4,2026-06-23T23:21:00Z,2026-06-24T00:58:00Z
3417,1,1,2026-06-24T14:00:00Z,2026-06-24T15:58:00Z
3418,1,1,2026-06-24T16:23:00Z,2026-06-24T18:21:00Z
3419,8,1,2026-06-24T18:41:00Z,2026-06-24T20:10:00Z
3420,1,1,2026-06-24T20:40:00Z,2026-06-24T22:38:00Z
3421,7,1,2026-06-24T23:03:00Z,2026-06-25T00:44:00Z
3422,2,2,2026-06-24T14:00:00Z,2026-06-24T16:12:00Z
3423,8,2,2026-06-24T16:37:00Z,2026-06-24T18:06:00Z
3424,2,2,2026-06-24T18:26:00Z,2026-06-24T20:38:00Z
3425,1,2,2026-06-24T21:08:00Z,2026-06-24T23:06:00Z
3426,7,2,2026-06-24T23:36:00Z,2026-06-25T01:17:00Z
3427,3,3,2026-06-24T14:00:00Z,2026-06-24T15:37:00Z
3428,5,3,2026-06-24T16:02:00Z,2026-06-24T17:52:00Z
3429,2,3,2026-06-24T18:12:00Z,2026-06-24T20:24:00Z
3430,8,3,2026-06-24T20:44:00Z,2026-06-24T22:13:00Z
3431,5,3,2026-06-24T22:43:00Z,2026-06-25T00:33:00Z
3432,8,4,2026-06-24T14:00:00Z,2026-06-24T15:29:00Z
3433,1,4,2026-06-24T15:59:00Z,2026-06-24T17:57:00Z
3434,8,4,2026-06-24T18:22:00Z,2026-06-24T19:51:00Z
3435,7,4,2026-06-24T20:11:00Z,2026-06-24T21:52:00Z
3436,6,4,2026-06-24T22:12:00Z,2026-06-25T00:37:00Z
3437,8,1,2026-06-25T14:00:00Z,2026-06-25T15:29:00Z
3438,1,1,2026-06-25T15:59:00Z,2026-06-25T17:57:00Z
3439,2,1,2026-06-25T18:27:00Z,2026-06-25T20:39:00Z
3440,6,1,2026-06-25T21:04:00Z,2026-06-25T23:29:00Z
3441,1,2,2026-06-25T14:00:00Z,2026-06-25T15:58:00Z
3442,7,2,2026-06-25T16:23:00Z,2026-06-25T18:04:00Z
3443,4,2,2026-06-25T18:29:00Z,2026-06-25T20:14:00Z
3444,2,2,2026-06-25T20:44:00Z,2026-06-25T22:56:00Z
3445,6,2,2026-06-25T23:26:00Z,2026-06-26T01:51:00Z
3446,1,3,2026-06-25T14:00:00Z,2026-06-25T15:58:00Z
3447,6,3,2026-06-25T16:28:00Z,2026-06-25T18:53:00Z
3448,2,3,2026-06-25T19:13:00Z,2026-06-25T21:25:00Z
3449,6,3,2026-06-25T21:50:00Z,2026-06-26T00:15:00Z
3450,1,4,2026-06-25T14:00:00Z,2026-06-25T15:58:00Z
3451,6,4,2026-06-25T16:23:00Z,2026-06-25T18:48:00Z
3452,2,4,2026-06-25T19:08:00Z,2026-06-25T21:20:00Z
3453,4,4,2026-06-25T21:50:00Z,2026-06-25T23:35:00Z
3454,6,4,2026-06-25T23:55:00Z,2026-06-26T02:20:00Z
3455,2,1,2026-06-26T14:00:00Z,2026-06-26T16:12:00Z
3456,8,1,2026-06-26T16:42:00Z,2026-06-26T18:11:00Z
3457,4,1,2026-06-26T18:41:00Z,2026-06-26T20:26:00Z
3458,4,1,2026-06-26T20:56:00Z,2026-06-26T22:41:00Z
3459,6,1,2026-06-26T23:06:00Z,2026-06-27T01:31:00Z
3460,7,2,2026-06-26T14:00:00Z,2026-06-26T15:41:00Z
3461,1,2,2026-06-26T16:06:00Z,2026-06-26T18:04:00Z
3462,6,2,2026-06-26T18:24:00Z,2026-06-26T20:49:00Z
3463,8,2,2026-06-26T21:14:00Z,2026-06-26T22:43:00Z
3464,2,2,2026-06-26T23:08:00Z,2026-06-27T01:20:00Z
3465,5,3,2026-06-26T14:00:00Z,2026-06-26T15:50:00Z
3466,6,3,2026-06-26T16:15:00Z,2026-06-26T18:40:00Z
3467,2,3,2026-06-26T19:10:00Z,2026-06-26T21:22:00Z
3468,8,3,2026-06-26T21:42:00Z,2026-06-26T23:11:00Z
3469,2,3,2026-06-26T23:31:00Z,2026-06-27T01:43:00Z
3470,3,4,2026-06-26T14:00:00Z,2026-06-26T15:37:00Z
3471,2,4,2026-06-26T16:02:00Z,2026-06-26T18:14:00Z
3472,3,4,2026-06-26T18:34:00Z,2026-06-26T20:11:00Z
3473,2,4,2026-06-26T20:36:00Z,2026-06-26T22:48:00Z
3474,3,4,2026-06-26T23:18:00Z,2026-06-27T00:55:00Z
3475,3,1,2026-06-27T14:00:00Z,2026-06-27T15:37:00Z
3476,1,1,2026-06-27T15:57:00Z,2026-06-27T17:55:00Z
3477,7,1,2026-06-27T18:20:00Z,2026-06-27T20:01:00Z
3478,3,1,2026-06-27T20:31:00Z,2026-06-27T22:08:00Z
3479,6,1,2026-06-27T22:33:00Z,2026-06-28T00:58:00Z
3480,8,2,2026-06-27T14:00:00Z,2026-06-27T15:29:00Z
3481,1,2,2026-06-27T15:59:00Z,2026-06-27T17:57:00Z
3482,4,2,2026-06-27T18:22:00Z,2026-06-27T20:07:00Z
3483,1,2,2026-06-27T20:27:00Z,2026-06-27T22:25:00Z
3484,6,2,2026-06-27T22:45:00Z,2026-06-28T01:10:00Z
3485,6,3,2026-06-27T14:00:00Z,2026-06-27T16:25:00Z
3486,6,3,2026-06-27T16:55:00Z,2026-06-27T19:20:00Z
3487,8,3,2026-06-27T19:45:00Z,2026-06-27T21:14:00Z
3488,5,3,2026-06-27T21:39:00Z,2026-06-27T23:29:00Z
3489,3,4,2026-06-27T14:00:00Z,2026-06-27T15:37:00Z
3490,3,4,2026-06-27T16:02:00Z,2026-06-27T17:39:00Z
3491,4,4,2026-06-27T18:04:00Z,2026-06-27T19:49:00Z
3492,6,4,2026-06-27T20:14:00Z,2026-06-27T22:39:00Z
3493,1,4,2026-06-27T23:04:00Z,2026-06-28T01:02:00Z
3494,6,1,2026-06-28T14:00:00Z,2026-06-28T16:25:00Z
3495,8,1,2026-06-28T16:50:00Z,2026-06-28T18:19:00Z
3496,3,1,2026-06-28T18:39:00Z,2026-06-28T20:16:00Z
3497,5,1,2026-06-28T20:46:00Z,2026-06-28T22:36:00Z
3498,3,1,2026-06-28T22:56:00Z,2026-06-29T00:33:00Z
3499,3,2,2026-06-28T14:00:00Z,2026-06-28T15:37:00Z
3500,4,2,2026-06-28T15:57:00Z,2026-06-28T17:42:00Z
3501,1,2,2026-06-28T18:02:00Z,2026-06-28T20:00:00Z
3502,3,2,2026-06-28T20:25:00Z,2026-06-28T22:02:00Z
3503,5,2,2026-06-28T22:27:00Z,2026-06-29T00:17:00Z
3504,3,3,2026-06-28T14:00:00Z,2026-06-28T15:37:00Z
3505,1,3,2026-06-28T15:57:00Z,2026-06-28T17:55:00Z
3506,6,3,2026-06-28T18:25:00Z,2026-06-28T20:50:00Z
3507,3,3,2026-06-28T21:15:00Z,2026-06-28T22:52:00Z
3508,8,3,2026-06-28T23:17:00Z,2026-06-29T00:46:00Z
3509,3,4,2026-06-28T14:00:00Z,2026-06-28T15:37:00Z
3510,5,4,2026-06-28T16:07:00Z,2026-06-28T17:57:00Z
3511,1,4,2026-06-28T18:17:00Z,2026-06-28T20:15:00Z
3512,8,4,2026-06-28T20:40:00Z,2026-06-28T22:09:00Z
3513,8,4,2026-06-28T22:29:00Z,2026-06-28T23:58:00Z
3514,3,1,2026-06-29T14:00:00Z,2026-06-29T15:37:00Z
3515,6,1,2026-06-29T15:57:00Z,2026-06-29T18:22:00Z
3516,5,1,2026-06-29T18:52:00Z,2026-06-29T20:42:00Z
3517,5,1,2026-06-29T21:07:00Z,2026-06-29T22:57:00Z
3518,3,1,2026-06-29T23:27:00Z,2026-06-30T01:04:00Z
3519,8,2,2026-06-29T14:00:00Z,2026-06-29T15:29:00Z
3520,2,2,2026-06-29T15:54:00Z,2026-06-29T18:06:00Z
3521,8,2,2026-06-29T18:36:00Z,2026-06-29T20:05:00Z
3522,3,2,2026-06-29T20:25:00Z,2026-06-29T22:02:00Z
3523,2,2,2026-06-29T22:32:00Z,2026-06-30T00:44:00Z
3524,1,3,2026-06-29T14:00:00Z,2026-06-29T15:58:00Z
3525,4,3,2026-06-29T16:23:00Z,2026-06-29T18:08:00Z
3526,6,3,2026-06-29T18:33:00Z,2026-06-29T20:58:00Z
3527,6,3,2026-06-29T21:18:00Z,2026-06-29T23:43:00Z
3528,4,4,2026-06-29T14:00:00Z,2026-06-29T15:45:00Z
3529,4,4,2026-06-29T16:15:00Z,2026-06-29T18:00:00Z
3530,4,4,2026-06-29T18:25:00Z,2026-06-29T20:10:00Z
3531,2,4,2026-06-29T20:30:00Z,2026-06-29T22:42:00Z
3532,8,4,2026-06-29T23:12:00Z,2026-06-30T00:41:00Z
3533,2,1,2026-06-30T14:00:00Z,2026-06-30T16:12:00Z
3534,7,1,2026-06-30T16:42:00Z,2026-06-30T18:23:00Z
3535,8,1,2026-06-30T18:43:00Z,2026-06-30T20:12:00Z
3536,1,1,2026-06-30T20:37:00Z,2026-06-30T22:35:00Z
3537,6,1,2026-06-30T23:05:00Z,2026-07-01T01:30:00Z
3538,3,2,2026-06-30T14:00:00Z,2026-06-30T15:37:00Z
3539,7,2,2026-06-30T16:07:00Z,2026-06-30T17:48:00Z
3540,7,2,2026-06-30T18:13:00Z,2026-06-30T19:54:00Z
3541,1,2,2026-06-30T20:19:00Z,2026-06-30T22:17:00Z
3542,6,2,2026-06-30T22:42:00Z,2026-07-01T01:07:00Z
3543,5,3,2026-06-30T14:00:00Z,2026-06-30T15:50:00Z
3544,2,3,2026-06-30T16:15:00Z,2026-06-30T18:27:00Z
3545,8,3,2026-06-30T18:47:00Z,2026-06-30T20:16:00Z
3546,7,3,2026-06-30T20:46:00Z,2026-06-30T22:27:00Z
3547,5,3,2026-06-30T22:52:00Z,2026-07-01T00:42:00Z
3548,7,4,2026-06-30T14:00:00Z,2026-06-30T15:41:00Z
3549,7,4,2026-06-30T16:11:00Z,2026-06-30T17:52:00Z
3550,2,4,2026-06-30T18:12:00Z,2026-06-30T20:24:00Z
3551,4,4,2026-06-30T20:44:00Z,2026-06-30T22:29:00Z
3552,8,4,2026-06-30T22:54:00Z,2026-07-01T00:23:00Z
3553,6,1,2026-07-01T14:00:00Z,2026-07-01T16:25:00Z
3554,7,1,2026-07-01T16:45:00Z,2026-07-01T18:26:00Z
3555,1,1,2026-07-01T18:46:00Z,2026-07-01T20:44:00Z
3556,5,1,2026-07-01T21:09:00Z,2026-07-01T22:59:00Z
3557,3,1,2026-07-01T23:24:00Z,2026-07-02T01:01:00Z
3558,8,2,2026-07-01T14:00:00Z,2026-07-01T15:29:00Z
3559,3,2,2026-07-01T15:59:00Z,2026-07-01T17:36:00Z
3560,3,2,2026-07-01T17:56:00Z,2026-07-01T19:33:00Z
3561,5,2,2026-07-01T19:58:00Z,2026-07-01T21:48:00Z
3562,8,2,2026-07-01T22:18:00Z,2026-07-01T23:47:00Z
3563,5,3,2026-07-01T14:00:00Z,2026-07-01T15:50:00Z
3564,5,3,2026-07-01T16:20:00Z,2026-07-01T18:10:00Z
3565,8,3,2026-07-01T18:35:00Z,2026-07-01T20:04:00Z
3566,1,3,2026-07-01T20:24:00Z,2026-07-01T22:22:00Z
3567,3,3,2026-07-01T22:42:00Z,2026-07-02T00:19:00Z
3568,5,4,2026-07-01T14:00:00Z,2026-07-01T15:50:00Z
3569,8,4,2026-07-01T16:20:00Z,2026-07-01T17:49:00Z
3570,5,4,2026-07-01T18:09:00Z,2026-07-01T19:59:00Z
3571,3,4,2026-07-01T20:24:00Z,2026-07-01T22:01:00Z
3572,4,4,2026-07-01T22:26:00Z,2026-07-02T00:11:00Z
3573,2,1,2026-07-02T14:00:00Z,2026-07-02T16:12:00Z
3574,8,1,2026-07-02T16:37:00Z,2026-07-02T18:06:00Z
3575,6,1,2026-07-02T18:26:00Z,2026-07-02T20:51:00Z
3576,8,1,2026-07-02T21:21:00Z,2026-07-02T22:50:00Z
3577,7,1,2026-07-02T23:20:00Z,2026-07-03T01:01:00Z
3578,8,2,2026-07-02T14:00:00Z,2026-07-02T15:29:00Z
3579,2,2,2026-07-02T15:59:00Z,2026-07-02T18:11:00Z
3580,1,2,2026-07-02T18:36:00Z,2026-07-02T20:34:00Z
3581,3,2,2026-07-02T20:59:00Z,2026-07-02T22:36:00Z
3582,1,2,2026-07-02T23:06:00Z,2026-07-03T01:04:00Z
3583,6,3,2026-07-02T14:00:00Z,2026-07-02T16:25:00Z
3584,3,3,2026-07-02T16:50:00Z,2026-07-02T18:27:00Z
3585,3,3,2026-07-02T18:52:00Z,2026-07-02T20:29:00Z
3586,5,3,2026-07-02T20:49:00Z,2026-07-02T22:39:00Z
3587,7,3,2026-07-02T23:04:00Z,2026-07-03T00:45:00Z
3588,6,4,2026-07-02T14:00:00Z,2026-07-02T16:25:00Z
3589,5,4,2026-07-02T16:45:00Z,2026-07-02T18:35:00Z
3590,2,4,2026-07-02T19:00:00Z,2026-07-02T21:12:00Z
3591,4,4,2026-07-02T21:42:00Z,2026-07-02T23:27:00Z
3592,3,4,2026-07-02T23:57:00Z,2026-07-03T01:34:00Z
3593,3,1,2026-07-03T14:00:00Z,2026-07-03T15:37:00Z
3594,6,1,2026-07-03T16:07:00Z,2026-07-03T18:32:00Z
3595,5,1,2026-07-03T18:57:00Z,2026-07-03T20:47:00Z
3596,6,1,2026-07-03T21:12:00Z,2026-07-03T23:37:00Z
3597,6,1,2026-07-03T23:57:00Z,2026-07-04T02:22:00Z
3598,1,2,2026-07-03T14:00:00Z,2026-07-03T15:58:00Z
3599,5,2,2026-07-03T16:18:00Z,2026-07-03T18:08:00Z
3600,8,2,2026-07-03T18:33:00Z,2026-07-03T20:02:00Z
3601,6,2,2026-07-03T20:27:00Z,2026-07-03T22:52:00Z
3602,2,2,2026-07-03T23:12:00Z,2026-07-04T01:24:00Z
3603,3,3,2026-07-03T14:00:00Z,2026-07-03T15:37:00Z
3604,4,3,2026-07-03T16:07:00Z,2026-07-03T17:52:00Z
3605,2,3,2026-07-03T18:12:00Z,2026-07-03T20:24:00Z
3606,8,3,2026-07-03T20:49:00Z,2026-07-03T22:18:00Z
3607,2,3,2026-07-03T22:38:00Z,2026-07-04T00:50:00Z
3608,1,4,2026-07-03T14:00:00Z,2026-07-03T15:58:00Z
3609,6,4,2026-07-03T16:23:00Z,2026-07-03T18:48:00Z
3610,6,4,2026-07-03T19:13:00Z,2026-07-03T21:38:00Z
3611,8,4,2026-07-03T21:58:00Z,2026-07-03T23:27:00Z
3612,6,4,2026-07-03T23:57:00Z,2026-07-04T02:22:00Z
3613,5,1,2026-07-04T14:00:00Z,2026-07-04T15:50:00Z
3614,2,1,2026-07-04T16:10:00Z,2026-07-04T18:22:00Z
3615,3,1,2026-07-04T18:42:00Z,2026-07-04T20:19:00Z
3616,3,1,2026-07-04T20:49:00Z,2026-07-04T22:26:00Z
3617,4,1,2026-07-04T22:56:00Z,2026-07-05T00:41:00Z
3618,3,2,2026-07-04T14:00:00Z,2026-07-04T15:37:00Z
3619,3,2,2026-07-04T15:57:00Z,2026-07-04T17:34:00Z
3620,7,2,2026-07-04T17:54:00Z,2026-07-04T19:35:00Z
3621,2,2,2026-07-04T20:05:00Z,2026-07-04T22:17:00Z
3622,1,2,2026-07-04T22:37:00Z,2026-07-05T00:35:00Z
3623,7,3,2026-07-04T14:00:00Z,2026-07-04T15:41:00Z
3624,4,3,2026-07-04T16:01:00Z,2026-07-04T17:46:00Z
3625,1,3,2026-07-04T18:06:00Z,2026-07-04T20:04:00Z
3626,1,3,2026-07-04T20:34:00Z,2026-07-04T22:32:00Z
3627,2,3,2026-07-04T22:57:00Z,2026-07-05T01:09:00Z
3628,1,4,2026-07-04T14:00:00Z,2026-07-04T15:58:00Z
3629,5,4,2026-07-04T16:18:00Z,2026-07-04T18:08:00Z
3630,1,4,2026-07-04T18:38:00Z,2026-07-04T20:36:00Z
3631,2,4,2026-07-04T20:56:00Z,2026-07-04T23:08:00Z
3632,4,4,2026-07-04T23:38:00Z,2026-07-05T01:23:00Z
3633,4,1,2026-07-05T14:00:00Z,2026-07-05T15:45:00Z
3634,6,1,2026-07-05T16:05:00Z,2026-07-05T18:30:00Z
3635,2,1,2026-07-05T18:50:00Z,2026-07-05T21:02:00Z
3636,5,1,2026-07-05T21:22:00Z,2026-07-05T23:12:00Z
3637,6,1,2026-07-05T23:42:00Z,2026-07-06T02:07:00Z
3638,3,2,2026-07-05T14:00:00Z,2026-07-05T15:37:00Z
3639,4,2,2026-07-05T16:07:00Z,2026-07-05T17:52:00Z
3640,2,2,2026-07-05T18:22:00Z,2026-07-05T20:34:00Z
3641,1,2,2026-07-05T20:54:00Z,2026-07-05T22:52:00Z
3642,4,2,2026-07-05T23:22:00Z,2026-07-06T01:07:00Z
3643,4,3,2026-07-05T14:00:00Z,2026-07-05T15:45:00Z
3644,3,3,2026-07-05T16:10:00Z,2026-07-05T17:47:00Z
3645,1,3,2026-07-05T18:17:00Z,2026-07-05T20:15:00Z
3646,2,3,2026-07-05T20:45:00Z,2026-07-05T22:57:00Z
3647,8,3,2026-07-05T23:17:00Z,2026-07-06T00:46:00Z
3648,3,4,2026-07-05T14:00:00Z,2026-07-05T15:37:00Z
3649,2,4,2026-07-05T16:02:00Z,2026-07-05T18:14:00Z
3650,6,4,2026-07-05T18:34:00Z,2026-07-05T20:59:00Z
3651,7,4,2026-07-05T21:24:00Z,2026-07-05T23:05:00Z
3652,4,4,2026-07-05T23:25:00Z,2026-07-06T01:10:00Z
3653,2,1,2026-07-06T14:00:00Z,2026-07-06T16:12:00Z
3654,2,1,2026-07-06T16:37:00Z,2026-07-06T18:49:00Z
3655,2,1,2026-07-06T19:14:00Z,2026-07-06T21:26:00Z
3656,3,1,2026-07-06T21:56:00Z,2026-07-06T23:33:00Z
3657,6,1,2026-07-06T23:58:00Z,2026-07-07T02:23:00Z
3658,5,2,2026-07-06T14:00:00Z,2026-07-06T15:50:00Z
3659,1,2,2026-07-06T16:20:00Z,2026-07-06T18:18:00Z
3660,6,2,2026-07-06T18:38:00Z,2026-07-06T21:03:00Z
3661,2,2,2026-07-06T21:28:00Z,2026-07-06T23:40:00Z
3662,5,3,2026-07-06T14:00:00Z,2026-07-06T15:50:00Z
3663,5,3,2026-07-06T16:15:00Z,2026-07-06T18:05:00Z
3664,8,3,2026-07-06T18:35:00Z,2026-07-06T20:04:00Z
3665,7,3,2026-07-06T20:24:00Z,2026-07-06T22:05:00Z
3666,7,3,2026-07-06T22:30:00Z,2026-07-07T00:11:00Z
3667,2,4,2026-07-06T14:00:00Z,2026-07-06T16:12:00Z
3668,6,4,2026-07-06T16:37:00Z,2026-07-06T19:02:00Z
3669,1,4,2026-07-06T19:22:00Z,2026-07-06T21:20:00Z
3670,8,4,2026-07-06T21:50:00Z,2026-07-06T23:19:00Z
3671,2,4,2026-07-06T23:49:00Z,2026-07-07T02:01:00Z
3672,8,1,2026-07-07T14:00:00Z,2026-07-07T15:29:00Z
3673,2,1,2026-07-07T15:59:00Z,2026-07-07T18:11:00Z
3674,3,1,2026-07-07T18:31:00Z,2026-07-07T20:08:00Z
3675,7,1,2026-07-07T20:33:00Z,2026-07-07T22:14:00Z
3676,2,1,2026-07-07T22:44:00Z,2026-07-08T00:56:00Z
3677,3,2,2026-07-07T14:00:00Z,2026-07-07T15:37:00Z
3678,6,2,2026-07-07T15:57:00Z,2026-07-07T18:22:00Z
3679,6,2,2026-07-07T18:42:00Z,2026-07-07T21:07:00Z
3680,7,2,2026-07-07T21:27:00Z,2026-07-07T23:08:00Z
3681,4,2,2026-07-07T23:28:00Z,2026-07-08T01:13:00Z
3682,8,3,2026-07-07T14:00:00Z,2026-07-07T15:29:00Z
3683,5,3,2026-07-07T15:54:00Z,2026-07-07T17:44:00Z
3684,7,3,2026-07-07T18:14:00Z,2026-07-07T19:55:00Z
3685,8,3,2026-07-07T20:20:00Z,2026-07-07T21:49:00Z
3686,7,3,2026-07-07T22:19:00Z,2026-07-08T00:00:00Z
3687,5,4,2026-07-07T14:00:00Z,2026-07-07T15:50:00Z
3688,8,4,2026-07-07T16:10:00Z,2026-07-07T17:39:00Z
3689,2,4,2026-07-07T17:59:00Z,2026-07-07T20:11:00Z
3690,8,4,2026-07-07T20:36:00Z,2026-07-07T22:05:00Z
3691,4,4,2026-07-07T22:30:00Z,2026-07-08T00:15:00Z
3692,3,1,2026-07-08T14:00:00Z,2026-07-08T15:37:00Z
3693,2,1,2026-07-08T15:57:00Z,2026-07-08T18:09:00Z
3694,1,1,2026-07-08T18:39:00Z,2026-07-08T20:37:00Z
3695,8,1,2026-07-08T20:57:00Z,2026-07-08T22:26:00Z
3696,1,1,2026-07-08T22:56:00Z,2026-07-09T00:54:00Z
3697,7,2,2026-07-08T14:00:00Z,2026-07-08T15:41:00Z
3698,6,2,2026-07-08T16:11:00Z,2026-07-08T18:36:00Z
3699,5,2,2026-07-08T18:56:00Z,2026-07-08T20:46:00Z
3700,2,2,2026-07-08T21:16:00Z,2026-07-08T23:28:00Z
3701,8,2,2026-07-08T23:48:00Z,2026-07-09T01:17:00Z
3702,4,3,2026-07-08T14:00:00Z,2026-07-08T15:45:00Z
3703,8,3,2026-07-08T16:10:00Z,2026-07-08T17:39:00Z
3704,5,3,2026-07-08T18:04:00Z,2026-07-08T19:54:00Z
3705,6,3,2026-07-08T20:24:00Z,2026-07-08T22:49:00Z
3706,1,3,2026-07-08T23:19:00Z,2026-07-09T01:17:00Z
3707,7,4,2026-07-08T14:00:00Z,2026-07-08T15:41:00Z
3708,7,4,2026-07-08T16:01:00Z,2026-07-08T17:42:00Z
3709,6,4,2026-07-08T18:07:00Z,2026-07-08T20:32:00Z
3710,8,4,2026-07-08T20:57:00Z,2026-07-08T22:26:00Z
3711,1,4,2026-07-08T22:51:00Z,2026-07-09T00:49:00Z
3712,3,1,2026-07-09T14:00:00Z,2026-07-09T15:37:00Z
3713,5,1,2026-07-09T16:07:00Z,2026-07-09T17:57:00Z
3714,3,1,2026-07-09T18:27:00Z,2026-07-09T20:04:00Z
3715,7,1,2026-07-09T20:29:00Z,2026-07-09T22:10:00Z
3716,5,1,2026-07-09T22:30:00Z,2026-07-10T00:20:00Z
3717,7,2,2026-07-09T14:00:00Z,2026-07-09T15:41:00Z
3718,2,2,2026-07-09T16:06:00Z,2026-07-09T18:18:00Z
3719,8,2,2026-07-09T18:48:00Z,2026-07-09T20:17:00Z
3720,8,2,2026-07-09T20:47:00Z,2026-07-09T22:16:00Z
3721,3,2,2026-07-09T22:41:00Z,2026-07-10T00:18:00Z
3722,1,3,2026-07-09T14:00:00Z,2026-07-09T15:58:00Z
3723,5,3,2026-07-09T16:23:00Z,2026-07-09T18:13:00Z
3724,7,3,2026-07-09T18:38:00Z,2026-07-09T20:19:00Z
3725,6,3,2026-07-09T20:49:00Z,2026-07-09T23:14:00Z
3726,6,3,2026-07-09T23:39:00Z,2026-07-10T02:04:00Z
3727,1,4,2026-07-09T14:00:00Z,2026-07-09T15:58:00Z
3728,1,4,2026-07-09T16:28:00Z,2026-07-09T18:26:00Z
3729,6,4,2026-07-09T18:46:00Z,2026-07-09T21:11:00Z
3730,1,4,2026-07-09T21:36:00Z,2026-07-09T23:34:00Z
3731,6,1,2026-07-10T14:00:00Z,2026-07-10T16:25:00Z
3732,2,1,2026-07-10T16:50:00Z,2026-07-10T19:02:00Z
3733,6,1,2026-07-10T19:27:00Z,2026-07-10T21:52:00Z
3734,7,1,2026-07-10T22:17:00Z,2026-07-10T23:58:00Z
3735,1,2,2026-07-10T14:00:00Z,2026-07-10T15:58:00Z
3736,4,2,2026-07-10T16:28:00Z,2026-07-10T18:13:00Z
3737,4,2,2026-07-10T18:33:00Z,2026-07-10T20:18:00Z
3738,5,2,2026-07-10T20:48:00Z,2026-07-10T22:38:00Z
3739,2,2,2026-07-10T23:08:00Z,2026-07-11T01:20:00Z
3740,2,3,2026-07-10T14:00:00Z,2026-07-10T16:12:00Z
3741,2,3,2026-07-10T16:37:00Z,2026-07-10T18:49:00Z
3742,3,3,2026-07-10T19:14:00Z,2026-07-10T20:51:00Z
3743,6,3,2026-07-10T21:11:00Z,2026-07-10T23:36:00Z
3744,8,3,2026-07-10T23:56:00Z,2026-07-11T01:25:00Z
3745,7,4,2026-07-10T14:00:00Z,2026-07-10T15:41:00Z
3746,7,4,2026-07-10T16:11:00Z,2026-07-10T17:52:00Z
3747,1,4,2026-07-10T18:17:00Z,2026-07-10T20:15:00Z
3748,8,4,2026-07-10T20:45:00Z,2026-07-10T22:14:00Z
3749,1,4,2026-07-10T22:44:00Z,2026-07-11T00:42:00Z
3750,7,1,2026-07-11T14:00:00Z,2026-07-11T15:41:00Z
3751,7,1,2026-07-11T16:11:00Z,2026-07-11T17:52:00Z
3752,2,1,2026-07-11T18:17:00Z,2026-07-11T20:29:00Z
3753,2,1,2026-07-11T20:54:00Z,2026-07-11T23:06:00Z
3754,4,1,2026-07-11T23:36:00Z,2026-07-12T01:21:00Z
3755,8,2,2026-07-11T14:00:00Z,2026-07-11T15:29:00Z
3756,6,2,2026-07-11T15:59:00Z,2026-07-11T18:24:00Z
3757,5,2,2026-07-11T18:44:00Z,2026-07-11T20:34:00Z
3758,7,2,2026-07-11T20:59:00Z,2026-07-11T22:40:00Z
3759,8,2,2026-07-11T23:00:00Z,2026-07-12T00:29:00Z
3760,2,3,2026-07-11T14:00:00Z,2026-07-11T16:12:00Z
3761,4,3,2026-07-11T16:42:00Z,2026-07-11T18:27:00Z
3762,5,3,2026-07-11T18:52:00Z,2026-07-11T20:42:00Z
3763,5,3,2026-07-11T21:02:00Z,2026-07-11T22:52:00Z
3764,7,3,2026-07-11T23:22:00Z,2026-07-12T01:03:00Z
3765,2,4,2026-07-11T14:00:00Z,2026-07-11T16:12:00Z
3766,2,4,2026-07-11T16:42:00Z,2026-07-11T18:54:00Z
3767,6,4,2026-07-11T19:24:00Z,2026-07-11T21:49:00Z
3768,2,4,2026-07-11T22:14:00Z,2026-07-12T00:26:00Z
3769,8,1,2026-07-12T14:00:00Z,2026-07-12T15:29:00Z
3770,4,1,2026-07-12T15:54:00Z,2026-07-12T17:39:00Z
3771,2,1,2026-07-12T18:04:00Z,2026-07-12T20:16:00Z
3772,5,1,2026-07-12T20:46:00Z,2026-07-12T22:36:00Z
3773,5,1,2026-07-12T23:06:00Z,2026-07-13T00:56:00Z
3774,6,2,2026-07-12T14:00:00Z,2026-07-12T16:25:00Z
3775,7,2,2026-07-12T16:45:00Z,2026-07-12T18:26:00Z
3776,5,2,2026-07-12T18:51:00Z,2026-07-12T20:41:00Z
3777,8,2,2026-07-12T21:11:00Z,2026-07-12T22:40:00Z
3778,3,2,2026-07-12T23:10:00Z,2026-07-13T00:47:00Z
3779,3,3,2026-07-12T14:00:00Z,2026-07-12T15:37:00Z
3780,8,3,2026-07-12T16:07:00Z,2026-07-12T17:36:00Z
3781,8,3,2026-07-12T17:56:00Z,2026-07-12T19:25:00Z
3782,7,3,2026-07-12T19:50:00Z,2026-07-12T21:31:00Z
3783,1,3,2026-07-12T22:01:00Z,2026-07-12T23:59:00Z
3784,4,4,2026-07-12T14:00:00Z,2026-07-12T15:45:00Z
3785,8,4,2026-07-12T16:10:00Z,2026-07-12T17:39:00Z
3786,4,4,2026-07-12T17:59:00Z,2026-07-12T19:44:00Z
3787,5,4,2026-07-12T20:04:00Z,2026-07-12T21:54:00Z
3788,7,4,2026-07-12T22:19:00Z,2026-07-13T00:00:00Z
3789,2,1,2026-07-13T14:00:00Z,2026-07-13T16:12:00Z
3790,4,1,2026-07-13T16:42:00Z,2026-07-13T18:27:00Z
3791,5,1,2026-07-13T18:52:00Z,2026-07-13T20:42:00Z
3792,3,1,2026-07-13T21:07:00Z,2026-07-13T22:44:00Z
3793,4,1,2026-07-13T23:09:00Z,2026-07-14T00:54:00Z
3794,4,2,2026-07-13T14:00:00Z,2026-07-13T15:45:00Z
3795,3,2,2026-07-13T16:05:00Z,2026-07-13T17:42:00Z
3796,1,2,2026-07-13T18:02:00Z,2026-07-13T20:00:00Z
3797,5,2,2026-07-13T20:20:00Z,2026-07-13T22:10:00Z
3798,8,2,2026-07-13T22:35:00Z,2026-07-14T00:04:00Z
3799,7,3,2026-07-13T14:00:00Z,2026-07-13T15:41:00Z
3800,1,3,2026-07-13T16:06:00Z,2026-07-13T18:04:00Z
3801,3,3,2026-07-13T18:24:00Z,2026-07-13T20:01:00Z
3802,3,3,2026-07-13T20:26:00Z,2026-07-13T22:03:00Z
3803,5,3,2026-07-13T22:23:00Z,2026-07-14T00:13:00Z
3804,3,4,2026-07-13T14:00:00Z,2026-07-13T15:37:00Z
3805,1,4,2026-07-13T16:07:00Z,2026-07-13T18:05:00Z
3806,8,4,2026-07-13T18:35:00Z,2026-07-13T20:04:00Z
3807,1,4,2026-07-13T20:24:00Z,2026-07-13T22:22:00Z
3808,6,4,2026-07-13T22:42:00Z,2026-07-14T01:07:00Z
3809,5,1,2026-07-14T14:00:00Z,2026-07-14T15:50:00Z
3810,7,1,2026-07-14T16:10:00Z,2026-07-14T17:51:00Z
3811,2,1,2026-07-14T18:16:00Z,2026-07-14T20:28:00Z
3812,3,1,2026-07-14T20:53:00Z,2026-07-14T22:30:00Z
3813,2,1,2026-07-14T22:50:00Z,2026-07-15T01:02:00Z
3814,2,2,2026-07-14T14:00:00Z,2026-07-14T16:12:00Z
3815,5,2,2026-07-14T16:42:00Z,2026-07-14T18:32:00Z
3816,2,2,2026-07-14T18:57:00Z,2026-07-14T21:09:00Z
3817,2,2,2026-07-14T21:29:00Z,2026-07-14T23:41:00Z
3818,6,3,2026-07-14T14:00:00Z,2026-07-14T16:25:00Z
3819,7,3,2026-07-14T16:55:00Z,2026-07-14T18:36:00Z
3820,4,3,2026-07-14T19:06:00Z,2026-07-14T20:51:00Z
3821,4,3,2026-07-14T21:16:00Z,2026-07-14T23:01:00Z
3822,2,3,2026-07-14T23:21:00Z,2026-07-15T01:33:00Z
3823,4,4,2026-07-14T14:00:00Z,2026-07-14T15:45:00Z
3824,8,4,2026-07-14T16:10:00Z,2026-07-14T17:39:00Z
3825,5,4,2026-07-14T18:04:00Z,2026-07-14T19:54:00Z
3826,1,4,2026-07-14T20:24:00Z,2026-07-14T22:22:00Z
3827,6,4,2026-07-14T22:47:00Z,2026-07-15T01:12:00Z
3828,2,1,2026-07-15T14:00:00Z,2026-07-15T16:12:00Z
3829,7,1,2026-07-15T16:37:00Z,2026-07-15T18:18:00Z
3830,4,1,2026-07-15T18:43:00Z,2026-07-15T20:28:00Z
3831,3,1,2026-07-15T20:53:00Z,2026-07-15T22:30:00Z
3832,8,1,2026-07-15T22:55:00Z,2026-07-16T00:24:00Z
3833,6,2,2026-07-15T14:00:00Z,2026-07-15T16:25:00Z
3834,1,2,2026-07-15T16:50:00Z,2026-07-15T18:48:00Z
3835,1,2,2026-07-15T19:18:00Z,2026-07-15T21:16:00Z
3836,1,2,2026-07-15T21:46:00Z,2026-07-15T23:44:00Z
3837,4,3,2026-07-15T14:00:00Z,2026-07-15T15:45:00Z
3838,7,3,2026-07-15T16:10:00Z,2026-07-15T17:51:00Z
3839,6,3,2026-07-15T18:16:00Z,2026-07-15T20:41:00Z
3840,2,3,2026-07-15T21:11:00Z,2026-07-15T23:23:00Z
3841,4,3,2026-07-15T23:53:00Z,2026-07-16T01:38:00Z
3842,7,4,2026-07-15T14:00:00Z,2026-07-15T15:41:00Z
3843,7,4,2026-07-15T16:01:00Z,2026-07-15T17:42:00Z
3844,5,4,2026-07-15T18:07:00Z,2026-07-15T19:57:00Z
3845,4,4,2026-07-15T20:17:00Z,2026-07-15T22:02:00Z
3846,4,4,2026-07-15T22:27:00Z,2026-07-16T00:12:00Z
3847,8,1,2026-07-16T14:00:00Z,2026-07-16T15:29:00Z
3848,6,1,2026-07-16T15:59:00Z,2026-07-16T18:24:00Z
3849,7,1,2026-07-16T18:54:00Z,2026-07-16T20:35:00Z
3850,5,1,2026-07-16T20:55:00Z,2026-07-16T22:45:00Z
3851,8,1,2026-07-16T23:05:00Z,2026-07-17T00:34:00Z
3852,7,2,2026-07-16T14:00:00Z,2026-07-16T15:41:00Z
3853,7,2,2026-07-16T16:06:00Z,2026-07-16T17:47:00Z
3854,3,2,2026-07-16T18:07:00Z,2026-07-16T19:44:00Z
3855,5,2,2026-07-16T20:14:00Z,2026-07-16T22:04:00Z
3856,2,2,2026-07-16T22:34:00Z,2026-07-17T00:46:00Z
3857,7,3,2026-07-16T14:00:00Z,2026-07-16T15:41:00Z
3858,6,3,2026-07-16T16:11:00Z,2026-07-16T18:36:00Z
3859,1,3,2026-07-16T19:01:00Z,2026-07-16T20:59:00Z
3860,3,3,2026-07-16T21:19:00Z,2026-07-16T22:56:00Z
3861,8,3,2026-07-16T23:26:00Z,2026-07-17T00:55:00Z
3862,3,4,2026-07-16T14:00:00Z,2026-07-16T15:37:00Z
3863,7,4,2026-07-16T15:57:00Z,2026-07-16T17:38:00Z
3864,5,4,2026-07-16T17:58:00Z,2026-07-16T19:48:00Z
3865,2,4,2026-07-16T20:13:00Z,2026-07-16T22:25:00Z
3866,3,4,2026-07-16T22:45:00Z,2026-07-17T00:22:00Z
3867,3,1,2026-07-17T14:00:00Z,2026-07-17T15:37:00Z
3868,7,1,2026-07-17T16:07:00Z,2026-07-17T17:48:00Z
3869,8,1,2026-07-17T18:13:00Z,2026-07-17T19:42:00Z
3870,3,1,2026-07-17T20:07:00Z,2026-07-17T21:44:00Z
3871,3,1,2026-07-17T22:09:00Z,2026-07-17T23:46:00Z
3872,6,2,2026-07-17T14:00:00Z,2026-07-17T16:25:00Z
3873,4,2,2026-07-17T16:50:00Z,2026-07-17T18:35:00Z
3874,7,2,2026-07-17T18:55:00Z,2026-07-17T20:36:00Z
3875,3,2,2026-07-17T21:01:00Z,2026-07-17T22:38:00Z
3876,7,2,2026-07-17T23:03:00Z,2026-07-18T00:44:00Z
3877,4,3,2026-07-17T14:00:00Z,2026-07-17T15:45:00Z
3878,1,3,2026-07-17T16:05:00Z,2026-07-17T18:03:00Z
3879,4,3,2026-07-17T18:33:00Z,2026-07-17T20:18:00Z
3880,8,3,2026-07-17T20:38:00Z,2026-07-17T22:07:00Z
3881,5,3,2026-07-17T22:27:00Z,2026-07-18T00:17:00Z
3882,3,4,2026-07-17T14:00:00Z,2026-07-17T15:37:00Z
3883,7,4,2026-07-17T15:57:00Z,2026-07-17T17:38:00Z
3884,7,4,2026-07-17T18:08:00Z,2026-07-17T19:49:00Z
3885,5,4,2026-07-17T20:19:00Z,2026-07-17T22:09:00Z
3886,2,4,2026-07-17T22:29:00Z,2026-07-18T00:41:00Z
3887,3,1,2026-07-18T14:00:00Z,2026-07-18T15:37:00Z
3888,2,1,2026-07-18T16:07:00Z,2026-07-18T18:19:00Z
3889,7,1,2026-07-18T18:39:00Z,2026-07-18T20:20:00Z
3890,8,1,2026-07-18T20:45:00Z,2026-07-18T22:14:00Z
3891,4,1,2026-07-18T22:34:00Z,2026-07-19T00:19:00Z
3892,4,2,2026-07-18T14:00:00Z,2026-07-18T15:45:00Z
3893,5,2,2026-07-18T16:05:00Z,2026-07-18T17:55:00Z
3894,8,2,2026-07-18T18:20:00Z,2026-07-18T19:49:00Z
3895,3,2,2026-07-18T20:14:00Z,2026-07-18T21:51:00Z
3896,4,2,2026-07-18T22:16:00Z,2026-07-19T00:01:00Z
3897,4,3,2026-07-18T14:00:00Z,2026-07-18T15:45:00Z
3898,4,3,2026-07-18T16:10:00Z,2026-07-18T17:55:00Z
3899,3,3,2026-07-18T18:20:00Z,2026-07-18T19:57:00Z
3900,3,3,2026-07-18T20:22:00Z,2026-07-18T21:59:00Z
3901,5,3,2026-07-18T22:19:00Z,2026-07-19T00:09:00Z
3902,4,4,2026-07-18T14:00:00Z,2026-07-18T15:45:00Z
3903,8,4,2026-07-18T16:15:00Z,2026-07-18T17:44:00Z
3904,6,4,2026-07-18T18:04:00Z,2026-07-18T20:29:00Z
3905,8,4,2026-07-18T20:59:00Z,2026-07-18T22:28:00Z
3906,1,4,2026-07-18T22:48:00Z,2026-07-19T00:46:00Z
3907,3,1,2026-07-19T14:00:00Z,2026-07-19T15:37:00Z
3908,7,1,2026-07-19T16:02:00Z,2026-07-19T17:43:00Z
3909,4,1,2026-07-19T18:13:00Z,2026-07-19T19:58:00Z
3910,7,1,2026-07-19T20:28:00Z,2026-07-19T22:09:00Z
3911,7,1,2026-07-19T22:39:00Z,2026-07-20T00:20:00Z
3912,5,2,2026-07-19T14:00:00Z,2026-07-19T15:50:00Z
3913,2,2,2026-07-19T16:10:00Z,2026-07-19T18:22:00Z
3914,1,2,2026-07-19T18:52:00Z,2026-07-19T20:50:00Z
3915,6,2,2026-07-19T21:10:00Z,2026-07-19T23:35:00Z
3916,8,2,2026-07-19T23:55:00Z,2026-07-20T01:24:00Z
3917,1,3,2026-07-19T14:00:00Z,2026-07-19T15:58:00Z
3918,5,3,2026-07-19T16:18:00Z,2026-07-19T18:08:00Z
3919,7,3,2026-07-19T18:38:00Z,2026-07-19T20:19:00Z
3920,7,3,2026-07-19T20:44:00Z,2026-07-19T22:25:00Z
3921,6,3,2026-07-19T22:55:00Z,2026-07-20T01:20:00Z
3922,1,4,2026-07-19T14:00:00Z,2026-07-19T15:58:00Z
3923,3,4,2026-07-19T16:28:00Z,2026-07-19T18:05:00Z
3924,3,4,2026-07-19T18:30:00Z,2026-07-19T20:07:00Z
3925,8,4,2026-07-19T20:37:00Z,2026-07-19T22:06:00Z
3926,8,4,2026-07-19T22:31:00Z,2026-07-20T00:00:00Z
3927,2,1,2026-07-20T14:00:00Z,2026-07-20T16:12:00Z
3928,7,1,2026-07-20T16:37:00Z,2026-07-20T18:18:00Z
3929,5,1,2026-07-20T18:38:00Z,2026-07-20T20:28:00Z
3930,6,1,2026-07-20T20:48:00Z,2026-07-20T23:13:00Z
3931,3,1,2026-07-20T23:33:00Z,2026-07-21T01:10:00Z
3932,5,2,2026-07-20T14:00:00Z,2026-07-20T15:50:00Z
3933,6,2,2026-07-20T16:20:00Z,2026-07-20T18:45:00Z
3934,5,2,2026-07-20T19:10:00Z,2026-07-20T21:00:00Z
3935,5,2,2026-07-20T21:25:00Z,2026-07-20T23:15:00Z
3936,6,2,2026-07-20T23:45:00Z,2026-07-21T02:10:00Z
3937,3,3,2026-07-20T14:00:00Z,2026-07-20T15:37:00Z
3938,8,3,2026-07-20T16:02:00Z,2026-07-20T17:31:00Z
3939,8,3,2026-07-20T17:51:00Z,2026-07-20T19:20:00Z
3940,4,3,2026-07-20T19:40:00Z,2026-07-20T21:25:00Z
3941,1,3,2026-07-20T21:45:00Z,2026-07-20T23:43:00Z
3942,3,4,2026-07-20T14:00:00Z,2026-07-20T15:37:00Z
3943,8,4,2026-07-20T15:57:00Z,2026-07-20T17:26:00Z
3944,3,4,2026-07-20T17:51:00Z,2026-07-20T19:28:00Z
3945,8,4,2026-07-20T19:58:00Z,2026-07-20T21:27:00Z
3946,2,4,2026-07-20T21:52:00Z,2026-07-21T00:04:00Z
3947,1,1,2026-07-21T14:00:00Z,2026-07-21T15:58:00Z
3948,6,1,2026-07-21T16:23:00Z,2026-07-21T18:48:00Z
3949,8,1,2026-07-21T19:18:00Z,2026-07-21T20:47:00Z
3950,8,1,2026-07-21T21:12:00Z,2026-07-21T22:41:00Z
3951,3,1,2026-07-21T23:01:00Z,2026-07-22T00:38:00Z
3952,6,2,2026-07-21T14:00:00Z,2026-07-21T16:25:00Z
3953,4,2,2026-07-21T16:45:00Z,2026-07-21T18:30:00Z
3954,3,2,2026-07-21T18:55:00Z,2026-07-21T20:32:00Z
3955,5,2,2026-07-21T20:52:00Z,2026-07-21T22:42:00Z
3956,4,2,2026-07-21T23:12:00Z,2026-07-22T00:57:00Z
3957,1,3,2026-07-21T14:00:00Z,2026-07-21T15:58:00Z
3958,3,3,2026-07-21T16:28:00Z,2026-07-21T18:05:00Z
3959,2,3,2026-07-21T18:30:00Z,2026-07-21T20:42:00Z
3960,8,3,2026-07-21T21:02:00Z,2026-07-21T22:31:00Z
3961,2,3,2026-07-21T23:01:00Z,2026-07-22T01:13:00Z
3962,1,4,2026-07-21T14:00:00Z,2026-07-21T15:58:00Z
3963,2,4,2026-07-21T16:23:00Z,2026-07-21T18:35:00Z
3964,6,4,2026-07-21T19:00:00Z,2026-07-21T21:25:00Z
3965,2,4,2026-07-21T21:55:00Z,2026-07-22T00:07:00Z
3966,3,1,2026-07-22T14:00:00Z,2026-07-22T15:37:00Z
3967,2,1,2026-07-22T15:57:00Z,2026-07-22T18:09:00Z
3968,8,1,2026-07-22T18:34:00Z,2026-07-22T20:03:00Z
3969,5,1,2026-07-22T20:28:00Z,2026-07-22T22:18:00Z
3970,1,1,2026-07-22T22:48:00Z,2026-07-23T00:46:00Z
3971,1,2,2026-07-22T14:00:00Z,2026-07-22T15:58:00Z
3972,8,2,2026-07-22T16:28:00Z,2026-07-22T17:57:00Z
3973,3,2,2026-07-22T18:22:00Z,2026-07-22T19:59:00Z
3974,1,2,2026-07-22T20:19:00Z,2026-07-22T22:17:00Z
3975,5,2,2026-07-22T22:47:00Z,2026-07-23T00:37:00Z
3976,1,3,2026-07-22T14:00:00Z,2026-07-22T15:58:00Z
3977,2,3,2026-07-22T16:28:00Z,2026-07-22T18:40:00Z
3978,7,3,2026-07-22T19:10:00Z,2026-07-22T20:51:00Z
3979,7,3,2026-07-22T21:11:00Z,2026-07-22T22:52:00Z
3980,3,3,2026-07-22T23:17:00Z,2026-07-23T00:54:00Z
3981,7,4,2026-07-22T14:00:00Z,2026-07-22T15:41:00Z
3982,1,4,2026-07-22T16:01:00Z,2026-07-22T17:59:00Z
3983,3,4,2026-07-22T18:19:00Z,2026-07-22T19:56:00Z
3984,7,4,2026-07-22T20:21:00Z,2026-07-22T22:02:00Z
3985,3,4,2026-07-22T22:27:00Z,2026-07-23T00:04:00Z
3986,5,1,2026-07-23T14:00:00Z,2026-07-23T15:50:00Z
3987,7,1,2026-07-23T16:15:00Z,2026-07-23T17:56:00Z
3988,5,1,2026-07-23T18:26:00Z,2026-07-23T20:16:00Z
3989,3,1,2026-07-23T20:46:00Z,2026-07-23T22:23:00Z
3990,2,1,2026-07-23T22:48:00Z,2026-07-24T01:00:00Z
3991,4,2,2026-07-23T14:00:00Z,2026-07-23T15:45:00Z
3992,8,2,2026-07-23T16:10:00Z,2026-07-23T17:39:00Z
3993,8,2,2026-07-23T18:04:00Z,2026-07-23T19:33:00Z
3994,7,2,2026-07-23T19:58:00Z,2026-07-23T21:39:00Z
3995,7,2,2026-07-23T21:59:00Z,2026-07-23T23:40:00Z
3996,3,3,2026-07-23T14:00:00Z,2026-07-23T15:37:00Z
3997,7,3,2026-07-23T16:02:00Z,2026-07-23T17:43:00Z
3998,1,3,2026-07-23T18:03:00Z,2026-07-23T20:01:00Z
3999,6,3,2026-07-23T20:31:00Z,2026-07-23T22:56:00Z
4000,4,3,2026-07-23T23:21:00Z,2026-07-24T01:06:00Z
4001,3,4,2026-07-23T14:00:00Z,2026-07-23T15:37:00Z
4002,2,4,2026-07-23T16:02:00Z,2026-07-23T18:14:00Z
4003,8,4,2026-07-23T18:39:00Z,2026-07-23T20:08:00Z
4004,2,4,2026-07-23T20:33:00Z,2026-07-23T22:45:00Z
4005,5,4,2026-07-23T23:10:00Z,2026-07-24T01:00:00Z
4006,3,1,2026-07-24T14:00:00Z,2026-07-24T15:37:00Z
4007,5,1,2026-07-24T16:07:00Z,2026-07-24T17:57:00Z
4008,7,1,2026-07-24T18:17:00Z,2026-07-24T19:58:00Z
4009,1,1,2026-07-24T20:23:00Z,2026-07-24T22:21:00Z
4010,2,1,2026-07-24T22:51:00Z,2026-07-25T01:03:00Z
4011,2,2,2026-07-24T14:00:00Z,2026-07-24T16:12:00Z
4012,7,2,2026-07-24T16:42:00Z,2026-07-24T18:23:00Z
4013,2,2,2026-07-24T18:48:00Z,2026-07-24T21:00:00Z
4014,5,2,2026-07-24T21:25:00Z,2026-07-24T23:15:00Z
4015,5,2,2026-07-24T23:40:00Z,2026-07-25T01:30:00Z
4016,2,3,2026-07-24T14:00:00Z,2026-07-24T16:12:00Z
4017,1,3,2026-07-24T16:42:00Z,2026-07-24T18:40:00Z
4018,8,3,2026-07-24T19:00:00Z,2026-07-24T20:29:00Z
4019,3,3,2026-07-24T20:49:00Z,2026-07-24T22:26:00Z
4020,1,3,2026-07-24T22:51:00Z,2026-07-25T00:49:00Z
4021,7,4,2026-07-24T14:00:00Z,2026-07-24T15:41:00Z
4022,5,4,2026-07-24T16:11:00Z,2026-07-24T18:01:00Z
4023,8,4,2026-07-24T18:26:00Z,2026-07-24T19:55:00Z
4024,8,4,2026-07-24T20:25:00Z,2026-07-24T21:54:00Z
4025,5,4,2026-07-24T22:24:00Z,2026-07-25T00:14:00Z
4026,3,1,2026-07-25T14:00:00Z,2026-07-25T15:37:00Z
4027,3,1,2026-07-25T15:57:00Z,2026-07-25T17:34:00Z
4028,5,1,2026-07-25T17:54:00Z,2026-07-25T19:44:00Z
4029,2,1,2026-07-25T20:14:00Z,2026-07-25T22:26:00Z
4030,1,1,2026-07-25T22:51:00Z,2026-07-26T00:49:00Z
4031,7,2,2026-07-25T14:00:00Z,2026-07-25T15:41:00Z
4032,1,2,2026-07-25T16:01:00Z,2026-07-25T17:59:00Z
4033,8,2,2026-07-25T18:19:00Z,2026-07-25T19:48:00Z
4034,7,2,2026-07-25T20:13:00Z,2026-07-25T21:54:00Z
4035,8,2,2026-07-25T22:24:00Z,2026-07-25T23:53:00Z
4036,6,3,2026-07-25T14:00:00Z,2026-07-25T16:25:00Z
4037,7,3,2026-07-25T16:55:00Z,2026-07-25T18:36:00Z
4038,2,3,2026-07-25T19:01:00Z,2026-07-25T21:13:00Z
4039,3,3,2026-07-25T21:33:00Z,2026-07-25T23:10:00Z
4040,4,3,2026-07-25T23:30:00Z,2026-07-26T01:15:00Z
4041,1,4,2026-07-25T14:00:00Z,2026-07-25T15:58:00Z
4042,4,4,2026-07-25T16:28:00Z,2026-07-25T18:13:00Z
4043,4,4,2026-07-25T18:33:00Z,2026-07-25T20:18:00Z
4044,3,4,2026-07-25T20:43:00Z,2026-07-25T22:20:00Z
4045,4,4,2026-07-25T22:50:00Z,2026-07-26T00:35:00Z
4046,4,1,2026-07-26T14:00:00Z,2026-07-26T15:45:00Z
4047,5,1,2026-07-26T16:05:00Z,2026-07-26T17:55:00Z
4048,3,1,2026-07-26T18:20:00Z,2026-07-26T19:57:00Z
4049,7,1,2026-07-26T20:22:00Z,2026-07-26T22:03:00Z
4050,2,1,2026-07-26T22:23:00Z,2026-07-27T00:35:00Z
4051,3,2,2026-07-26T14:00:00Z,2026-07-26T15:37:00Z
4052,8,2,2026-07-26T16:07:00Z,2026-07-26T17:36:00Z
4053,8,2,2026-07-26T18:01:00Z,2026-07-26T19:30:00Z
4054,8,2,2026-07-26T19:50:00Z,2026-07-26T21:19:00Z
4055,4,2,2026-07-26T21:49:00Z,2026-07-26T23:34:00Z
4056,5,2,2026-07-26T23:54:00Z,2026-07-27T01:44:00Z
4057,7,3,2026-07-26T14:00:00Z,2026-07-26T15:41:00Z
4058,6,3,2026-07-26T16:01:00Z,2026-07-26T18:26:00Z
4059,2,3,2026-07-26T18:46:00Z,2026-07-26T20:58:00Z
4060,7,3,2026-07-26T21:28:00Z,2026-07-26T23:09:00Z
4061,8,3,2026-07-26T23:34:00Z,2026-07-27T01:03:00Z
4062,5,4,2026-07-26T14:00:00Z,2026-07-26T15:50:00Z
4063,8,4,2026-07-26T16:10:00Z,2026-07-26T17:39:00Z
4064,8,4,2026-07-26T18:04:00Z,2026-07-26T19:33:00Z
4065,8,4,2026-07-26T20:03:00Z,2026-07-26T21:32:00Z
4066,1,4,2026-07-26T21:52:00Z,2026-07-26T23:50:00Z
4067,1,1,2026-07-27T14:00:00Z,2026-07-27T15:58:00Z
4068,6,1,2026-07-27T16:23:00Z,2026-07-27T18:48:00Z
4069,2,1,2026-07-27T19:18:00Z,2026-07-27T21:30:00Z
4070,7,1,2026-07-27T21:55:00Z,2026-07-27T23:36:00Z
4071,2,2,2026-07-27T14:00:00Z,2026-07-27T16:12:00Z
4072,6,2,2026-07-27T16:37:00Z,2026-07-27T19:02:00Z
4073,7,2,2026-07-27T19:27:00Z,2026-07-27T21:08:00Z
4074,3,2,2026-07-27T21:28:00Z,2026-07-27T23:05:00Z
4075,4,2,2026-07-27T23:30:00Z,2026-07-28T01:15:00Z
4076,6,3,2026-07-27T14:00:00Z,2026-07-27T16:25:00Z
4077,4,3,2026-07-27T16:50:00Z,2026-07-27T18:35:00Z
4078,4,3,2026-07-27T19:05:00Z,2026-07-27T20:50:00Z
4079,6,3,2026-07-27T21:20:00Z,2026-07-27T23:45:00Z
4080,8,4,2026-07-27T14:00:00Z,2026-07-27T15:29:00Z
4081,5,4,2026-07-27T15:49:00Z,2026-07-27T17:39:00Z
4082,7,4,2026-07-27T18:09:00Z,2026-07-27T19:50:00Z
4083,6,4,2026-07-27T20:15:00Z,2026-07-27T22:40:00Z
4084,3,4,2026-07-27T23:05:00Z,2026-07-28T00:42:00Z
4085,4,1,2026-07-28T14:00:00Z,2026-07-28T15:45:00Z
4086,2,1,2026-07-28T16:10:00Z,2026-07-28T18:22:00Z
4087,8,1,2026-07-28T18:52:00Z,2026-07-28T20:21:00Z
4088,3,1,2026-07-28T20:41:00Z,2026-07-28T22:18:00Z
4089,3,1,2026-07-28T22:38:00Z,2026-07-29T00:15:00Z
4090,8,2,2026-07-28T14:00:00Z,2026-07-28T15:29:00Z
4091,7,2,2026-07-28T15:49:00Z,2026-07-28T17:30:00Z
4092,5,2,2026-07-28T17:55:00Z,2026-07-28T19:45:00Z
4093,4,2,2026-07-28T20:05:00Z,2026-07-28T21:50:00Z
4094,1,2,2026-07-28T22:20:00Z,2026-07-29T00:18:00Z
4095,6,3,2026-07-28T14:00:00Z,2026-07-28T16:25:00Z
4096,6,3,2026-07-28T16:50:00Z,2026-07-28T19:15:00Z
4097,3,3,2026-07-28T19:45:00Z,2026-07-28T21:22:00Z
4098,1,3,2026-07-28T21:42:00Z,2026-07-28T23:40:00Z
4099,6,4,2026-07-28T14:00:00Z,2026-07-28T16:25:00Z
4100,2,4,2026-07-28T16:50:00Z,2026-07-28T19:02:00Z
4101,4,4,2026-07-28T19:32:00Z,2026-07-28T21:17:00Z
4102,4,4,2026-07-28T21:37:00Z,2026-07-28T23:22:00Z
4103,5,4,2026-07-28T23:47:00Z,2026-07-29T01:37:00Z
4104,6,1,2026-07-29T14:00:00Z,2026-07-29T16:25:00Z
4105,5,1,2026-07-29T16:45:00Z,2026-07-29T18:35:00Z
4106,2,1,2026-07-29T18:55:00Z,2026-07-29T21:07:00Z
4107,1,1,2026-07-29T21:37:00Z,2026-07-29T23:35:00Z
4108,8,2,2026-07-29T14:00:00Z,2026-07-29T15:29:00Z
4109,2,2,2026-07-29T15:49:00Z,2026-07-29T18:01:00Z
4110,2,2,2026-07-29T18:31:00Z,2026-07-29T20:43:00Z
4111,1,2,2026-07-29T21:13:00Z,2026-07-29T23:11:00Z
4112,2,2,2026-07-29T23:41:00Z,2026-07-30T01:53:00Z
4113,2,3,2026-07-29T14:00:00Z,2026-07-29T16:12:00Z
4114,6,3,2026-07-29T16:32:00Z,2026-07-29T18:57:00Z
4115,5,3,2026-07-29T19:17:00Z,2026-07-29T21:07:00Z
4116,8,3,2026-07-29T21:37:00Z,2026-07-29T23:06:00Z
4117,8,3,2026-07-29T23:36:00Z,2026-07-30T01:05:00Z
4118,2,4,2026-07-29T14:00:00Z,2026-07-29T16:12:00Z
4119,6,4,2026-07-29T16:32:00Z,2026-07-29T18:57:00Z
4120,3,4,2026-07-29T19:22:00Z,2026-07-29T20:59:00Z
4121,4,4,2026-07-29T21:19:00Z,2026-07-29T23:04:00Z
4122,7,4,2026-07-29T23:29:00Z,2026-07-30T01:10:00Z
4123,4,1,2026-07-30T14:00:00Z,2026-07-30T15:45:00Z
4124,6,1,2026-07-30T16:10:00Z,2026-07-30T18:35:00Z
4125,3,1,2026-07-30T19:00:00Z,2026-07-30T20:37:00Z
4126,5,1,2026-07-30T20:57:00Z,2026-07-30T22:47:00Z
4127,7,1,2026-07-30T23:12:00Z,2026-07-31T00:53:00Z
4128,4,2,2026-07-30T14:00:00Z,2026-07-30T15:45:00Z
4129,7,2,2026-07-30T16:05:00Z,2026-07-30T17:46:00Z
4130,3,2,2026-07-30T18:06:00Z,2026-07-30T19:43:00Z
4131,7,2,2026-07-30T20:08:00Z,2026-07-30T21:49:00Z
4132,8,2,2026-07-30T22:14:00Z,2026-07-30T23:43:00Z
4133,6,3,2026-07-30T14:00:00Z,2026-07-30T16:25:00Z
4134,8,3,2026-07-30T16:45:00Z,2026-07-30T18:14:00Z
4135,1,3,2026-07-30T18:34:00Z,2026-07-30T20:32:00Z
4136,2,3,2026-07-30T21:02:00Z,2026-07-30T23:14:00Z
4137,6,3,2026-07-30T23:34:00Z,2026-07-31T01:59:00Z
4138,7,4,2026-07-30T14:00:00Z,2026-07-30T15:41:00Z
4139,7,4,2026-07-30T16:01:00Z,2026-07-30T17:42:00Z
4140,7,4,2026-07-30T18:02:00Z,2026-07-30T19:43:00Z
4141,3,4,2026-07-30T20:03:00Z,2026-07-30T21:40:00Z
4142,1,4,2026-07-30T22:10:00Z,2026-07-31T00:08:00Z
4143,5,1,2026-07-31T14:00:00Z,2026-07-31T15:50:00Z
4144,7,1,2026-07-31T16:15:00Z,2026-07-31T17:56:00Z
4145,5,1,2026-07-31T18:26:00Z,2026-07-31T20:16:00Z
4146,6,1,2026-07-31T20:46:00Z,2026-07-31T23:11:00Z
4147,1,1,2026-07-31T23:36:00Z,2026-08-01T01:34:00Z
4148,3,2,2026-07-31T14:00:00Z,2026-07-31T15:37:00Z
4149,7,2,2026-07-31T16:07:00Z,2026-07-31T17:48:00Z
4150,4,2,2026-07-31T18:13:00Z,2026-07-31T19:58:00Z
4151,8,2,2026-07-31T20:28:00Z,2026-07-31T21:57:00Z
4152,6,2,2026-07-31T22:27:00Z,2026-08-01T00:52:00Z
4153,7,3,2026-07-31T14:00:00Z,2026-07-31T15:41:00Z
4154,5,3,2026-07-31T16:01:00Z,2026-07-31T17:51:00Z
4155,1,3,2026-07-31T18:11:00Z,2026-07-31T20:09:00Z
4156,6,3,2026-07-31T20:39:00Z,2026-07-31T23:04:00Z
4157,3,3,2026-07-31T23:29:00Z,2026-08-01T01:06:00Z
4158,5,4,2026-07-31T14:00:00Z,2026-07-31T15:50:00Z
4159,2,4,2026-07-31T16:10:00Z,2026-07-31T18:22:00Z
4160,5,4,2026-07-31T18:52:00Z,2026-07-31T20:42:00Z
4161,6,4,2026-07-31T21:12:00Z,2026-07-31T23:37:00Z
4162,3,1,2026-08-01T14:00:00Z,2026-08-01T15:37:00Z
4163,1,1,2026-08-01T15:57:00Z,2026-08-01T17:55:00Z
4164,5,1,2026-08-01T18:25:00Z,2026-08-01T20:15:00Z
4165,5,1,2026-08-01T20:35:00Z,2026-08-01T22:25:00Z
4166,7,1,2026-08-01T22:55:00Z,2026-08-02T00:36:00Z
4167,2,2,2026-08-01T14:00:00Z,2026-08-01T16:12:00Z
4168,1,2,2026-08-01T16:42:00Z,2026-08-01T18:40:00Z
4169,5,2,2026-08-01T19:05:00Z,2026-08-01T20:55:00Z
4170,6,2,2026-08-01T21:25:00Z,2026-08-01T23:50:00Z
4171,1,3,2026-08-01T14:00:00Z,2026-08-01T15:58:00Z
4172,2,3,2026-08-01T16:28:00Z,2026-08-01T18:40:00Z
4173,5,3,2026-08-01T19:05:00Z,2026-08-01T20:55:00Z
4174,1,3,2026-08-01T21:25:00Z,2026-08-01T23:23:00Z
4175,6,3,2026-08-01T23:48:00Z,2026-08-02T02:13:00Z
4176,4,4,2026-08-01T14:00:00Z,2026-08-01T15:45:00Z
4177,5,4,2026-08-01T16:10:00Z,2026-08-01T18:00:00Z
4178,3,4,2026-08-01T18:25:00Z,2026-08-01T20:02:00Z
4179,7,4,2026-08-01T20:32:00Z,2026-08-01T22:13:00Z
4180,4,4,2026-08-01T22:43:00Z,2026-08-02T00:28:00Z
4181,6,1,2026-08-02T14:00:00Z,2026-08-02T16:25:00Z
4182,4,1,2026-08-02T16:55:00Z,2026-08-02T18:40:00Z
4183,8,1,2026-08-02T19:05:00Z,2026-08-02T20:34:00Z
4184,3,1,2026-08-02T20:54:00Z,2026-08-02T22:31:00Z
4185,7,1,2026-08-02T23:01:00Z,2026-08-03T00:42:00Z
4186,2,2,2026-08-02T14:00:00Z,2026-08-02T16:12:00Z
4187,1,2,2026-08-02T16:32:00Z,2026-08-02T18:30:00Z
4188,3,2,2026-08-02T18:55:00Z,2026-08-02T20:32:00Z
4189,4,2,2026-08-02T20:57:00Z,2026-08-02T22:42:00Z
4190,2,2,2026-08-02T23:07:00Z,2026-08-03T01:19:00Z
4191,7,3,2026-08-02T14:00:00Z,2026-08-02T15:41:00Z
4192,7,3,2026-08-02T16:11:00Z,2026-08-02T17:52:00Z
4193,8,3,2026-08-02T18:17:00Z,2026-08-02T19:46:00Z
4194,7,3,2026-08-02T20:16:00Z,2026-08-02T21:57:00Z
4195,8,3,2026-08-02T22:22:00Z,2026-08-02T23:51:00Z
4196,7,4,2026-08-02T14:00:00Z,2026-08-02T15:41:00Z
4197,3,4,2026-08-02T16:01:00Z,2026-08-02T17:38:00Z
4198,3,4,2026-08-02T18:08:00Z,2026-08-02T19:45:00Z
4199,8,4,2026-08-02T20:10:00Z,2026-08-02T21:39:00Z
4200,2,4,2026-08-02T21:59:00Z,2026-08-03T00:11:00Z
4201,4,1,2026-08-03T14:00:00Z,2026-08-03T15:45:00Z
4202,8,1,2026-08-03T16:10:00Z,2026-08-03T17:39:00Z
4203,3,1,2026-08-03T17:59:00Z,2026-08-03T19:36:00Z
4204,6,1,2026-08-03T20:06:00Z,2026-08-03T22:31:00Z
4205,7,1,2026-08-03T22:51:00Z,2026-08-04T00:32:00Z
4206,2,2,2026-08-03T14:00:00Z,2026-08-03T16:12:00Z
4207,5,2,2026-08-03T16:37:00Z,2026-08-03T18:27:00Z
4208,3,2,2026-08-03T18:47:00Z,2026-08-03T20:24:00Z
4209,6,2,2026-08-03T20:44:00Z,2026-08-03T23:09:00Z
4210,6,2,2026-08-03T23:34:00Z,2026-08-04T01:59:00Z
4211,5,3,2026-08-03T14:00:00Z,2026-08-03T15:50:00Z
4212,1,3,2026-08-03T16:15:00Z,2026-08-03T18:13:00Z
4213,3,3,2026-08-03T18:33:00Z,2026-08-03T20:10:00Z
4214,7,3,2026-08-03T20:40:00Z,2026-08-03T22:21:00Z
4215,5,3,2026-08-03T22:41:00Z,2026-08-04T00:31:00Z
4216,4,4,2026-08-03T14:00:00Z,2026-08-03T15:45:00Z
4217,8,4,2026-08-03T16:05:00Z,2026-08-03T17:34:00Z
4218,2,4,2026-08-03T17:54:00Z,2026-08-03T20:06:00Z
4219,6,4,2026-08-03T20:36:00Z,2026-08-03T23:01:00Z
4220,1,4,2026-08-03T23:21:00Z,2026-08-04T01:19:00Z
4221,8,1,2026-08-04T14:00:00Z,2026-08-04T15:29:00Z
4222,5,1,2026-08-04T15:59:00Z,2026-08-04T17:49:00Z
4223,8,1,2026-08-04T18:19:00Z,2026-08-04T19:48:00Z
4224,7,1,2026-08-04T20:13:00Z,2026-08-04T21:54:00Z
4225,3,1,2026-08-04T22:19:00Z,2026-08-04T23:56:00Z
4226,8,2,2026-08-04T14:00:00Z,2026-08-04T15:29:00Z
4227,8,2,2026-08-04T15:54:00Z,2026-08-04T17:23:00Z
4228,6,2,2026-08-04T17:43:00Z,2026-08-04T20:08:00Z
4229,7,2,2026-08-04T20:28:00Z,2026-08-04T22:09:00Z
4230,4,2,2026-08-04T22:34:00Z,2026-08-05T00:19:00Z
4231,6,3,2026-08-04T14:00:00Z,2026-08-04T16:25:00Z
4232,1,3,2026-08-04T16:55:00Z,2026-08-04T18:53:00Z
4233,8,3,2026-08-04T19:23:00Z,2026-08-04T20:52:00Z
4234,5,3,2026-08-04T21:22:00Z,2026-08-04T23:12:00Z
4235,2,3,2026-08-04T23:42:00Z,2026-08-05T01:54:00Z
4236,1,4,2026-08-04T14:00:00Z,2026-08-04T15:58:00Z
4237,5,4,2026-08-04T16:28:00Z,2026-08-04T18:18:00Z
4238,2,4,2026-08-04T18:48:00Z,2026-08-04T21:00:00Z
4239,2,4,2026-08-04T21:30:00Z,2026-08-04T23:42:00Z
4240,1,1,2026-08-05T14:00:00Z,2026-08-05T15:58:00Z
4241,4,1,2026-08-05T16:28:00Z,2026-08-05T18:13:00Z
4242,1,1,2026-08-05T18:38:00Z,2026-08-05T20:36:00Z
4243,3,1,2026-08-05T20:56:00Z,2026-08-05T22:33:00Z
4244,5,1,2026-08-05T22:53:00Z,2026-08-06T00:43:00Z
4245,4,2,2026-08-05T14:00:00Z,2026-08-05T15:45:00Z
4246,8,2,2026-08-05T16:15:00Z,2026-08-05T17:44:00Z
4247,6,2,2026-08-05T18:04:00Z,2026-08-05T20:29:00Z
4248,1,2,2026-08-05T20:54:00Z,2026-08-05T22:52:00Z
4249,1,2,2026-08-05T23:17:00Z,2026-08-06T01:15:00Z
4250,7,3,2026-08-05T14:00:00Z,2026-08-05T15:41:00Z
4251,7,3,2026-08-05T16:01:00Z,2026-08-05T17:42:00Z
4252,6,3,2026-08-05T18:02:00Z,2026-08-05T20:27:00Z
4253,5,3,2026-08-05T20:52:00Z,2026-08-05T22:42:00Z
4254,2,3,2026-08-05T23:02:00Z,2026-08-06T01:14:00Z
4255,3,4,2026-08-05T14:00:00Z,2026-08-05T15:37:00Z
4256,3,4,2026-08-05T16:02:00Z,2026-08-05T17:39:00Z
4257,5,4,2026-08-05T17:59:00Z,2026-08-05T19:49:00Z
4258,3,4,2026-08-05T20:09:00Z,2026-08-05T21:46:00Z
4259,7,4,2026-08-05T22:11:00Z,2026-08-05T23:52:00Z
4260,3,1,2026-08-06T14:00:00Z,2026-08-06T15:37:00Z
4261,6,1,2026-08-06T15:57:00Z,2026-08-06T18:22:00Z
4262,1,1,2026-08-06T18:42:00Z,2026-08-06T20:40:00Z
4263,1,1,2026-08-06T21:10:00Z,2026-08-06T23:08:00Z
4264,7,1,2026-08-06T23:33:00Z,2026-08-07T01:14:00Z
4265,6,2,2026-08-06T14:00:00Z,2026-08-06T16:25:00Z
4266,7,2,2026-08-06T16:45:00Z,2026-08-06T18:26:00Z
4267,5,2,2026-08-06T18:51:00Z,2026-08-06T20:41:00Z
4268,2,2,2026-08-06T21:06:00Z,2026-08-06T23:18:00Z
4269,4,2,2026-08-06T23:38:00Z,2026-08-07T01:23:00Z
4270,4,3,2026-08-06T14:00:00Z,2026-08-06T15:45:00Z
4271,7,3,2026-08-06T16:10:00Z,2026-08-06T17:51:00Z
4272,5,3,2026-08-06T18:11:00Z,2026-08-06T20:01:00Z
4273,6,3,2026-08-06T20:21:00Z,2026-08-06T22:46:00Z
4274,7,3,2026-08-06T23:11:00Z,2026-08-07T00:52:00Z
4275,8,4,2026-08-06T14:00:00Z,2026-08-06T15:29:00Z
4276,7,4,2026-08-06T15:49:00Z,2026-08-06T17:30:00Z
4277,4,4,2026-08-06T18:00:00Z,2026-08-06T19:45:00Z
4278,5,4,2026-08-06T20:05:00Z,2026-08-06T21:55:00Z
4279,2,4,2026-08-06T22:25:00Z,2026-08-07T00:37:00Z
4280,3,1,2026-08-07T14:00:00Z,2026-08-07T15:37:00Z
4281,7,1,2026-08-07T16:02:00Z,2026-08-07T17:43:00Z
4282,2,1,2026-08-07T18:08:00Z,2026-08-07T20:20:00Z
4283,4,1,2026-08-07T20:50:00Z,2026-08-07T22:35:00Z
4284,6,1,2026-08-07T22:55:00Z,2026-08-08T01:20:00Z
4285,3,2,2026-08-07T14:00:00Z,2026-08-07T15:37:00Z
4286,7,2,2026-08-07T15:57:00Z,2026-08-07T17:38:00Z
4287,8,2,2026-08-07T18:08:00Z,2026-08-07T19:37:00Z
4288,1,2,2026-08-07T19:57:00Z,2026-08-07T21:55:00Z
4289,5,2,2026-08-07T22:20:00Z,2026-08-08T00:10:00Z
4290,3,3,2026-08-07T14:00:00Z,2026-08-07T15:37:00Z
4291,1,3,2026-08-07T15:57:00Z,2026-08-07T17:55:00Z
4292,5,3,2026-08-07T18:20:00Z,2026-08-07T20:10:00Z
4293,5,3,2026-08-07T20:40:00Z,2026-08-07T22:30:00Z
4294,7,3,2026-08-07T23:00:00Z,2026-08-08T00:41:00Z
4295,4,4,2026-08-07T14:00:00Z,2026-08-07T15:45:00Z
4296,5,4,2026-08-07T16:15:00Z,2026-08-07T18:05:00Z
4297,3,4,2026-08-07T18:25:00Z,2026-08-07T20:02:00Z
4298,2,4,2026-08-07T20:32:00Z,2026-08-07T22:44:00Z
4299,2,4,2026-08-07T23:09:00Z,2026-08-08T01:21:00Z
4300,2,1,2026-08-08T14:00:00Z,2026-08-08T16:12:00Z
4301,5,1,2026-08-08T16:32:00Z,2026-08-08T18:22:00Z
4302,4,1,2026-08-08T18:47:00Z,2026-08-08T20:32:00Z
4303,6,1,2026-08-08T21:02:00Z,2026-08-08T23:27:00Z
4304,6,1,2026-08-08T23:57:00Z,2026-08-09T02:22:00Z
4305,5,2,2026-08-08T14:00:00Z,2026-08-08T15:50:00Z
4306,8,2,2026-08-08T16:20:00Z,2026-08-08T17:49:00Z
4307,4,2,2026-08-08T18:14:00Z,2026-08-08T19:59:00Z
4308,6,2,2026-08-08T20:29:00Z,2026-08-08T22:54:00Z
4309,4,2,2026-08-08T23:19:00Z,2026-08-09T01:04:00Z
4310,6,3,2026-08-08T14:00:00Z,2026-08-08T16:25:00Z
4311,3,3,2026-08-08T16:45:00Z,2026-08-08T18:22:00Z
4312,1,3,2026-08-08T18:52:00Z,2026-08-08T20:50:00Z
4313,8,3,2026-08-08T21:20:00Z,2026-08-08T22:49:00Z
4314,1,3,2026-08-08T23:09:00Z,2026-08-09T01:07:00Z
4315,3,4,2026-08-08T14:00:00Z,2026-08-08T15:37:00Z
4316,8,4,2026-08-08T16:02:00Z,2026-08-08T17:31:00Z
4317,2,4,2026-08-08T17:56:00Z,2026-08-08T20:08:00Z
4318,2,4,2026-08-08T20:38:00Z,2026-08-08T22:50:00Z
4319,1,4,2026-08-08T23:20:00Z,2026-08-09T01:18:00Z
4320,8,1,2026-08-09T14:00:00Z,2026-08-09T15:29:00Z
4321,2,1,2026-08-09T15:59:00Z,2026-08-09T18:11:00Z
4322,7,1,2026-08-09T18:36:00Z,2026-08-09T20:17:00Z
4323,6,1,2026-08-09T20:47:00Z,2026-08-09T23:12:00Z
4324,3,1,2026-08-09T23:37:00Z,2026-08-10T01:14:00Z
4325,1,2,2026-08-09T14:00:00Z,2026-08-09T15:58:00Z
4326,8,2,2026-08-09T16:18:00Z,2026-08-09T17:47:00Z
4327,4,2,2026-08-09T18:12:00Z,2026-08-09T19:57:00Z
4328,1,2,2026-08-09T20:22:00Z,2026-08-09T22:20:00Z
4329,1,2,2026-08-09T22:40:00Z,2026-08-10T00:38:00Z
4330,6,3,2026-08-09T14:00:00Z,2026-08-09T16:25:00Z
4331,2,3,2026-08-09T16:45:00Z,2026-08-09T18:57:00Z
4332,5,3,2026-08-09T19:27:00Z,2026-08-09T21:17:00Z
4333,4,3,2026-08-09T21:47:00Z,2026-08-09T23:32:00Z
4334,8,3,2026-08-09T23:52:00Z,2026-08-10T01:21:00Z
4335,1,4,2026-08-09T14:00:00Z,2026-08-09T15:58:00Z
4336,8,4,2026-08-09T16:23:00Z,2026-08-09T17:52:00Z
4337,4,4,2026-08-09T18:22:00Z,2026-08-09T20:07:00Z
4338,4,4,2026-08-09T20:27:00Z,2026-08-09T22:12:00Z
4339,7,4,2026-08-09T22:42:00Z,2026-08-10T00:23:00Z
4340,5,1,2026-08-10T14:00:00Z,2026-08-10T15:50:00Z
4341,8,1,2026-08-10T16:20:00Z,2026-08-10T17:49:00Z
4342,4,1,2026-08-10T18:09:00Z,2026-08-10T19:54:00Z
4343,3,1,2026-08-10T20:24:00Z,2026-08-10T22:01:00Z
4344,3,1,2026-08-10T22:21:00Z,2026-08-10T23:58:00Z
4345,2,2,2026-08-10T14:00:00Z,2026-08-10T16:12:00Z
4346,5,2,2026-08-10T16:32:00Z,2026-08-10T18:22:00Z
4347,4,2,2026-08-10T18:52:00Z,2026-08-10T20:37:00Z
4348,5,2,2026-08-10T21:07:00Z,2026-08-10T22:57:00Z
4349,1,2,2026-08-10T23:17:00Z,2026-08-11T01:15:00Z
4350,5,3,2026-08-10T14:00:00Z,2026-08-10T15:50:00Z
4351,8,3,2026-08-10T16:20:00Z,2026-08-10T17:49:00Z
4352,7,3,2026-08-10T18:09:00Z,2026-08-10T19:50:00Z
4353,1,3,2026-08-10T20:20:00Z,2026-08-10T22:18:00Z
4354,7,3,2026-08-10T22:43:00Z,2026-08-11T00:24:00Z
4355,5,4,2026-08-10T14:00:00Z,2026-08-10T15:50:00Z
4356,8,4,2026-08-10T16:10:00Z,2026-08-10T17:39:00Z
4357,6,4,2026-08-10T18:04:00Z,2026-08-10T20:29:00Z
4358,1,4,2026-08-10T20:59:00Z,2026-08-10T22:57:00Z
4359,4,4,2026-08-10T23:27:00Z,2026-08-11T01:12:00Z
4360,5,1,2026-08-11T14:00:00Z,2026-08-11T15:50:00Z
4361,8,1,2026-08-11T16:15:00Z,2026-08-11T17:44:00Z
4362,1,1,2026-08-11T18:09:00Z,2026-08-11T20:07:00Z
4363,4,1,2026-08-11T20:32:00Z,2026-08-11T22:17:00Z
4364,2,1,2026-08-11T22:42:00Z,2026-08-12T00:54:00Z
4365,1,2,2026-08-11T14:00:00Z,2026-08-11T15:58:00Z
4366,4,2,2026-08-11T16:28:00Z,2026-08-11T18:13:00Z
4367,7,2,2026-08-11T18:43:00Z,2026-08-11T20:24:00Z
4368,4,2,2026-08-11T20:44:00Z,2026-08-11T22:29:00Z
4369,3,2,2026-08-11T22:49:00Z,2026-08-12T00:26:00Z
4370,5,3,2026-08-11T14:00:00Z,2026-08-11T15:50:00Z
4371,2,3,2026-08-11T16:10:00Z,2026-08-11T18:22:00Z
4372,8,3,2026-08-11T18:42:00Z,2026-08-11T20:11:00Z
4373,1,3,2026-08-11T20:36:00Z,2026-08-11T22:34:00Z
4374,6,3,2026-08-11T23:04:00Z,2026-08-12T01:29:00Z
4375,4,4,2026-08-11T14:00:00Z,2026-08-11T15:45:00Z
4376,8,4,2026-08-11T16:05:00Z,2026-08-11T17:34:00Z
4377,6,4,2026-08-11T17:54:00Z,2026-08-11T20:19:00Z
4378,6,4,2026-08-11T20:39:00Z,2026-08-11T23:04:00Z
4379,4,4,2026-08-11T23:34:00Z,2026-08-12T01:19:00Z
4380,8,1,2026-08-12T14:00:00Z,2026-08-12T15:29:00Z
4381,8,1,2026-08-12T15:49:00Z,2026-08-12T17:18:00Z
4382,2,1,2026-08-12T17:48:00Z,2026-08-12T20:00:00Z
4383,1,1,2026-08-12T20:20:00Z,2026-08-12T22:18:00Z
4384,7,1,2026-08-12T22:38:00Z,2026-08-13T00:19:00Z
4385,2,2,2026-08-12T14:00:00Z,2026-08-12T16:12:00Z
4386,1,2,2026-08-12T16:32:00Z,2026-08-12T18:30:00Z
4387,1,2,2026-08-12T18:55:00Z,2026-08-12T20:53:00Z
4388,7,2,2026-08-12T21:18:00Z,2026-08-12T22:59:00Z
4389,2,2,2026-08-12T23:19:00Z,2026-08-13T01:31:00Z
4390,1,3,2026-08-12T14:00:00Z,2026-08-12T15:58:00Z
4391,1,3,2026-08-12T16:28:00Z,2026-08-12T18:26:00Z
4392,7,3,2026-08-12T18:51:00Z,2026-08-12T20:32:00Z
4393,2,3,2026-08-12T20:57:00Z,2026-08-12T23:09:00Z
4394,7,3,2026-08-12T23:39:00Z,2026-08-13T01:20:00Z
4395,1,4,2026-08-12T14:00:00Z,2026-08-12T15:58:00Z
4396,7,4,2026-08-12T16:23:00Z,2026-08-12T18:04:00Z
4397,7,4,2026-08-12T18:29:00Z,2026-08-12T20:10:00Z
4398,2,4,2026-08-12T20:40:00Z,2026-08-12T22:52:00Z
4399,1,4,2026-08-12T23:17:00Z,2026-08-13T01:15:00Z
4400,6,1,2026-08-13T14:00:00Z,2026-08-13T16:25:00Z
4401,4,1,2026-08-13T16:55:00Z,2026-08-13T18:40:00Z
4402,2,1,2026-08-13T19:00:00Z,2026-08-13T21:12:00Z
4403,2,1,2026-08-13T21:32:00Z,2026-08-13T23:44:00Z
4404,4,2,2026-08-13T14:00:00Z,2026-08-13T15:45:00Z
4405,3,2,2026-08-13T16:15:00Z,2026-08-13T17:52:00Z
4406,5,2,2026-08-13T18:22:00Z,2026-08-13T20:12:00Z
4407,7,2,2026-08-13T20:37:00Z,2026-08-13T22:18:00Z
4408,8,2,2026-08-13T22:43:00Z,2026-08-14T00:12:00Z
4409,4,3,2026-08-13T14:00:00Z,2026-08-13T15:45:00Z
4410,1,3,2026-08-13T16:05:00Z,2026-08-13T18:03:00Z
4411,3,3,2026-08-13T18:23:00Z,2026-08-13T20:00:00Z
4412,7,3,2026-08-13T20:25:00Z,2026-08-13T22:06:00Z
4413,6,3,2026-08-13T22:36:00Z,2026-08-14T01:01:00Z
4414,3,4,2026-08-13T14:00:00Z,2026-08-13T15:37:00Z
4415,8,4,2026-08-13T15:57:00Z,2026-08-13T17:26:00Z
4416,6,4,2026-08-13T17:51:00Z,2026-08-13T20:16:00Z
4417,6,4,2026-08-13T20:41:00Z,2026-08-13T23:06:00Z
4418,3,4,2026-08-13T23:26:00Z,2026-08-14T01:03:00Z
4419,4,1,2026-08-14T14:00:00Z,2026-08-14T15:45:00Z
4420,1,1,2026-08-14T16:15:00Z,2026-08-14T18:13:00Z
4421,6,1,2026-08-14T18:38:00Z,2026-08-14T21:03:00Z
4422,4,1,2026-08-14T21:23:00Z,2026-08-14T23:08:00Z
4423,4,1,2026-08-14T23:38:00Z,2026-08-15T01:23:00Z
4424,6,2,2026-08-14T14:00:00Z,2026-08-14T16:25:00Z
4425,8,2,2026-08-14T16:45:00Z,2026-08-14T18:14:00Z
4426,8,2,2026-08-14T18:44:00Z,2026-08-14T20:13:00Z
4427,6,2,2026-08-14T20:43:00Z,2026-08-14T23:08:00Z
4428,6,2,2026-08-14T23:38:00Z,2026-08-15T02:03:00Z
4429,5,3,2026-08-14T14:00:00Z,2026-08-14T15:50:00Z
4430,6,3,2026-08-14T16:15:00Z,2026-08-14T18:40:00Z
4431,2,3,2026-08-14T19:00:00Z,2026-08-14T21:12:00Z
4432,1,3,2026-08-14T21:37:00Z,2026-08-14T23:35:00Z
4433,4,4,2026-08-14T14:00:00Z,2026-08-14T15:45:00Z
4434,4,4,2026-08-14T16:05:00Z,2026-08-14T17:50:00Z
4435,4,4,2026-08-14T18:20:00Z,2026-08-14T20:05:00Z
4436,4,4,2026-08-14T20:30:00Z,2026-08-14T22:15:00Z
4437,8,4,2026-08-14T22:35:00Z,2026-08-15T00:04:00Z
4438,6,1,2026-08-15T14:00:00Z,2026-08-15T16:25:00Z
4439,7,1,2026-08-15T16:55:00Z,2026-08-15T18:36:00Z
4440,7,1,2026-08-15T18:56:00Z,2026-08-15T20:37:00Z
4441,1,1,2026-08-15T20:57:00Z,2026-08-15T22:55:00Z
4442,1,1,2026-08-15T23:20:00Z,2026-08-16T01:18:00Z
4443,6,2,2026-08-15T14:00:00Z,2026-08-15T16:25:00Z
4444,2,2,2026-08-15T16:45:00Z,2026-08-15T18:57:00Z
4445,5,2,2026-08-15T19:17:00Z,2026-08-15T21:07:00Z
4446,4,2,2026-08-15T21:32:00Z,2026-08-15T23:17:00Z
4447,6,2,2026-08-15T23:47:00Z,2026-08-16T02:12:00Z
4448,1,3,2026-08-15T14:00:00Z,2026-08-15T15:58:00Z
4449,4,3,2026-08-15T16:18:00Z,2026-08-15T18:03:00Z
4450,3,3,2026-08-15T18:28:00Z,2026-08-15T20:05:00Z
4451,5,3,2026-08-15T20:25:00Z,2026-08-15T22:15:00Z
4452,3,3,2026-08-15T22:45:00Z,2026-08-16T00:22:00Z
4453,4,4,2026-08-15T14:00:00Z,2026-08-15T15:45:00Z
4454,4,4,2026-08-15T16:05:00Z,2026-08-15T17:50:00Z
4455,3,4,2026-08-15T18:10:00Z,2026-08-15T19:47:00Z
4456,2,4,2026-08-15T20:12:00Z,2026-08-15T22:24:00Z
4457,3,4,2026-08-15T22:44:00Z,2026-08-16T00:21:00Z
4458,2,1,2026-08-16T14:00:00Z,2026-08-16T16:12:00Z
4459,4,1,2026-08-16T16:37:00Z,2026-08-16T18:22:00Z
4460,8,1,2026-08-16T18:47:00Z,2026-08-16T20:16:00Z
4461,6,1,2026-08-16T20:36:00Z,2026-08-16T23:01:00Z
4462,3,1,2026-08-16T23:26:00Z,2026-08-17T01:03:00Z
4463,7,2,2026-08-16T14:00:00Z,2026-08-16T15:41:00Z
4464,2,2,2026-08-16T16:11:00Z,2026-08-16T18:23:00Z
4465,3,2,2026-08-16T18:43:00Z,2026-08-16T20:20:00Z
4466,4,2,2026-08-16T20:40:00Z,2026-08-16T22:25:00Z
4467,7,2,2026-08-16T22:45:00Z,2026-08-17T00:26:00Z
4468,6,3,2026-08-16T14:00:00Z,2026-08-16T16:25:00Z
4469,7,3,2026-08-16T16:50:00Z,2026-08-16T18:31:00Z
4470,4,3,2026-08-16T19:01:00Z,2026-08-16T20:46:00Z
4471,4,3,2026-08-16T21:06:00Z,2026-08-16T22:51:00Z
4472,5,3,2026-08-16T23:21:00Z,2026-08-17T01:11:00Z
4473,6,4,2026-08-16T14:00:00Z,2026-08-16T16:25:00Z
4474,1,4,2026-08-16T16:45:00Z,2026-08-16T18:43:00Z
4475,5,4,2026-08-16T19:13:00Z,2026-08-16T21:03:00Z
4476,8,4,2026-08-16T21:23:00Z,2026-08-16T22:52:00Z
4477,2,4,2026-08-16T23:12:00Z,2026-08-17T01:24:00Z
4478,2,1,2026-08-17T14:00:00Z,2026-08-17T16:12:00Z
4479,7,1,2026-08-17T16:32:00Z,2026-08-17T18:13:00Z
4480,6,1,2026-08-17T18:43:00Z,2026-08-17T21:08:00Z
4481,8,1,2026-08-17T21:33:00Z,2026-08-17T23:02:00Z
4482,6,1,2026-08-17T23:22:00Z,2026-08-18T01:47:00Z
4483,6,2,2026-08-17T14:00:00Z,2026-08-17T16:25:00Z
4484,8,2,2026-08-17T16:55:00Z,2026-08-17T18:24:00Z
4485,8,2,2026-08-17T18:54:00Z,2026-08-17T20:23:00Z
4486,5,2,2026-08-17T20:48:00Z,2026-08-17T22:38:00Z
4487,7,2,2026-08-17T23:08:00Z,2026-08-18T00:49:00Z
4488,1,3,2026-08-17T14:00:00Z,2026-08-17T15:58:00Z
4489,4,3,2026-08-17T16:18:00Z,2026-08-17T18:03:00Z
4490,8,3,2026-08-17T18:23:00Z,2026-08-17T19:52:00Z
4491,7,3,2026-08-17T20:12:00Z,2026-08-17T21:53:00Z
4492,5,3,2026-08-17T22:13:00Z,2026-08-18T00:03:00Z
4493,7,4,2026-08-17T14:00:00Z,2026-08-17T15:41:00Z
4494,3,4,2026-08-17T16:11:00Z,2026-08-17T17:48:00Z
4495,5,4,2026-08-17T18:13:00Z,2026-08-17T20:03:00Z
4496,2,4,2026-08-17T20:33:00Z,2026-08-17T22:45:00Z
4497,2,4,2026-08-17T23:05:00Z,2026-08-18T01:17:00Z
4498,8,1,2026-08-18T14:00:00Z,2026-08-18T15:29:00Z
4499,6,1,2026-08-18T15:59:00Z,2026-08-18T18:24:00Z
4500,1,1,2026-08-18T18:44:00Z,2026-08-18T20:42:00Z
4501,6,1,2026-08-18T21:07:00Z,2026-08-18T23:32:00Z
4502,8,1,2026-08-18T23:57:00Z,2026-08-19T01:26:00Z
4503,7,2,2026-08-18T14:00:00Z,2026-08-18T15:41:00Z
4504,6,2,2026-08-18T16:06:00Z,2026-08-18T18:31:00Z
4505,6,2,2026-08-18T18:56:00Z,2026-08-18T21:21:00Z
4506,7,2,2026-08-18T21:46:00Z,2026-08-18T23:27:00Z
4507,3,2,2026-08-18T23:47:00Z,2026-08-19T01:24:00Z
4508,4,3,2026-08-18T14:00:00Z,2026-08-18T15:45:00Z
4509,2,3,2026-08-18T16:10:00Z,2026-08-18T18:22:00Z
4510,2,3,2026-08-18T18:47:00Z,2026-08-18T20:59:00Z
4511,2,3,2026-08-18T21:24:00Z,2026-08-18T23:36:00Z
4512,4,4,2026-08-18T14:00:00Z,2026-08-18T15:45:00Z
4513,2,4,2026-08-18T16:05:00Z,2026-08-18T18:17:00Z
4514,6,4,2026-08-18T18:37:00Z,2026-08-18T21:02:00Z
4515,4,4,2026-08-18T21:22:00Z,2026-08-18T23:07:00Z
4516,4,4,2026-08-18T23:32:00Z,2026-08-19T01:17:00Z
4517,6,1,2026-08-19T14:00:00Z,2026-08-19T16:25:00Z
4518,5,1,2026-08-19T16:50:00Z,2026-08-19T18:40:00Z
4519,5,1,2026-08-19T19:10:00Z,2026-08-19T21:00:00Z
4520,3,1,2026-08-19T21:20:00Z,2026-08-19T22:57:00Z
4521,5,1,2026-08-19T23:27:00Z,2026-08-20T01:17:00Z
4522,5,2,2026-08-19T14:00:00Z,2026-08-19T15:50:00Z
4523,6,2,2026-08-19T16:15:00Z,2026-08-19T18:40:00Z
4524,7,2,2026-08-19T19:05:00Z,2026-08-19T20:46:00Z
4525,1,2,2026-08-19T21:16:00Z,2026-08-19T23:14:00Z
4526,3,2,2026-08-19T23:39:00Z,2026-08-20T01:16:00Z
4527,4,3,2026-08-19T14:00:00Z,2026-08-19T15:45:00Z
4528,4,3,2026-08-19T16:05:00Z,2026-08-19T17:50:00Z
4529,4,3,2026-08-19T18:15:00Z,2026-08-19T20:00:00Z
4530,8,3,2026-08-19T20:30:00Z,2026-08-19T21:59:00Z
4531,8,3,2026-08-19T22:29:00Z,2026-08-19T23:58:00Z
4532,2,4,2026-08-19T14:00:00Z,2026-08-19T16:12:00Z
4533,4,4,2026-08-19T16:37:00Z,2026-08-19T18:22:00Z
4534,7,4,2026-08-19T18:47:00Z,2026-08-19T20:28:00Z
4535,8,4,2026-08-19T20:48:00Z,2026-08-19T22:17:00Z
4536,1,4,2026-08-19T22:42:00Z,2026-08-20T00:40:00Z
4537,3,1,2026-08-20T14:00:00Z,2026-08-20T15:37:00Z
4538,3,1,2026-08-20T16:07:00Z,2026-08-20T17:44:00Z
4539,1,1,2026-08-20T18:09:00Z,2026-08-20T20:07:00Z
4540,6,1,2026-08-20T20:32:00Z,2026-08-20T22:57:00Z
4541,4,1,2026-08-20T23:22:00Z,2026-08-21T01:07:00Z
4542,7,2,2026-08-20T14:00:00Z,2026-08-20T15:41:00Z
4543,7,2,2026-08-20T16:11:00Z,2026-08-20T17:52:00Z
4544,5,2,2026-08-20T18:22:00Z,2026-08-20T20:12:00Z
4545,1,2,2026-08-20T20:37:00Z,2026-08-20T22:35:00Z
4546,1,2,2026-08-20T23:05:00Z,2026-08-21T01:03:00Z
4547,3,3,2026-08-20T14:00:00Z,2026-08-20T15:37:00Z
4548,7,3,2026-08-20T16:02:00Z,2026-08-20T17:43:00Z
4549,4,3,2026-08-20T18:08:00Z,2026-08-20T19:53:00Z
4550,2,3,2026-08-20T20:18:00Z,2026-08-20T22:30:00Z
4551,7,3,2026-08-20T23:00:00Z,2026-08-21T00:41:00Z
4552,8,4,2026-08-20T14:00:00Z,2026-08-20T15:29:00Z
4553,6,4,2026-08-20T15:49:00Z,2026-08-20T18:14:00Z
4554,8,4,2026-08-20T18:44:00Z,2026-08-20T20:13:00Z
4555,5,4,2026-08-20T20:43:00Z,2026-08-20T22:33:00Z
4556,3,4,2026-08-20T22:53:00Z,2026-08-21T00:30:00Z
4557,3,1,2026-08-21T14:00:00Z,2026-08-21T15:37:00Z
4558,8,1,2026-08-21T15:57:00Z,2026-08-21T17:26:00Z
4559,3,1,2026-08-21T17:46:00Z,2026-08-21T19:23:00Z
4560,2,1,2026-08-21T19:43:00Z,2026-08-21T21:55:00Z
4561,5,1,2026-08-21T22:20:00Z,2026-08-22T00:10:00Z
4562,4,2,2026-08-21T14:00:00Z,2026-08-21T15:45:00Z
4563,2,2,2026-08-21T16:10:00Z,2026-08-21T18:22:00Z
4564,1,2,2026-08-21T18:47:00Z,2026-08-21T20:45:00Z
4565,1,2,2026-08-21T21:10:00Z,2026-08-21T23:08:00Z
4566,6,2,2026-08-21T23:28:00Z,2026-08-22T01:53:00Z
4567,7,3,2026-08-21T14:00:00Z,2026-08-21T15:41:00Z
4568,2,3,2026-08-21T16:01:00Z,2026-08-21T18:13:00Z
4569,7,3,2026-08-21T18:33:00Z,2026-08-21T20:14:00Z
4570,2,3,2026-08-21T20:39:00Z,2026-08-21T22:51:00Z
4571,4,3,2026-08-21T23:16:00Z,2026-08-22T01:01:00Z
4572,4,4,2026-08-21T14:00:00Z,2026-08-21T15:45:00Z
4573,7,4,2026-08-21T16:10:00Z,2026-08-21T17:51:00Z
4574,8,4,2026-08-21T18:21:00Z,2026-08-21T19:50:00Z
4575,5,4,2026-08-21T20:10:00Z,2026-08-21T22:00:00Z
4576,4,4,2026-08-21T22:30:00Z,2026-08-22T00:15:00Z
4577,8,1,2026-08-22T14:00:00Z,2026-08-22T15:29:00Z
4578,4,1,2026-08-22T15:54:00Z,2026-08-22T17:39:00Z
4579,3,1,2026-08-22T17:59:00Z,2026-08-22T19:36:00Z
4580,2,1,2026-08-22T20:01:00Z,2026-08-22T22:13:00Z
4581,4,1,2026-08-22T22:38:00Z,2026-08-23T00:23:00Z
4582,6,2,2026-08-22T14:00:00Z,2026-08-22T16:25:00Z
4583,8,2,2026-08-22T16:55:00Z,2026-08-22T18:24:00Z
4584,8,2,2026-08-22T18:49:00Z,2026-08-22T20:18:00Z
4585,1,2,2026-08-22T20:48:00Z,2026-08-22T22:46:00Z
4586,2,2,2026-08-22T23:16:00Z,2026-08-23T01:28:00Z
4587,8,3,2026-08-22T14:00:00Z,2026-08-22T15:29:00Z
4588,5,3,2026-08-22T15:54:00Z,2026-08-22T17:44:00Z
4589,3,3,2026-08-22T18:09:00Z,2026-08-22T19:46:00Z
4590,4,3,2026-08-22T20:11:00Z,2026-08-22T21:56:00Z
4591,7,3,2026-08-22T22:16:00Z,2026-08-22T23:57:00Z
4592,7,4,2026-08-22T14:00:00Z,2026-08-22T15:41:00Z
4593,3,4,2026-08-22T16:11:00Z,2026-08-22T17:48:00Z
4594,2,4,2026-08-22T18:18:00Z,2026-08-22T20:30:00Z
4595,1,4,2026-08-22T20:55:00Z,2026-08-22T22:53:00Z
4596,3,4,2026-08-22T23:13:00Z,2026-08-23T00:50:00Z
4597,5,1,2026-08-23T14:00:00Z,2026-08-23T15:50:00Z
4598,2,1,2026-08-23T16:20:00Z,2026-08-23T18:32:00Z
4599,4,1,2026-08-23T19:02:00Z,2026-08-23T20:47:00Z
4600,7,1,2026-08-23T21:12:00Z,2026-08-23T22:53:00Z
4601,2,1,2026-08-23T23:23:00Z,2026-08-24T01:35:00Z
4602,2,2,2026-08-23T14:00:00Z,2026-08-23T16:12:00Z
4603,6,2,2026-08-23T16:32:00Z,2026-08-23T18:57:00Z
4604,8,2,2026-08-23T19:22:00Z,2026-08-23T20:51:00Z
4605,5,2,2026-08-23T21:11:00Z,2026-08-23T23:01:00Z
4606,1,2,2026-08-23T23:21:00Z,2026-08-24T01:19:00Z
4607,1,3,2026-08-23T14:00:00Z,2026-08-23T15:58:00Z
4608,8,3,2026-08-23T16:18:00Z,2026-08-23T17:47:00Z
4609,6,3,2026-08-23T18:12:00Z,2026-08-23T20:37:00Z
4610,7,3,2026-08-23T21:07:00Z,2026-08-23T22:48:00Z
4611,7,3,2026-08-23T23:08:00Z,2026-08-24T00:49:00Z
4612,1,4,2026-08-23T14:00:00Z,2026-08-23T15:58:00Z
4613,2,4,2026-08-23T16:23:00Z,2026-08-23T18:35:00Z
4614,3,4,2026-08-23T19:05:00Z,2026-08-23T20:42:00Z
4615,8,4,2026-08-23T21:07:00Z,2026-08-23T22:36:00Z
4616,8,4,2026-08-23T23:01:00Z,2026-08-24T00:30:00Z
4617,2,1,2026-08-24T14:00:00Z,2026-08-24T16:12:00Z
4618,4,1,2026-08-24T16:42:00Z,2026-08-24T18:27:00Z
4619,8,1,2026-08-24T18:57:00Z,2026-08-24T20:26:00Z
4620,8,1,2026-08-24T20:46:00Z,2026-08-24T22:15:00Z
4621,3,1,2026-08-24T22:40:00Z,2026-08-25T00:17:00Z
4622,1,2,2026-08-24T14:00:00Z,2026-08-24T15:58:00Z
4623,2,2,2026-08-24T16:28:00Z,2026-08-24T18:40:00Z
4624,5,2,2026-08-24T19:00:00Z,2026-08-24T20:50:00Z
4625,7,2,2026-08-24T21:10:00Z,2026-08-24T22:51:00Z
4626,2,2,2026-08-24T23:11:00Z,2026-08-25T01:23:00Z
4627,1,3,2026-08-24T14:00:00Z,2026-08-24T15:58:00Z
4628,5,3,2026-08-24T16:28:00Z,2026-08-24T18:18:00Z
4629,8,3,2026-08-24T18:38:00Z,2026-08-24T20:07:00Z
4630,3,3,2026-08-24T20:32:00Z,2026-08-24T22:09:00Z
4631,1,3,2026-08-24T22:29:00Z,2026-08-25T00:27:00Z
4632,4,4,2026-08-24T14:00:00Z,2026-08-24T15:45:00Z
4633,1,4,2026-08-24T16:10:00Z,2026-08-24T18:08:00Z
4634,2,4,2026-08-24T18:38:00Z,2026-08-24T20:50:00Z
4635,5,4,2026-08-24T21:15:00Z,2026-08-24T23:05:00Z
4636,1,4,2026-08-24T23:30:00Z,2026-08-25T01:28:00Z
4637,1,1,2026-08-25T14:00:00Z,2026-08-25T15:58:00Z
4638,7,1,2026-08-25T16:18:00Z,2026-08-25T17:59:00Z
4639,4,1,2026-08-25T18:19:00Z,2026-08-25T20:04:00Z
4640,4,1,2026-08-25T20:29:00Z,2026-08-25T22:14:00Z
4641,2,1,2026-08-25T22:34:00Z,2026-08-26T00:46:00Z
4642,7,2,2026-08-25T14:00:00Z,2026-08-25T15:41:00Z
4643,1,2,2026-08-25T16:01:00Z,2026-08-25T17:59:00Z
4644,4,2,2026-08-25T18:24:00Z,2026-08-25T20:09:00Z
4645,2,2,2026-08-25T20:39:00Z,2026-08-25T22:51:00Z
4646,2,2,2026-08-25T23:11:00Z,2026-08-26T01:23:00Z
4647,3,3,2026-08-25T14:00:00Z,2026-08-25T15:37:00Z
4648,3,3,2026-08-25T16:07:00Z,2026-08-25T17:44:00Z
4649,7,3,2026-08-25T18:04:00Z,2026-08-25T19:45:00Z
4650,2,3,2026-08-25T20:15:00Z,2026-08-25T22:27:00Z
4651,6,3,2026-08-25T22:52:00Z,2026-08-26T01:17:00Z
4652,4,4,2026-08-25T14:00:00Z,2026-08-25T15:45:00Z
4653,4,4,2026-08-25T16:15:00Z,2026-08-25T18:00:00Z
4654,7,4,2026-08-25T18:30:00Z,2026-08-25T20:11:00Z
4655,2,4,2026-08-25T20:36:00Z,2026-08-25T22:48:00Z
4656,4,4,2026-08-25T23:08:00Z,2026-08-26T00:53:00Z
4657,6,1,2026-08-26T14:00:00Z,2026-08-26T16:25:00Z
4658,3,1,2026-08-26T16:50:00Z,2026-08-26T18:27:00Z
4659,7,1,2026-08-26T18:47:00Z,2026-08-26T20:28:00Z
4660,6,1,2026-08-26T20:58:00Z,2026-08-26T23:23:00Z
4661,7,1,2026-08-26T23:43:00Z,2026-08-27T01:24:00Z
4662,8,2,2026-08-26T14:00:00Z,2026-08-26T15:29:00Z
4663,2,2,2026-08-26T15:49:00Z,2026-08-26T18:01:00Z
4664,5,2,2026-08-26T18:31:00Z,2026-08-26T20:21:00Z
4665,6,2,2026-08-26T20:51:00Z,2026-08-26T23:16:00Z
4666,2,2,2026-08-26T23:36:00Z,2026-08-27T01:48:00Z
4667,7,3,2026-08-26T14:00:00Z,2026-08-26T15:41:00Z
4668,8,3,2026-08-26T16:06:00Z,2026-08-26T17:35:00Z
4669,3,3,2026-08-26T17:55:00Z,2026-08-26T19:32:00Z
4670,2,3,2026-08-26T19:57:00Z,2026-08-26T22:09:00Z
4671,6,3,2026-08-26T22:39:00Z,2026-08-27T01:04:00Z
4672,7,4,2026-08-26T14:00:00Z,2026-08-26T15:41:00Z
4673,3,4,2026-08-26T16:11:00Z,2026-08-26T17:48:00Z
4674,3,4,2026-08-26T18:13:00Z,2026-08-26T19:50:00Z
4675,6,4,2026-08-26T20:20:00Z,2026-08-26T22:45:00Z
4676,8,4,2026-08-26T23:15:00Z,2026-08-27T00:44:00Z
4677,6,1,2026-08-27T14:00:00Z,2026-08-27T16:25:00Z
4678,8,1,2026-08-27T16:45:00Z,2026-08-27T18:14:00Z
4679,4,1,2026-08-27T18:39:00Z,2026-08-27T20:24:00Z
4680,1,1,2026-08-27T20:54:00Z,2026-08-27T22:52:00Z
4681,1,1,2026-08-27T23:12:00Z,2026-08-28T01:10:00Z
4682,2,2,2026-08-27T14:00:00Z,2026-08-27T16:12:00Z
4683,4,2,2026-08-27T16:37:00Z,2026-08-27T18:22:00Z
4684,7,2,2026-08-27T18:52:00Z,2026-08-27T20:33:00Z
4685,2,2,2026-08-27T20:53:00Z,2026-08-27T23:05:00Z
4686,3,2,2026-08-27T23:25:00Z,2026-08-28T01:02:00Z
4687,8,3,2026-08-27T14:00:00Z,2026-08-27T15:29:00Z
4688,4,3,2026-08-27T15:54:00Z,2026-08-27T17:39:00Z
4689,7,3,2026-08-27T17:59:00Z,2026-08-27T19:40:00Z
4690,1,3,2026-08-27T20:00:00Z,2026-08-27T21:58:00Z
4691,8,3,2026-08-27T22:18:00Z,2026-08-27T23:47:00Z
4692,6,4,2026-08-27T14:00:00Z,2026-08-27T16:25:00Z
4693,5,4,2026-08-27T16:45:00Z,2026-08-27T18:35:00Z
4694,1,4,2026-08-27T19:00:00Z,2026-08-27T20:58:00Z
4695,7,4,2026-08-27T21:28:00Z,2026-08-27T23:09:00Z
4696,5,4,2026-08-27T23:39:00Z,2026-08-28T01:29:00Z
4697,4,1,2026-08-28T14:00:00Z,2026-08-28T15:45:00Z
4698,6,1,2026-08-28T16:15:00Z,2026-08-28T18:40:00Z
4699,4,1,2026-08-28T19:05:00Z,2026-08-28T20:50:00Z
4700,1,1,2026-08-28T21:10:00Z,2026-08-28T23:08:00Z
4701,4,1,2026-08-28T23:38:00Z,2026-08-29T01:23:00Z
4702,4,2,2026-08-28T14:00:00Z,2026-08-28T15:45:00Z
4703,7,2,2026-08-28T16:15:00Z,2026-08-28T17:56:00Z
4704,6,2,2026-08-28T18:26:00Z,2026-08-28T20:51:00Z
4705,8,2,2026-08-28T21:11:00Z,2026-08-28T22:40:00Z
4706,1,2,2026-08-28T23:10:00Z,2026-08-29T01:08:00Z
4707,8,3,2026-08-28T14:00:00Z,2026-08-28T15:29:00Z
4708,4,3,2026-08-28T15:49:00Z,2026-08-28T17:34:00Z
4709,3,3,2026-08-28T17:54:00Z,2026-08-28T19:31:00Z
4710,3,3,2026-08-28T19:51:00Z,2026-08-28T21:28:00Z
4711,3,3,2026-08-28T21:48:00Z,2026-08-28T23:25:00Z
4712,4,3,2026-08-28T23:55:00Z,2026-08-29T01:40:00Z
4713,2,4,2026-08-28T14:00:00Z,2026-08-28T16:12:00Z
4714,8,4,2026-08-28T16:37:00Z,2026-08-28T18:06:00Z
4715,3,4,2026-08-28T18:31:00Z,2026-08-28T20:08:00Z
4716,4,4,2026-08-28T20:38:00Z,2026-08-28T22:23:00Z
4717,7,4,2026-08-28T22:43:00Z,2026-08-29T00:24:00Z
4718,4,1,2026-08-29T14:00:00Z,2026-08-29T15:45:00Z
4719,5,1,2026-08-29T16:10:00Z,2026-08-29T18:00:00Z
4720,8,1,2026-08-29T18:30:00Z,2026-08-29T19:59:00Z
4721,4,1,2026-08-29T20:29:00Z,2026-08-29T22:14:00Z
4722,8,1,2026-08-29T22:39:00Z,2026-08-30T00:08:00Z
4723,6,2,2026-08-29T14:00:00Z,2026-08-29T16:25:00Z
4724,7,2,2026-08-29T16:50:00Z,2026-08-29T18:31:00Z
4725,8,2,2026-08-29T18:51:00Z,2026-08-29T20:20:00Z
4726,7,2,2026-08-29T20:45:00Z,2026-08-29T22:26:00Z
4727,7,2,2026-08-29T22:56:00Z,2026-08-30T00:37:00Z
4728,8,3,2026-08-29T14:00:00Z,2026-08-29T15:29:00Z
4729,7,3,2026-08-29T15:49:00Z,2026-08-29T17:30:00Z
4730,2,3,2026-08-29T17:55:00Z,2026-08-29T20:07:00Z
4731,3,3,2026-08-29T20:32:00Z,2026-08-29T22:09:00Z
4732,3,3,2026-08-29T22:39:00Z,2026-08-30T00:16:00Z
4733,7,4,2026-08-29T14:00:00Z,2026-08-29T15:41:00Z
4734,5,4,2026-08-29T16:06:00Z,2026-08-29T17:56:00Z
4735,5,4,2026-08-29T18:21:00Z,2026-08-29T20:11:00Z
4736,8,4,2026-08-29T20:36:00Z,2026-08-29T22:05:00Z
4737,6,4,2026-08-29T22:25:00Z,2026-08-30T00:50:00Z
4738,8,1,2026-08-30T14:00:00Z,2026-08-30T15:29:00Z
4739,3,1,2026-08-30T15:49:00Z,2026-08-30T17:26:00Z
4740,1,1,2026-08-30T17:46:00Z,2026-08-30T19:44:00Z
4741,6,1,2026-08-30T20:04:00Z,2026-08-30T22:29:00Z
4742,7,1,2026-08-30T22:54:00Z,2026-08-31T00:35:00Z
4743,7,2,2026-08-30T14:00:00Z,2026-08-30T15:41:00Z
4744,6,2,2026-08-30T16:11:00Z,2026-08-30T18:36:00Z
4745,8,2,2026-08-30T19:01:00Z,2026-08-30T20:30:00Z
4746,2,2,2026-08-30T20:55:00Z,2026-08-30T23:07:00Z
4747,1,2,2026-08-30T23:32:00Z,2026-08-31T01:30:00Z
4748,7,3,2026-08-30T14:00:00Z,2026-08-30T15:41:00Z
4749,3,3,2026-08-30T16:11:00Z,2026-08-30T17:48:00Z
4750,7,3,2026-08-30T18:08:00Z,2026-08-30T19:49:00Z
4751,6,3,2026-08-30T20:14:00Z,2026-08-30T22:39:00Z
4752,8,3,2026-08-30T23:09:00Z,2026-08-31T00:38:00Z
4753,6,4,2026-08-30T14:00:00Z,2026-08-30T16:25:00Z
4754,1,4,2026-08-30T16:55:00Z,2026-08-30T18:53:00Z
4755,7,4,2026-08-30T19:23:00Z,2026-08-30T21:04:00Z
4756,4,4,2026-08-30T21:29:00Z,2026-08-30T23:14:00Z
4757,8,4,2026-08-30T23:34:00Z,2026-08-31T01:03:00Z
4758,6,1,2026-08-31T14:00:00Z,2026-08-31T16:25:00Z
4759,1,1,2026-08-31T16:55:00Z,2026-08-31T18:53:00Z
4760,3,1,2026-08-31T19:23:00Z,2026-08-31T21:00:00Z
4761,8,1,2026-08-31T21:25:00Z,2026-08-31T22:54:00Z
4762,3,1,2026-08-31T23:24:00Z,2026-09-01T01:01:00Z
4763,4,2,2026-08-31T14:00:00Z,2026-08-31T15:45:00Z
4764,3,2,2026-08-31T16:15:00Z,2026-08-31T17:52:00Z
4765,2,2,2026-08-31T18:12:00Z,2026-08-31T20:24:00Z
4766,7,2,2026-08-31T20:44:00Z,2026-08-31T22:25:00Z
4767,2,2,2026-08-31T22:50:00Z,2026-09-01T01:02:00Z
4768,4,3,2026-08-31T14:00:00Z,2026-08-31T15:45:00Z
4769,3,3,2026-08-31T16:10:00Z,2026-08-31T17:47:00Z
4770,5,3,2026-08-31T18:12:00Z,2026-08-31T20:02:00Z
4771,5,3,2026-08-31T20:32:00Z,2026-08-31T22:22:00Z
4772,7,3,2026-08-31T22:52:00Z,2026-09-01T00:33:00Z
4773,5,4,2026-08-31T14:00:00Z,2026-08-31T15:50:00Z
4774,7,4,2026-08-31T16:20:00Z,2026-08-31T18:01:00Z
4775,2,4,2026-08-31T18:31:00Z,2026-08-31T20:43:00Z
4776,6,4,2026-08-31T21:03:00Z,2026-08-31T23:28:00Z
4777,5,4,2026-08-31T23:48:00Z,2026-09-01T01:38:00Z
4778,4,1,2026-09-01T14:00:00Z,2026-09-01T15:45:00Z
4779,7,1,2026-09-01T16:15:00Z,2026-09-01T17:56:00Z
4780,5,1,2026-09-01T18:26:00Z,2026-09-01T20:16:00Z
4781,3,1,2026-09-01T20:36:00Z,2026-09-01T22:13:00Z
4782,1,1,2026-09-01T22:38:00Z,2026-09-02T00:36:00Z
4783,2,2,2026-09-01T14:00:00Z,2026-09-01T16:12:00Z
4784,7,2,2026-09-01T16:42:00Z,2026-09-01T18:23:00Z
4785,7,2,2026-09-01T18:53:00Z,2026-09-01T20:34:00Z
4786,5,2,2026-09-01T21:04:00Z,2026-09-01T22:54:00Z
4787,7,2,2026-09-01T23:24:00Z,2026-09-02T01:05:00Z
4788,3,3,2026-09-01T14:00:00Z,2026-09-01T15:37:00Z
4789,3,3,2026-09-01T16:02:00Z,2026-09-01T17:39:00Z
4790,3,3,2026-09-01T18:09:00Z,2026-09-01T19:46:00Z
4791,8,3,2026-09-01T20:06:00Z,2026-09-01T21:35:00Z
4792,2,3,2026-09-01T21:55:00Z,2026-09-02T00:07:00Z
4793,4,4,2026-09-01T14:00:00Z,2026-09-01T15:45:00Z
4794,4,4,2026-09-01T16:05:00Z,2026-09-01T17:50:00Z
4795,3,4,2026-09-01T18:10:00Z,2026-09-01T19:47:00Z
4796,5,4,2026-09-01T20:07:00Z,2026-09-01T21:57:00Z
4797,8,4,2026-09-01T22:22:00Z,2026-09-01T23:51:00Z
4798,2,1,2026-09-02T14:00:00Z,2026-09-02T16:12:00Z
4799,3,1,2026-09-02T16:42:00Z,2026-09-02T18:19:00Z
4800,5,1,2026-09-02T18:39:00Z,2026-09-02T20:29:00Z
4801,7,1,2026-09-02T20:49:00Z,2026-09-02T22:30:00Z
4802,5,1,2026-09-02T22:50:00Z,2026-09-03T00:40:00Z
4803,6,2,2026-09-02T14:00:00Z,2026-09-02T16:25:00Z
4804,4,2,2026-09-02T16:45:00Z,2026-09-02T18:30:00Z
4805,8,2,2026-09-02T18:55:00Z,2026-09-02T20:24:00Z
4806,2,2,2026-09-02T20:54:00Z,2026-09-02T23:06:00Z
4807,1,2,2026-09-02T23:26:00Z,2026-09-03T01:24:00Z
4808,1,3,2026-09-02T14:00:00Z,2026-09-02T15:58:00Z
4809,1,3,2026-09-02T16:28:00Z,2026-09-02T18:26:00Z
4810,4,3,2026-09-02T18:46:00Z,2026-09-02T20:31:00Z
4811,1,3,2026-09-02T21:01:00Z,2026-09-02T22:59:00Z
4812,5,3,2026-09-02T23:24:00Z,2026-09-03T01:14:00Z
4813,8,4,2026-09-02T14:00:00Z,2026-09-02T15:29:00Z
4814,7,4,2026-09-02T15:54:00Z,2026-09-02T17:35:00Z
4815,6,4,2026-09-02T18:00:00Z,2026-09-02T20:25:00Z
4816,6,4,2026-09-02T20:55:00Z,2026-09-02T23:20:00Z
4817,4,4,2026-09-02T23:45:00Z,2026-09-03T01:30:00Z
4818,7,1,2026-09-03T14:00:00Z,2026-09-03T15:41:00Z
4819,1,1,2026-09-03T16:06:00Z,2026-09-03T18:04:00Z
4820,6,1,2026-09-03T18:29:00Z,2026-09-03T20:54:00Z
4821,1,1,2026-09-03T21:14:00Z,2026-09-03T23:12:00Z
4822,7,1,2026-09-03T23:37:00Z,2026-09-04T01:18:00Z
4823,3,2,2026-09-03T14:00:00Z,2026-09-03T15:37:00Z
4824,2,2,2026-09-03T15:57:00Z,2026-09-03T18:09:00Z
4825,5,2,2026-09-03T18:39:00Z,2026-09-03T20:29:00Z
4826,4,2,2026-09-03T20:59:00Z,2026-09-03T22:44:00Z
4827,8,2,2026-09-03T23:09:00Z,2026-09-04T00:38:00Z
4828,8,3,2026-09-03T14:00:00Z,2026-09-03T15:29:00Z
4829,7,3,2026-09-03T15:59:00Z,2026-09-03T17:40:00Z
4830,4,3,2026-09-03T18:10:00Z,2026-09-03T19:55:00Z
4831,6,3,2026-09-03T20:15:00Z,2026-09-03T22:40:00Z
4832,6,3,2026-09-03T23:00:00Z,2026-09-04T01:25:00Z
4833,6,4,2026-09-03T14:00:00Z,2026-09-03T16:25:00Z
4834,8,4,2026-09-03T16:55:00Z,2026-09-03T18:24:00Z
4835,8,4,2026-09-03T18:44:00Z,2026-09-03T20:13:00Z
4836,2,4,2026-09-03T20:38:00Z,2026-09-03T22:50:00Z
4837,7,4,2026-09-03T23:15:00Z,2026-09-04T00:56:00Z
4838,2,1,2026-09-04T14:00:00Z,2026-09-04T16:12:00Z
4839,7,1,2026-09-04T16:42:00Z,2026-09-04T18:23:00Z
4840,4,1,2026-09-04T18:48:00Z,2026-09-04T20:33:00Z
4841,3,1,2026-09-04T21:03:00Z,2026-09-04T22:40:00Z
4842,1,1,2026-09-04T23:10:00Z,2026-09-05T01:08:00Z
4843,8,2,2026-09-04T14:00:00Z,2026-09-04T15:29:00Z
4844,5,2,2026-09-04T15:49:00Z,2026-09-04T17:39:00Z
4845,8,2,2026-09-04T18:09:00Z,2026-09-04T19:38:00Z
4846,8,2,2026-09-04T19:58:00Z,2026-09-04T21:27:00Z
4847,8,2,2026-09-04T21:47:00Z,2026-09-04T23:16:00Z
4848,4,2,2026-09-04T23:46:00Z,2026-09-05T01:31:00Z
4849,4,3,2026-09-04T14:00:00Z,2026-09-04T15:45:00Z
4850,2,3,2026-09-04T16:05:00Z,2026-09-04T18:17:00Z
4851,7,3,2026-09-04T18:37:00Z,2026-09-04T20:18:00Z
4852,1,3,2026-09-04T20:48:00Z,2026-09-04T22:46:00Z
4853,6,3,2026-09-04T23:06:00Z,2026-09-05T01:31:00Z
4854,5,4,2026-09-04T14:00:00Z,2026-09-04T15:50:00Z
4855,5,4,2026-09-04T16:10:00Z,2026-09-04T18:00:00Z
4856,8,4,2026-09-04T18:30:00Z,2026-09-04T19:59:00Z
4857,2,4,2026-09-04T20:29:00Z,2026-09-04T22:41:00Z
4858,3,4,2026-09-04T23:11:00Z,2026-09-05T00:48:00Z
4859,8,1,2026-09-05T14:00:00Z,2026-09-05T15:29:00Z
4860,6,1,2026-09-05T15:49:00Z,2026-09-05T18:14:00Z
4861,2,1,2026-09-05T18:34:00Z,2026-09-05T20:46:00Z
4862,6,1,2026-09-05T21:16:00Z,2026-09-05T23:41:00Z
4863,7,2,2026-09-05T14:00:00Z,2026-09-05T15:41:00Z
4864,7,2,2026-09-05T16:11:00Z,2026-09-05T17:52:00Z
4865,4,2,2026-09-05T18:12:00Z,2026-09-05T19:57:00Z
4866,2,2,2026-09-05T20:22:00Z,2026-09-05T22:34:00Z
4867,2,2,2026-09-05T22:59:00Z,2026-09-06T01:11:00Z
4868,2,3,2026-09-05T14:00:00Z,2026-09-05T16:12:00Z
4869,4,3,2026-09-05T16:37:00Z,2026-09-05T18:22:00Z
4870,2,3,2026-09-05T18:52:00Z,2026-09-05T21:04:00Z
4871,6,3,2026-09-05T21:34:00Z,2026-09-05T23:59:00Z
4872,6,4,2026-09-05T14:00:00Z,2026-09-05T16:25:00Z
4873,1,4,2026-09-05T16:50:00Z,2026-09-05T18:48:00Z
4874,1,4,2026-09-05T19:13:00Z,2026-09-05T21:11:00Z
4875,4,4,2026-09-05T21:41:00Z,2026-09-05T23:26:00Z
4876,7,4,2026-09-05T23:51:00Z,2026-09-06T01:32:00Z
4877,6,1,2026-09-06T14:00:00Z,2026-09-06T16:25:00Z
4878,3,1,2026-09-06T16:55:00Z,2026-09-06T18:32:00Z
4879,4,1,2026-09-06T19:02:00Z,2026-09-06T20:47:00Z
4880,7,1,2026-09-06T21:07:00Z,2026-09-06T22:48:00Z
4881,8,1,2026-09-06T23:08:00Z,2026-09-07T00:37:00Z
4882,3,2,2026-09-06T14:00:00Z,2026-09-06T15:37:00Z
4883,4,2,2026-09-06T16:02:00Z,2026-09-06T17:47:00Z
4884,8,2,2026-09-06T18:12:00Z,2026-09-06T19:41:00Z
4885,5,2,2026-09-06T20:01:00Z,2026-09-06T21:51:00Z
4886,1,2,2026-09-06T22:11:00Z,2026-09-07T00:09:00Z
4887,6,3,2026-09-06T14:00:00Z,2026-09-06T16:25:00Z
4888,2,3,2026-09-06T16:50:00Z,2026-09-06T19:02:00Z
4889,8,3,2026-09-06T19:27:00Z,2026-09-06T20:56:00Z
4890,4,3,2026-09-06T21:26:00Z,2026-09-06T23:11:00Z
4891,5,3,2026-09-06T23:36:00Z,2026-09-07T01:26:00Z
4892,7,4,2026-09-06T14:00:00Z,2026-09-06T15:41:00Z
4893,6,4,2026-09-06T16:01:00Z,2026-09-06T18:26:00Z
4894,4,4,2026-09-06T18:46:00Z,2026-09-06T20:31:00Z
4895,4,4,2026-09-06T21:01:00Z,2026-09-06T22:46:00Z
4896,1,4,2026-09-06T23:16:00Z,2026-09-07T01:14:00Z
4897,8,1,2026-09-07T14:00:00Z,2026-09-07T15:29:00Z
4898,7,1,2026-09-07T15:59:00Z,2026-09-07T17:40:00Z
4899,3,1,2026-09-07T18:05:00Z,2026-09-07T19:42:00Z
4900,7,1,2026-09-07T20:02:00Z,2026-09-07T21:43:00Z
4901,7,1,2026-09-07T22:08:00Z,2026-09-07T23:49:00Z
4902,8,2,2026-09-07T14:00:00Z,2026-09-07T15:29:00Z
4903,7,2,2026-09-07T15:54:00Z,2026-09-07T17:35:00Z
4904,2,2,2026-09-07T18:00:00Z,2026-09-07T20:12:00Z
4905,5,2,2026-09-07T20:42:00Z,2026-09-07T22:32:00Z
4906,4,2,2026-09-07T22:57:00Z,2026-09-08T00:42:00Z
4907,7,3,2026-09-07T14:00:00Z,2026-09-07T15:41:00Z
4908,3,3,2026-09-07T16:01:00Z,2026-09-07T17:38:00Z
4909,1,3,2026-09-07T18:03:00Z,2026-09-07T20:01:00Z
4910,5,3,2026-09-07T20:31:00Z,2026-09-07T22:21:00Z
4911,3,3,2026-09-07T22:46:00Z,2026-09-08T00:23:00Z
4912,3,4,2026-09-07T14:00:00Z,2026-09-07T15:37:00Z
4913,8,4,2026-09-07T16:02:00Z,2026-09-07T17:31:00Z
4914,3,4,2026-09-07T17:56:00Z,2026-09-07T19:33:00Z
4915,4,4,2026-09-07T19:53:00Z,2026-09-07T21:38:00Z
4916,4,4,2026-09-07T22:08:00Z,2026-09-07T23:53:00Z
4917,1,1,2026-09-08T14:00:00Z,2026-09-08T15:58:00Z
4918,2,1,2026-09-08T16:23:00Z,2026-09-08T18:35:00Z
4919,3,1,2026-09-08T19:05:00Z,2026-09-08T20:42:00Z
4920,7,1,2026-09-08T21:07:00Z,2026-09-08T22:48:00Z
4921,3,1,2026-09-08T23:18:00Z,2026-09-09T00:55:00Z
4922,2,2,2026-09-08T14:00:00Z,2026-09-08T16:12:00Z
4923,8,2,2026-09-08T16:37:00Z,2026-09-08T18:06:00Z
4924,1,2,2026-09-08T18:26:00Z,2026-09-08T20:24:00Z
4925,6,2,2026-09-08T20:44:00Z,2026-09-08T23:09:00Z
4926,7,2,2026-09-08T23:39:00Z,2026-09-09T01:20:00Z
4927,7,3,2026-09-08T14:00:00Z,2026-09-08T15:41:00Z
4928,1,3,2026-09-08T16:01:00Z,2026-09-08T17:59:00Z
4929,4,3,2026-09-08T18:19:00Z,2026-09-08T20:04:00Z
4930,8,3,2026-09-08T20:29:00Z,2026-09-08T21:58:00Z
4931,3,3,2026-09-08T22:23:00Z,2026-09-09T00:00:00Z
4932,7,4,2026-09-08T14:00:00Z,2026-09-08T15:41:00Z
4933,2,4,2026-09-08T16:11:00Z,2026-09-08T18:23:00Z
4934,7,4,2026-09-08T18:48:00Z,2026-09-08T20:29:00Z
4935,8,4,2026-09-08T20:54:00Z,2026-09-08T22:23:00Z
4936,1,4,2026-09-08T22:48:00Z,2026-09-09T00:46:00Z
4937,2,1,2026-09-09T14:00:00Z,2026-09-09T16:12:00Z
4938,2,1,2026-09-09T16:32:00Z,2026-09-09T18:44:00Z
4939,4,1,2026-09-09T19:09:00Z,2026-09-09T20:54:00Z
4940,8,1,2026-09-09T21:14:00Z,2026-09-09T22:43:00Z
4941,2,1,2026-09-09T23:08:00Z,2026-09-10T01:20:00Z
4942,3,2,2026-09-09T14:00:00Z,2026-09-09T15:37:00Z
4943,8,2,2026-09-09T16:02:00Z,2026-09-09T17:31:00Z
4944,7,2,2026-09-09T18:01:00Z,2026-09-09T19:42:00Z
4945,3,2,2026-09-09T20:07:00Z,2026-09-09T21:44:00Z
4946,6,2,2026-09-09T22:04:00Z,2026-09-10T00:29:00Z
4947,3,3,2026-09-09T14:00:00Z,2026-09-09T15:37:00Z
4948,1,3,2026-09-09T16:02:00Z,2026-09-09T18:00:00Z
4949,8,3,2026-09-09T18:25:00Z,2026-09-09T19:54:00Z
4950,2,3,2026-09-09T20:14:00Z,2026-09-09T22:26:00Z
4951,2,3,2026-09-09T22:46:00Z,2026-09-10T00:58:00Z
4952,3,4,2026-09-09T14:00:00Z,2026-09-09T15:37:00Z
4953,8,4,2026-09-09T15:57:00Z,2026-09-09T17:26:00Z
4954,2,4,2026-09-09T17:51:00Z,2026-09-09T20:03:00Z
4955,3,4,2026-09-09T20:23:00Z,2026-09-09T22:00:00Z
4956,4,4,2026-09-09T22:30:00Z,2026-09-10T00:15:00Z
4957,3,1,2026-09-10T14:00:00Z,2026-09-10T15:37:00Z
4958,5,1,2026-09-10T15:57:00Z,2026-09-10T17:47:00Z
4959,2,1,2026-09-10T18:07:00Z,2026-09-10T20:19:00Z
4960,5,1,2026-09-10T20:39:00Z,2026-09-10T22:29:00Z
4961,3,1,2026-09-10T22:54:00Z,2026-09-11T00:31:00Z
4962,1,2,2026-09-10T14:00:00Z,2026-09-10T15:58:00Z
4963,5,2,2026-09-10T16:18:00Z,2026-09-10T18:08:00Z
4964,5,2,2026-09-10T18:28:00Z,2026-09-10T20:18:00Z
4965,8,2,2026-09-10T20:48:00Z,2026-09-10T22:17:00Z
4966,8,2,2026-09-10T22:37:00Z,2026-09-11T00:06:00Z
4967,6,3,2026-09-10T14:00:00Z,2026-09-10T16:25:00Z
4968,6,3,2026-09-10T16:55:00Z,2026-09-10T19:20:00Z
4969,4,3,2026-09-10T19:50:00Z,2026-09-10T21:35:00Z
4970,2,3,2026-09-10T22:05:00Z,2026-09-11T00:17:00Z
4971,1,4,2026-09-10T14:00:00Z,2026-09-10T15:58:00Z
4972,1,4,2026-09-10T16:18:00Z,2026-09-10T18:16:00Z
4973,3,4,2026-09-10T18:36:00Z,2026-09-10T20:13:00Z
4974,4,4,2026-09-10T20:38:00Z,2026-09-10T22:23:00Z
4975,4,4,2026-09-10T22:43:00Z,2026-09-11T00:28:00Z
4976,6,1,2026-09-11T14:00:00Z,2026-09-11T16:25:00Z
4977,3,1,2026-09-11T16:50:00Z,2026-09-11T18:27:00Z
4978,7,1,2026-09-11T18:57:00Z,2026-09-11T20:38:00Z
4979,5,1,2026-09-11T20:58:00Z,2026-09-11T22:48:00Z
4980,7,1,2026-09-11T23:13:00Z,2026-09-12T00:54:00Z
4981,3,2,2026-09-11T14:00:00Z,2026-09-11T15:37:00Z
4982,8,2,2026-09-11T16:02:00Z,2026-09-11T17:31:00Z
4983,5,2,2026-09-11T17:51:00Z,2026-09-11T19:41:00Z
4984,7,2,2026-09-11T20:11:00Z,2026-09-11T21:52:00Z
4985,3,2,2026-09-11T22:22:00Z,2026-09-11T23:59:00Z
4986,4,3,2026-09-11T14:00:00Z,2026-09-11T15:45:00Z
4987,5,3,2026-09-11T16:05:00Z,2026-09-11T17:55:00Z
4988,4,3,2026-09-11T18:25:00Z,2026-09-11T20:10:00Z
4989,6,3,2026-09-11T20:40:00Z,2026-09-11T23:05:00Z
4990,3,3,2026-09-11T23:35:00Z,2026-09-12T01:12:00Z
4991,3,4,2026-09-11T14:00:00Z,2026-09-11T15:37:00Z
4992,7,4,2026-09-11T16:02:00Z,2026-09-11T17:43:00Z
4993,1,4,2026-09-11T18:08:00Z,2026-09-11T20:06:00Z
4994,4,4,2026-09-11T20:36:00Z,2026-09-11T22:21:00Z
4995,5,4,2026-09-11T22:41:00Z,2026-09-12T00:31:00Z
4996,2,1,2026-09-12T14:00:00Z,2026-09-12T16:12:00Z
4997,7,1,2026-09-12T16:42:00Z,2026-09-12T18:23:00Z
4998,6,1,2026-09-12T18:43:00Z,2026-09-12T21:08:00Z
4999,2,1,2026-09-12T21:38:00Z,2026-09-12T23:50:00Z
5000,6,2,2026-09-12T14:00:00Z,2026-09-12T16:25:00Z
5001,3,2,2026-09-12T16:50:00Z,2026-09-12T18:27:00Z
5002,5,2,2026-09-12T18:47:00Z,2026-09-12T20:37:00Z
5003,2,2,2026-09-12T20:57:00Z,2026-09-12T23:09:00Z
5004,4,2,2026-09-12T23:34:00Z,2026-09-13T01:19:00Z
5005,2,3,2026-09-12T14:00:00Z,2026-09-12T16:12:00Z
5006,3,3,2026-09-12T16:32:00Z,2026-09-12T18:09:00Z
5007,5,3,2026-09-12T18:39:00Z,2026-09-12T20:29:00Z
5008,8,3,2026-09-12T20:59:00Z,2026-09-12T22:28:00Z
5009,6,3,2026-09-12T22:48:00Z,2026-09-13T01:13:00Z
5010,5,4,2026-09-12T14:00:00Z,2026-09-12T15:50:00Z
5011,5,4,2026-09-12T16:20:00Z,2026-09-12T18:10:00Z
5012,2,4,2026-09-12T18:40:00Z,2026-09-12T20:52:00Z
5013,3,4,2026-09-12T21:12:00Z,2026-09-12T22:49:00Z
5014,7,4,2026-09-12T23:14:00Z,2026-09-13T00:55:00Z
5015,6,1,2026-09-13T14:00:00Z,2026-09-13T16:25:00Z
5016,7,1,2026-09-13T16:55:00Z,2026-09-13T18:36:00Z
5017,3,1,2026-09-13T19:01:00Z,2026-09-13T20:38:00Z
5018,1,1,2026-09-13T21:03:00Z,2026-09-13T23:01:00Z
5019,3,1,2026-09-13T23:31:00Z,2026-09-14T01:08:00Z
5020,3,2,2026-09-13T14:00:00Z,2026-09-13T15:37:00Z
5021,7,2,2026-09-13T15:57:00Z,2026-09-13T17:38:00Z
5022,5,2,2026-09-13T18:08:00Z,2026-09-13T19:58:00Z
5023,6,2,2026-09-13T20:18:00Z,2026-09-13T22:43:00Z
5024,4,2,2026-09-13T23:13:00Z,2026-09-14T00:58:00Z
5025,7,3,2026-09-13T14:00:00Z,2026-09-13T15:41:00Z
5026,8,3,2026-09-13T16:11:00Z,2026-09-13T17:40:00Z
5027,8,3,2026-09-13T18:00:00Z,2026-09-13T19:29:00Z
5028,8,3,2026-09-13T19:54:00Z,2026-09-13T21:23:00Z
5029,5,3,2026-09-13T21:53:00Z,2026-09-13T23:43:00Z
5030,7,4,2026-09-13T14:00:00Z,2026-09-13T15:41:00Z
5031,4,4,2026-09-13T16:11:00Z,2026-09-13T17:56:00Z
5032,2,4,2026-09-13T18:21:00Z,2026-09-13T20:33:00Z
5033,7,4,2026-09-13T20:58:00Z,2026-09-13T22:39:00Z
5034,2,4,2026-09-13T23:04:00Z,2026-09-14T01:16:00Z
5035,2,1,2026-09-14T14:00:00Z,2026-09-14T16:12:00Z
5036,4,1,2026-09-14T16:32:00Z,2026-09-14T18:17:00Z
5037,3,1,2026-09-14T18:37:00Z,2026-09-14T20:14:00Z
5038,1,1,2026-09-14T20:44:00Z,2026-09-14T22:42:00Z
5039,5,1,2026-09-14T23:02:00Z,2026-09-15T00:52:00Z
5040,8,2,2026-09-14T14:00:00Z,2026-09-14T15:29:00Z
5041,7,2,2026-09-14T15:49:00Z,2026-09-14T17:30:00Z
5042,3,2,2026-09-14T18:00:00Z,2026-09-14T19:37:00Z
5043,8,2,2026-09-14T20:02:00Z,2026-09-14T21:31:00Z
5044,2,2,2026-09-14T22:01:00Z,2026-09-15T00:13:00Z
5045,1,3,2026-09-14T14:00:00Z,2026-09-14T15:58:00Z
5046,4,3,2026-09-14T16:28:00Z,2026-09-14T18:13:00Z
5047,1,3,2026-09-14T18:43:00Z,2026-09-14T20:41:00Z
5048,7,3,2026-09-14T21:11:00Z,2026-09-14T22:52:00Z
5049,6,3,2026-09-14T23:22:00Z,2026-09-15T01:47:00Z
5050,1,4,2026-09-14T14:00:00Z,2026-09-14T15:58:00Z
5051,8,4,2026-09-14T16:28:00Z,2026-09-14T17:57:00Z
5052,4,4,2026-09-14T18:17:00Z,2026-09-14T20:02:00Z
5053,2,4,2026-09-14T20:22:00Z,2026-09-14T22:34:00Z
5054,3,4,2026-09-14T22:59:00Z,2026-09-15T00:36:00Z
5055,6,1,2026-09-15T14:00:00Z,2026-09-15T16:25:00Z
5056,7,1,2026-09-15T16:45:00Z,2026-09-15T18:26:00Z
5057,7,1,2026-09-15T18:51:00Z,2026-09-15T20:32:00Z
5058,6,1,2026-09-15T20:52:00Z,2026-09-15T23:17:00Z
5059,6,1,2026-09-15T23:37:00Z,2026-09-16T02:02:00Z
5060,4,2,2026-09-15T14:00:00Z,2026-09-15T15:45:00Z
5061,2,2,2026-09-15T16:15:00Z,2026-09-15T18:27:00Z
5062,5,2,2026-09-15T18:52:00Z,2026-09-15T20:42:00Z
5063,5,2,2026-09-15T21:07:00Z,2026-09-15T22:57:00Z
5064,4,2,2026-09-15T23:22:00Z,2026-09-16T01:07:00Z
5065,7,3,2026-09-15T14:00:00Z,2026-09-15T15:41:00Z
5066,5,3,2026-09-15T16:01:00Z,2026-09-15T17:51:00Z
5067,1,3,2026-09-15T18:21:00Z,2026-09-15T20:19:00Z
5068,8,3,2026-09-15T20:44:00Z,2026-09-15T22:13:00Z
5069,6,3,2026-09-15T22:33:00Z,2026-09-16T00:58:00Z
5070,8,4,2026-09-15T14:00:00Z,2026-09-15T15:29:00Z
5071,5,4,2026-09-15T15:54:00Z,2026-09-15T17:44:00Z
5072,2,4,2026-09-15T18:09:00Z,2026-09-15T20:21:00Z
5073,6,4,2026-09-15T20:41:00Z,2026-09-15T23:06:00Z
5074,3,4,2026-09-15T23:36:00Z,2026-09-16T01:13:00Z
5075,6,1,2026-09-16T14:00:00Z,2026-09-16T16:25:00Z
5076,2,1,2026-09-16T16:45:00Z,2026-09-16T18:57:00Z
5077,8,1,2026-09-16T19:22:00Z,2026-09-16T20:51:00Z
5078,2,1,2026-09-16T21:11:00Z,2026-09-16T23:23:00Z
5079,3,1,2026-09-16T23:53:00Z,2026-09-17T01:30:00Z
5080,2,2,2026-09-16T14:00:00Z,2026-09-16T16:12:00Z
5081,1,2,2026-09-16T16:37:00Z,2026-09-16T18:35:00Z
5082,5,2,2026-09-16T18:55:00Z,2026-09-16T20:45:00Z
5083,8,2,2026-09-16T21:05:00Z,2026-09-16T22:34:00Z
5084,6,2,2026-09-16T22:59:00Z,2026-09-17T01:24:00Z
5085,6,3,2026-09-16T14:00:00Z,2026-09-16T16:25:00Z
5086,3,3,2026-09-16T16:50:00Z,2026-09-16T18:27:00Z
5087,5,3,2026-09-16T18:57:00Z,2026-09-16T20:47:00Z
5088,8,3,2026-09-16T21:07:00Z,2026-09-16T22:36:00Z
5089,8,3,2026-09-16T23:06:00Z,2026-09-17T00:35:00Z
5090,3,4,2026-09-16T14:00:00Z,2026-09-16T15:37:00Z
5091,7,4,2026-09-16T16:02:00Z,2026-09-16T17:43:00Z
5092,6,4,2026-09-16T18:03:00Z,2026-09-16T20:28:00Z
5093,4,4,2026-09-16T20:58:00Z,2026-09-16T22:43:00Z
5094,4,4,2026-09-16T23:03:00Z,2026-09-17T00:48:00Z
5095,1,1,2026-09-17T14:00:00Z,2026-09-17T15:58:00Z
5096,7,1,2026-09-17T16:18:00Z,2026-09-17T17:59:00Z
5097,6,1,2026-09-17T18:24:00Z,2026-09-17T20:49:00Z
5098,3,1,2026-09-17T21:09:00Z,2026-09-17T22:46:00Z
5099,4,1,2026-09-17T23:16:00Z,2026-09-18T01:01:00Z
5100,5,2,2026-09-17T14:00:00Z,2026-09-17T15:50:00Z
5101,7,2,2026-09-17T16:10:00Z,2026-09-17T17:51:00Z
5102,8,2,2026-09-17T18:16:00Z,2026-09-17T19:45:00Z
5103,3,2,2026-09-17T20:15:00Z,2026-09-17T21:52:00Z
5104,7,2,2026-09-17T22:17:00Z,2026-09-17T23:58:00Z
5105,7,3,2026-09-17T14:00:00Z,2026-09-17T15:41:00Z
5106,2,3,2026-09-17T16:01:00Z,2026-09-17T18:13:00Z
5107,1,3,2026-09-17T18:33:00Z,2026-09-17T20:31:00Z
5108,3,3,2026-09-17T20:51:00Z,2026-09-17T22:28:00Z
5109,1,3,2026-09-17T22:53:00Z,2026-09-18T00:51:00Z
5110,4,4,2026-09-17T14:00:00Z,2026-09-17T15:45:00Z
5111,6,4,2026-09-17T16:05:00Z,2026-09-17T18:30:00Z
5112,1,4,2026-09-17T18:55:00Z,2026-09-17T20:53:00Z
5113,8,4,2026-09-17T21:18:00Z,2026-09-17T22:47:00Z
5114,5,4,2026-09-17T23:12:00Z,2026-09-18T01:02:00Z
5115,2,1,2026-09-18T14:00:00Z,2026-09-18T16:12:00Z
5116,4,1,2026-09-18T16:37:00Z,2026-09-18T18:22:00Z
5117,3,1,2026-09-18T18:52:00Z,2026-09-18T20:29:00Z
5118,3,1,2026-09-18T20:59:00Z,2026-09-18T22:36:00Z
5119,5,1,2026-09-18T22:56:00Z,2026-09-19T00:46:00Z
5120,5,2,2026-09-18T14:00:00Z,2026-09-18T15:50:00Z
5121,4,2,2026-09-18T16:20:00Z,2026-09-18T18:05:00Z
5122,7,2,2026-09-18T18:35:00Z,2026-09-18T20:16:00Z
5123,8,2,2026-09-18T20:36:00Z,2026-09-18T22:05:00Z
5124,2,2,2026-09-18T22:35:00Z,2026-09-19T00:47:00Z
5125,3,3,2026-09-18T14:00:00Z,2026-09-18T15:37:00Z
5126,3,3,2026-09-18T15:57:00Z,2026-09-18T17:34:00Z
5127,2,3,2026-09-18T17:54:00Z,2026-09-18T20:06:00Z
5128,7,3,2026-09-18T20:26:00Z,2026-09-18T22:07:00Z
5129,5,3,2026-09-18T22:27:00Z,2026-09-19T00:17:00Z
5130,3,4,2026-09-18T14:00:00Z,2026-09-18T15:37:00Z
5131,1,4,2026-09-18T16:02:00Z,2026-09-18T18:00:00Z
5132,4,4,2026-09-18T18:30:00Z,2026-09-18T20:15:00Z
5133,1,4,2026-09-18T20:35:00Z,2026-09-18T22:33:00Z
5134,7,4,2026-09-18T22:58:00Z,2026-09-19T00:39:00Z
5135,5,1,2026-09-19T14:00:00Z,2026-09-19T15:50:00Z
5136,4,1,2026-09-19T16:20:00Z,2026-09-19T18:05:00Z
5137,6,1,2026-09-19T18:25:00Z,2026-09-19T20:50:00Z
5138,8,1,2026-09-19T21:15:00Z,2026-09-19T22:44:00Z
5139,7,1,2026-09-19T23:04:00Z,2026-09-20T00:45:00Z
5140,1,2,2026-09-19T14:00:00Z,2026-09-19T15:58:00Z
5141,2,2,2026-09-19T16:23:00Z,2026-09-19T18:35:00Z
5142,6,2,2026-09-19T19:00:00Z,2026-09-19T21:25:00Z
5143,6,2,2026-09-19T21:50:00Z,2026-09-20T00:15:00Z
5144,7,3,2026-09-19T14:00:00Z,2026-09-19T15:41:00Z
5145,6,3,2026-09-19T16:01:00Z,2026-09-19T18:26:00Z
5146,3,3,2026-09-19T18:46:00Z,2026-09-19T20:23:00Z
5147,1,3,2026-09-19T20:43:00Z,2026-09-19T22:41:00Z
5148,6,3,2026-09-19T23:01:00Z,2026-09-20T01:26:00Z
5149,5,4,2026-09-19T14:00:00Z,2026-09-19T15:50:00Z
5150,5,4,2026-09-19T16:15:00Z,2026-09-19T18:05:00Z
5151,2,4,2026-09-19T18:35:00Z,2026-09-19T20:47:00Z
5152,3,4,2026-09-19T21:12:00Z,2026-09-19T22:49:00Z
5153,8,4,2026-09-19T23:14:00Z,2026-09-20T00:43:00Z
5154,6,1,2026-09-20T14:00:00Z,2026-09-20T16:25:00Z
5155,2,1,2026-09-20T16:50:00Z,2026-09-20T19:02:00Z
5156,1,1,2026-09-20T19:22:00Z,2026-09-20T21:20:00Z
5157,3,1,2026-09-20T21:50:00Z,2026-09-20T23:27:00Z
5158,6,1,2026-09-20T23:52:00Z,2026-09-21T02:17:00Z
5159,6,2,2026-09-20T14:00:00Z,2026-09-20T16:25:00Z
5160,6,2,2026-09-20T16:55:00Z,2026-09-20T19:20:00Z
5161,5,2,2026-09-20T19:40:00Z,2026-09-20T21:30:00Z
5162,7,2,2026-09-20T21:50:00Z,2026-09-20T23:31:00Z
5163,2,2,2026-09-20T23:51:00Z,2026-09-21T02:03:00Z
5164,2,3,2026-09-20T14:00:00Z,2026-09-20T16:12:00Z
5165,4,3,2026-09-20T16:32:00Z,2026-09-20T18:17:00Z
5166,8,3,2026-09-20T18:37:00Z,2026-09-20T20:06:00Z
5167,2,3,2026-09-20T20:26:00Z,2026-09-20T22:38:00Z
5168,6,3,2026-09-20T23:08:00Z,2026-09-21T01:33:00Z
5169,8,4,2026-09-20T14:00:00Z,2026-09-20T15:29:00Z
5170,3,4,2026-09-20T15:49:00Z,2026-09-20T17:26:00Z
5171,3,4,2026-09-20T17:46:00Z,2026-09-20T19:23:00Z
5172,7,4,2026-09-20T19:43:00Z,2026-09-20T21:24:00Z
5173,5,4,2026-09-20T21:54:00Z,2026-09-20T23:44:00Z
5174,6,1,2026-09-21T14:00:00Z,2026-09-21T16:25:00Z
5175,8,1,2026-09-21T16:50:00Z,2026-09-21T18:19:00Z
5176,2,1,2026-09-21T18:49:00Z,2026-09-21T21:01:00Z
5177,2,1,2026-09-21T21:26:00Z,2026-09-21T23:38:00Z
5178,7,2,2026-09-21T14:00:00Z,2026-09-21T15:41:00Z
5179,1,2,2026-09-21T16:11:00Z,2026-09-21T18:09:00Z
5180,5,2,2026-09-21T18:29:00Z,2026-09-21T20:19:00Z
5181,3,2,2026-09-21T20:49:00Z,2026-09-21T22:26:00Z
5182,1,2,2026-09-21T22:51:00Z,2026-09-22T00:49:00Z
5183,1,3,2026-09-21T14:00:00Z,2026-09-21T15:58:00Z
5184,4,3,2026-09-21T16:28:00Z,2026-09-21T18:13:00Z
5185,7,3,2026-09-21T18:43:00Z,2026-09-21T20:24:00Z
5186,2,3,2026-09-21T20:49:00Z,2026-09-21T23:01:00Z
5187,8,3,2026-09-21T23:21:00Z,2026-09-22T00:50:00Z
5188,7,4,2026-09-21T14:00:00Z,2026-09-21T15:41:00Z
5189,7,4,2026-09-21T16:11:00Z,2026-09-21T17:52:00Z
5190,5,4,2026-09-21T18:17:00Z,2026-09-21T20:07:00Z
5191,3,4,2026-09-21T20:27:00Z,2026-09-21T22:04:00Z
5192,3,4,2026-09-21T22:24:00Z,2026-09-22T00:01:00Z
5193,4,1,2026-09-22T14:00:00Z,2026-09-22T15:45:00Z
5194,1,1,2026-09-22T16:15:00Z,2026-09-22T18:13:00Z
5195,8,1,2026-09-22T18:43:00Z,2026-09-22T20:12:00Z
5196,5,1,2026-09-22T20:42:00Z,2026-09-22T22:32:00Z
5197,4,1,2026-09-22T22:57:00Z,2026-09-23T00:42:00Z
5198,5,2,2026-09-22T14:00:00Z,2026-09-22T15:50:00Z
5199,2,2,2026-09-22T16:20:00Z,2026-09-22T18:32:00Z
5200,4,2,2026-09-22T18:52:00Z,2026-09-22T20:37:00Z
5201,4,2,2026-09-22T20:57:00Z,2026-09-22T22:42:00Z
5202,1,2,2026-09-22T23:07:00Z,2026-09-23T01:05:00Z
5203,3,3,2026-09-22T14:00:00Z,2026-09-22T15:37:00Z
5204,3,3,2026-09-22T16:02:00Z,2026-09-22T17:39:00Z
5205,1,3,2026-09-22T18:04:00Z,2026-09-22T20:02:00Z
5206,4,3,2026-09-22T20:32:00Z,2026-09-22T22:17:00Z
5207,2,3,2026-09-22T22:37:00Z,2026-09-23T00:49:00Z
5208,6,4,2026-09-22T14:00:00Z,2026-09-22T16:25:00Z
5209,6,4,2026-09-22T16:55:00Z,2026-09-22T19:20:00Z
5210,2,4,2026-09-22T19:45:00Z,2026-09-22T21:57:00Z
5211,5,4,2026-09-22T22:27:00Z,2026-09-23T00:17:00Z
5212,3,1,2026-09-23T14:00:00Z,2026-09-23T15:37:00Z
5213,5,1,2026-09-23T16:02:00Z,2026-09-23T17:52:00Z
5214,1,1,2026-09-23T18:17:00Z,2026-09-23T20:15:00Z
5215,1,1,2026-09-23T20:45:00Z,2026-09-23T22:43:00Z
5216,4,1,2026-09-23T23:08:00Z,2026-09-24T00:53:00Z
5217,5,2,2026-09-23T14:00:00Z,2026-09-23T15:50:00Z
5218,5,2,2026-09-23T16:10:00Z,2026-09-23T18:00:00Z
5219,2,2,2026-09-23T18:20:00Z,2026-09-23T20:32:00Z
5220,7,2,2026-09-23T21:02:00Z,2026-09-23T22:43:00Z
5221,5,2,2026-09-23T23:13:00Z,2026-09-24T01:03:00Z
5222,4,3,2026-09-23T14:00:00Z,2026-09-23T15:45:00Z
5223,4,3,2026-09-23T16:10:00Z,2026-09-23T17:55:00Z
5224,5,3,2026-09-23T18:20:00Z,2026-09-23T20:10:00Z
5225,7,3,2026-09-23T20:30:00Z,2026-09-23T22:11:00Z
5226,8,3,2026-09-23T22:31:00Z,2026-09-24T00:00:00Z
5227,7,4,2026-09-23T14:00:00Z,2026-09-23T15:41:00Z
5228,3,4,2026-09-23T16:06:00Z,2026-09-23T17:43:00Z
5229,2,4,2026-09-23T18:08:00Z,2026-09-23T20:20:00Z
5230,3,4,2026-09-23T20:45:00Z,2026-09-23T22:22:00Z
5231,3,4,2026-09-23T22:47:00Z,2026-09-24T00:24:00Z
5232,4,1,2026-09-24T14:00:00Z,2026-09-24T15:45:00Z
5233,8,1,2026-09-24T16:15:00Z,2026-09-24T17:44:00Z
5234,3,1,2026-09-24T18:14:00Z,2026-09-24T19:51:00Z
5235,5,1,2026-09-24T20:21:00Z,2026-09-24T22:11:00Z
5236,5,1,2026-09-24T22:31:00Z,2026-09-25T00:21:00Z
5237,3,2,2026-09-24T14:00:00Z,2026-09-24T15:37:00Z
5238,4,2,2026-09-24T16:02:00Z,2026-09-24T17:47:00Z
5239,3,2,2026-09-24T18:07:00Z,2026-09-24T19:44:00Z
5240,7,2,2026-09-24T20:04:00Z,2026-09-24T21:45:00Z
5241,8,2,2026-09-24T22:05:00Z,2026-09-24T23:34:00Z
5242,7,3,2026-09-24T14:00:00Z,2026-09-24T15:41:00Z
5243,3,3,2026-09-24T16:01:00Z,2026-09-24T17:38:00Z
5244,1,3,2026-09-24T18:08:00Z,2026-09-24T20:06:00Z
5245,2,3,2026-09-24T20:36:00Z,2026-09-24T22:48:00Z
5246,7,3,2026-09-24T23:13:00Z,2026-09-25T00:54:00Z
5247,2,4,2026-09-24T14:00:00Z,2026-09-24T16:12:00Z
5248,1,4,2026-09-24T16:32:00Z,2026-09-24T18:30:00Z
5249,4,4,2026-09-24T18:50:00Z,2026-09-24T20:35:00Z
5250,5,4,2026-09-24T20:55:00Z,2026-09-24T22:45:00Z
5251,1,4,2026-09-24T23:05:00Z,2026-09-25T01:03:00Z
5252,2,1,2026-09-25T14:00:00Z,2026-09-25T16:12:00Z
5253,6,1,2026-09-25T16:42:00Z,2026-09-25T19:07:00Z
5254,2,1,2026-09-25T19:37:00Z,2026-09-25T21:49:00Z
5255,3,1,2026-09-25T22:09:00Z,2026-09-25T23:46:00Z
5256,8,2,2026-09-25T14:00:00Z,2026-09-25T15:29:00Z
5257,5,2,2026-09-25T15:49:00Z,2026-09-25T17:39:00Z
5258,8,2,2026-09-25T18:04:00Z,2026-09-25T19:33:00Z
5259,4,2,2026-09-25T19:53:00Z,2026-09-25T21:38:00Z
5260,5,2,2026-09-25T21:58:00Z,2026-09-25T23:48:00Z
5261,2,3,2026-09-25T14:00:00Z,2026-09-25T16:12:00Z
5262,1,3,2026-09-25T16:32:00Z,2026-09-25T18:30:00Z
5263,5,3,2026-09-25T18:50:00Z,2026-09-25T20:40:00Z
5264,7,3,2026-09-25T21:00:00Z,2026-09-25T22:41:00Z
5265,1,3,2026-09-25T23:01:00Z,2026-09-26T00:59:00Z
5266,1,4,2026-09-25T14:00:00Z,2026-09-25T15:58:00Z
5267,7,4,2026-09-25T16:18:00Z,2026-09-25T17:59:00Z
5268,3,4,2026-09-25T18:24:00Z,2026-09-25T20:01:00Z
5269,5,4,2026-09-25T20:26:00Z,2026-09-25T22:16:00Z
5270,7,4,2026-09-25T22:36:00Z,2026-09-26T00:17:00Z
5271,2,1,2026-09-26T14:00:00Z,2026-09-26T16:12:00Z
5272,3,1,2026-09-26T16:37:00Z,2026-09-26T18:14:00Z
5273,4,1,2026-09-26T18:34:00Z,2026-09-26T20:19:00Z
5274,5,1,2026-09-26T20:39:00Z,2026-09-26T22:29:00Z
5275,2,1,2026-09-26T22:54:00Z,2026-09-27T01:06:00Z
5276,6,2,2026-09-26T14:00:00Z,2026-09-26T16:25:00Z
5277,6,2,2026-09-26T16:45:00Z,2026-09-26T19:10:00Z
5278,1,2,2026-09-26T19:30:00Z,2026-09-26T21:28:00Z
5279,3,2,2026-09-26T21:58:00Z,2026-09-26T23:35:00Z
5280,7,2,2026-09-26T23:55:00Z,2026-09-27T01:36:00Z
5281,6,3,2026-09-26T14:00:00Z,2026-09-26T16:25:00Z
5282,3,3,2026-09-26T16:55:00Z,2026-09-26T18:32:00Z
5283,7,3,2026-09-26T19:02:00Z,2026-09-26T20:43:00Z
5284,5,3,2026-09-26T21:03:00Z,2026-09-26T22:53:00Z
5285,5,3,2026-09-26T23:23:00Z,2026-09-27T01:13:00Z
5286,2,4,2026-09-26T14:00:00Z,2026-09-26T16:12:00Z
5287,8,4,2026-09-26T16:37:00Z,2026-09-26T18:06:00Z
5288,6,4,2026-09-26T18:36:00Z,2026-09-26T21:01:00Z
5289,2,4,2026-09-26T21:26:00Z,2026-09-26T23:38:00Z
5290,3,4,2026-09-26T23:58:00Z,2026-09-27T01:35:00Z
5291,3,1,2026-09-27T14:00:00Z,2026-09-27T15:37:00Z
5292,3,1,2026-09-27T16:02:00Z,2026-09-27T17:39:00Z
5293,8,1,2026-09-27T18:04:00Z,2026-09-27T19:33:00Z
5294,8,1,2026-09-27T20:03:00Z,2026-09-27T21:32:00Z
5295,2,1,2026-09-27T21:52:00Z,2026-09-28T00:04:00Z
5296,7,2,2026-09-27T14:00:00Z,2026-09-27T15:41:00Z
5297,5,2,2026-09-27T16:11:00Z,2026-09-27T18:01:00Z
5298,2,2,2026-09-27T18:21:00Z,2026-09-27T20:33:00Z
5299,3,2,2026-09-27T20:58:00Z,2026-09-27T22:35:00Z
5300,7,2,2026-09-27T22:55:00Z,2026-09-28T00:36:00Z
5301,6,3,2026-09-27T14:00:00Z,2026-09-27T16:25:00Z
5302,7,3,2026-09-27T16:50:00Z,2026-09-27T18:31:00Z
5303,7,3,2026-09-27T18:56:00Z,2026-09-27T20:37:00Z
5304,6,3,2026-09-27T21:07:00Z,2026-09-27T23:32:00Z
5305,4,3,2026-09-27T23:52:00Z,2026-09-28T01:37:00Z
5306,7,4,2026-09-27T14:00:00Z,2026-09-27T15:41:00Z
5307,8,4,2026-09-27T16:11:00Z,2026-09-27T17:40:00Z
5308,8,4,2026-09-27T18:10:00Z,2026-09-27T19:39:00Z
5309,4,4,2026-09-27T20:09:00Z,2026-09-27T21:54:00Z
5310,2,4,2026-09-27T22:19:00Z,2026-09-28T00:31:00Z
5311,7,1,2026-09-28T14:00:00Z,2026-09-28T15:41:00Z
5312,4,1,2026-09-28T16:11:00Z,2026-09-28T17:56:00Z
5313,2,1,2026-09-28T18:26:00Z,2026-09-28T20:38:00Z
5314,6,1,2026-09-28T20:58:00Z,2026-09-28T23:23:00Z
5315,4,1,2026-09-28T23:43:00Z,2026-09-29T01:28:00Z
5316,6,2,2026-09-28T14:00:00Z,2026-09-28T16:25:00Z
5317,8,2,2026-09-28T16:55:00Z,2026-09-28T18:24:00Z
5318,2,2,2026-09-28T18:44:00Z,2026-09-28T20:56:00Z
5319,6,2,2026-09-28T21:16:00Z,2026-09-28T23:41:00Z
5320,3,3,2026-09-28T14:00:00Z,2026-09-28T15:37:00Z
5321,8,3,2026-09-28T16:02:00Z,2026-09-28T17:31:00Z
5322,7,3,2026-09-28T17:51:00Z,2026-09-28T19:32:00Z
5323,4,3,2026-09-28T19:52:00Z,2026-09-28T21:37:00Z
5324,1,3,2026-09-28T21:57:00Z,2026-09-28T23:55:00Z
5325,3,4,2026-09-28T14:00:00Z,2026-09-28T15:37:00Z
5326,3,4,2026-09-28T15:57:00Z,2026-09-28T17:34:00Z
5327,1,4,2026-09-28T17:59:00Z,2026-09-28T19:57:00Z
5328,7,4,2026-09-28T20:27:00Z,2026-09-28T22:08:00Z
5329,1,4,2026-09-28T22:33:00Z,2026-09-29T00:31:00Z
5330,2,1,2026-09-29T14:00:00Z,2026-09-29T16:12:00Z
5331,2,1,2026-09-29T16:42:00Z,2026-09-29T18:54:00Z
5332,3,1,2026-09-29T19:19:00Z,2026-09-29T20:56:00Z
5333,3,1,2026-09-29T21:16:00Z,2026-09-29T22:53:00Z
5334,3,1,2026-09-29T23:18:00Z,2026-09-30T00:55:00Z
5335,4,2,2026-09-29T14:00:00Z,2026-09-29T15:45:00Z
5336,1,2,2026-09-29T16:05:00Z,2026-09-29T18:03:00Z
5337,7,2,2026-09-29T18:33:00Z,2026-09-29T20:14:00Z
5338,3,2,2026-09-29T20:34:00Z,2026-09-29T22:11:00Z
5339,3,2,2026-09-29T22:36:00Z,2026-09-30T00:13:00Z
5340,5,3,2026-09-29T14:00:00Z,2026-09-29T15:50:00Z
5341,7,3,2026-09-29T16:15:00Z,2026-09-29T17:56:00Z
5342,6,3,2026-09-29T18:26:00Z,2026-09-29T20:51:00Z
5343,1,3,2026-09-29T21:16:00Z,2026-09-29T23:14:00Z
5344,2,3,2026-09-29T23:39:00Z,2026-09-30T01:51:00Z
5345,1,4,2026-09-29T14:00:00Z,2026-09-29T15:58:00Z
5346,1,4,2026-09-29T16:28:00Z,2026-09-29T18:26:00Z
5347,3,4,2026-09-29T18:56:00Z,2026-09-29T20:33:00Z
5348,3,4,2026-09-29T21:03:00Z,2026-09-29T22:40:00Z
5349,7,4,2026-09-29T23:00:00Z,2026-09-30T00:41:00Z
5350,8,1,2026-09-30T14:00:00Z,2026-09-30T15:29:00Z
5351,5,1,2026-09-30T15:59:00Z,2026-09-30T17:49:00Z
5352,5,1,2026-09-30T18:19:00Z,2026-09-30T20:09:00Z
5353,4,1,2026-09-30T20:39:00Z,2026-09-30T22:24:00Z
5354,3,1,2026-09-30T22:49:00Z,2026-10-01T00:26:00Z
5355,2,2,2026-09-30T14:00:00Z,2026-09-30T16:12:00Z
5356,7,2,2026-09-30T16:42:00Z,2026-09-30T18:23:00Z
5357,4,2,2026-09-30T18:43:00Z,2026-09-30T20:28:00Z
5358,1,2,2026-09-30T20:53:00Z,2026-09-30T22:51:00Z
5359,7,2,2026-09-30T23:11:00Z,2026-10-01T00:52:00Z
5360,2,3,2026-09-30T14:00:00Z,2026-09-30T16:12:00Z
5361,8,3,2026-09-30T16:42:00Z,2026-09-30T18:11:00Z
5362,6,3,2026-09-30T18:36:00Z,2026-09-30T21:01:00Z
5363,7,3,2026-09-30T21:31:00Z,2026-09-30T23:12:00Z
5364,3,3,2026-09-30T23:37:00Z,2026-10-01T01:14:00Z
5365,6,4,2026-09-30T14:00:00Z,2026-09-30T16:25:00Z
5366,7,4,2026-09-30T16:55:00Z,2026-09-30T18:36:00Z
5367,5,4,2026-09-30T18:56:00Z,2026-09-30T20:46:00Z
5368,2,4,2026-09-30T21:06:00Z,2026-09-30T23:18:00Z
5369,6,4,2026-09-30T23:38:00Z,2026-10-01T02:03:00Z
5370,6,1,2026-10-01T14:00:00Z,2026-10-01T16:25:00Z
5371,4,1,2026-10-01T16:45:00Z,2026-10-01T18:30:00Z
5372,3,1,2026-10-01T18:55:00Z,2026-10-01T20:32:00Z
5373,2,1,2026-10-01T21:02:00Z,2026-10-01T23:14:00Z
5374,4,1,2026-10-01T23:34:00Z,2026-10-02T01:19:00Z
5375,1,2,2026-10-01T14:00:00Z,2026-10-01T15:58:00Z
5376,4,2,2026-10-01T16:23:00Z,2026-10-01T18:08:00Z
5377,4,2,2026-10-01T18:38:00Z,2026-10-01T20:23:00Z
5378,1,2,2026-10-01T20:53:00Z,2026-10-01T22:51:00Z
5379,5,2,2026-10-01T23:11:00Z,2026-10-02T01:01:00Z
5380,1,3,2026-10-01T14:00:00Z,2026-10-01T15:58:00Z
5381,8,3,2026-10-01T16:28:00Z,2026-10-01T17:57:00Z
5382,1,3,2026-10-01T18:17:00Z,2026-10-01T20:15:00Z
5383,2,3,2026-10-01T20:40:00Z,2026-10-01T22:52:00Z
5384,1,3,2026-10-01T23:17:00Z,2026-10-02T01:15:00Z
5385,5,4,2026-10-01T14:00:00Z,2026-10-01T15:50:00Z
5386,4,4,2026-10-01T16:15:00Z,2026-10-01T18:00:00Z
5387,7,4,2026-10-01T18:25:00Z,2026-10-01T20:06:00Z
5388,6,4,2026-10-01T20:36:00Z,2026-10-01T23:01:00Z
5389,2,4,2026-10-01T23:21:00Z,2026-10-02T01:33:00Z
5390,7,1,2026-10-02T14:00:00Z,2026-10-02T15:41:00Z
5391,2,1,2026-10-02T16:11:00Z,2026-10-02T18:23:00Z
5392,3,1,2026-10-02T18:53:00Z,2026-10-02T20:30:00Z
5393,7,1,2026-10-02T20:50:00Z,2026-10-02T22:31:00Z
5394,1,1,2026-10-02T22:56:00Z,2026-10-03T00:54:00Z
5395,3,2,2026-10-02T14:00:00Z,2026-10-02T15:37:00Z
5396,8,2,2026-10-02T15:57:00Z,2026-10-02T17:26:00Z
5397,2,2,2026-10-02T17:46:00Z,2026-10-02T19:58:00Z
5398,4,2,2026-10-02T20:28:00Z,2026-10-02T22:13:00Z
5399,3,2,2026-10-02T22:33:00Z,2026-10-03T00:10:00Z
5400,3,3,2026-10-02T14:00:00Z,2026-10-02T15:37:00Z
5401,6,3,2026-10-02T16:07:00Z,2026-10-02T18:32:00Z
5402,3,3,2026-10-02T18:57:00Z,2026-10-02T20:34:00Z
5403,5,3,2026-10-02T20:59:00Z,2026-10-02T22:49:00Z
5404,7,3,2026-10-02T23:14:00Z,2026-10-03T00:55:00Z
5405,7,4,2026-10-02T14:00:00Z,2026-10-02T15:41:00Z
5406,4,4,2026-10-02T16:01:00Z,2026-10-02T17:46:00Z
5407,2,4,2026-10-02T18:16:00Z,2026-10-02T20:28:00Z
5408,8,4,2026-10-02T20:48:00Z,2026-10-02T22:17:00Z
5409,1,4,2026-10-02T22:37:00Z,2026-10-03T00:35:00Z
5410,5,1,2026-10-03T14:00:00Z,2026-10-03T15:50:00Z
5411,2,1,2026-10-03T16:20:00Z,2026-10-03T18:32:00Z
5412,2,1,2026-10-03T18:57:00Z,2026-10-03T21:09:00Z
5413,6,1,2026-10-03T21:34:00Z,2026-10-03T23:59:00Z
5414,5,2,2026-10-03T14:00:00Z,2026-10-03T15:50:00Z
5415,2,2,2026-10-03T16:10:00Z,2026-10-03T18:22:00Z
5416,6,2,2026-10-03T18:47:00Z,2026-10-03T21:12:00Z
5417,2,2,2026-10-03T21:37:00Z,2026-10-03T23:49:00Z
5418,3,3,2026-10-03T14:00:00Z,2026-10-03T15:37:00Z
5419,8,3,2026-10-03T16:07:00Z,2026-10-03T17:36:00Z
5420,8,3,2026-10-03T18:01:00Z,2026-10-03T19:30:00Z
5421,8,3,2026-10-03T19:55:00Z,2026-10-03T21:24:00Z
5422,3,3,2026-10-03T21:54:00Z,2026-10-03T23:31:00Z
5423,8,3,2026-10-03T23:51:00Z,2026-10-04T01:20:00Z
5424,6,4,2026-10-03T14:00:00Z,2026-10-03T16:25:00Z
5425,7,4,2026-10-03T16:50:00Z,2026-10-03T18:31:00Z
5426,3,4,2026-10-03T18:56:00Z,2026-10-03T20:33:00Z
5427,6,4,2026-10-03T20:58:00Z,2026-10-03T23:23:00Z
5428,6,4,2026-10-03T23:53:00Z,2026-10-04T02:18:00Z
5429,2,1,2026-10-04T14:00:00Z,2026-10-04T16:12:00Z
5430,7,1,2026-10-04T16:42:00Z,2026-10-04T18:23:00Z
5431,8,1,2026-10-04T18:53:00Z,2026-10-04T20:22:00Z
5432,1,1,2026-10-04T20:47:00Z,2026-10-04T22:45:00Z
5433,1,1,2026-10-04T23:15:00Z,2026-10-05T01:13:00Z
5434,4,2,2026-10-04T14:00:00Z,2026-10-04T15:45:00Z
5435,1,2,2026-10-04T16:15:00Z,2026-10-04T18:13:00Z
5436,2,2,2026-10-04T18:33:00Z,2026-10-04T20:45:00Z
5437,7,2,2026-10-04T21:10:00Z,2026-10-04T22:51:00Z
5438,7,2,2026-10-04T23:11:00Z,2026-10-05T00:52:00Z
5439,4,3,2026-10-04T14:00:00Z,2026-10-04T15:45:00Z
5440,8,3,2026-10-04T16:10:00Z,2026-10-04T17:39:00Z
5441,2,3,2026-10-04T18:09:00Z,2026-10-04T20:21:00Z
5442,8,3,2026-10-04T20:46:00Z,2026-10-04T22:15:00Z
5443,8,3,2026-10-04T22:40:00Z,2026-10-05T00:09:00Z
5444,2,4,2026-10-04T14:00:00Z,2026-10-04T16:12:00Z
5445,2,4,2026-10-04T16:32:00Z,2026-10-04T18:44:00Z
5446,7,4,2026-10-04T19:09:00Z,2026-10-04T20:50:00Z
5447,7,4,2026-10-04T21:10:00Z,2026-10-04T22:51:00Z
5448,2,4,2026-10-04T23:16:00Z,2026-10-05T01:28:00Z
5449,6,1,2026-10-05T14:00:00Z,2026-10-05T16:25:00Z
5450,8,1,2026-10-05T16:55:00Z,2026-10-05T18:24:00Z
5451,8,1,2026-10-05T18:44:00Z,2026-10-05T20:13:00Z
5452,5,1,2026-10-05T20:33:00Z,2026-10-05T22:23:00Z
5453,1,1,2026-10-05T22:48:00Z,2026-10-06T00:46:00Z
5454,3,2,2026-10-05T14:00:00Z,2026-10-05T15:37:00Z
5455,3,2,2026-10-05T16:02:00Z,2026-10-05T17:39:00Z
5456,4,2,2026-10-05T18:09:00Z,2026-10-05T19:54:00Z
5457,1,2,2026-10-05T20:19:00Z,2026-10-05T22:17:00Z
5458,7,2,2026-10-05T22:47:00Z,2026-10-06T00:28:00Z
5459,6,3,2026-10-05T14:00:00Z,2026-10-05T16:25:00Z
5460,8,3,2026-10-05T16:50:00Z,2026-10-05T18:19:00Z
5461,1,3,2026-10-05T18:39:00Z,2026-10-05T20:37:00Z
5462,1,3,2026-10-05T20:57:00Z,2026-10-05T22:55:00Z
5463,7,3,2026-10-05T23:25:00Z,2026-10-06T01:06:00Z
5464,5,4,2026-10-05T14:00:00Z,2026-10-05T15:50:00Z
5465,3,4,2026-10-05T16:20:00Z,2026-10-05T17:57:00Z
5466,3,4,2026-10-05T18:17:00Z,2026-10-05T19:54:00Z
5467,5,4,2026-10-05T20:14:00Z,2026-10-05T22:04:00Z
5468,2,4,2026-10-05T22:29:00Z,2026-10-06T00:41:00Z
5469,8,1,2026-10-06T14:00:00Z,2026-10-06T15:29:00Z
5470,4,1,2026-10-06T15:54:00Z,2026-10-06T17:39:00Z
5471,5,1,2026-10-06T18:09:00Z,2026-10-06T19:59:00Z
5472,1,1,2026-10-06T20:19:00Z,2026-10-06T22:17:00Z
5473,7,1,2026-10-06T22:37:00Z,2026-10-07T00:18:00Z
5474,5,2,2026-10-06T14:00:00Z,2026-10-06T15:50:00Z
5475,4,2,2026-10-06T16:10:00Z,2026-10-06T17:55:00Z
5476,7,2,2026-10-06T18:20:00Z,2026-10-06T20:01:00Z
5477,8,2,2026-10-06T20:26:00Z,2026-10-06T21:55:00Z
5478,3,2,2026-10-06T22:25:00Z,2026-10-07T00:02:00Z
5479,7,3,2026-10-06T14:00:00Z,2026-10-06T15:41:00Z
5480,7,3,2026-10-06T16:06:00Z,2026-10-06T17:47:00Z
5481,4,3,2026-10-06T18:07:00Z,2026-10-06T19:52:00Z
5482,3,3,2026-10-06T20:12:00Z,2026-10-06T21:49:00Z
5483,6,3,2026-10-06T22:14:00Z,2026-10-07T00:39:00Z
5484,3,4,2026-10-06T14:00:00Z,2026-10-06T15:37:00Z
5485,3,4,2026-10-06T16:02:00Z,2026-10-06T17:39:00Z
5486,6,4,2026-10-06T18:04:00Z,2026-10-06T20:29:00Z
5487,7,4,2026-10-06T20:49:00Z,2026-10-06T22:30:00Z
5488,1,4,2026-10-06T22:55:00Z,2026-10-07T00:53:00Z
5489,3,1,2026-10-07T14:00:00Z,2026-10-07T15:37:00Z
5490,8,1,2026-10-07T16:07:00Z,2026-10-07T17:36:00Z
5491,2,1,2026-10-07T18:06:00Z,2026-10-07T20:18:00Z
5492,4,1,2026-10-07T20:38:00Z,2026-10-07T22:23:00Z
5493,4,1,2026-10-07T22:53:00Z,2026-10-08T00:38:00Z
5494,3,2,2026-10-07T14:00:00Z,2026-10-07T15:37:00Z
5495,7,2,2026-10-07T16:07:00Z,2026-10-07T17:48:00Z
5496,6,2,2026-10-07T18:08:00Z,2026-10-07T20:33:00Z
5497,4,2,2026-10-07T20:53:00Z,2026-10-07T22:38:00Z
5498,1,2,2026-10-07T23:08:00Z,2026-10-08T01:06:00Z
5499,6,3,2026-10-07T14:00:00Z,2026-10-07T16:25:00Z
5500,5,3,2026-10-07T16:45:00Z,2026-10-07T18:35:00Z
5501,2,3,2026-10-07T19:00:00Z,2026-10-07T21:12:00Z
5502,8,3,2026-10-07T21:42:00Z,2026-10-07T23:11:00Z
5503,8,3,2026-10-07T23:41:00Z,2026-10-08T01:10:00Z
5504,7,4,2026-10-07T14:00:00Z,2026-10-07T15:41:00Z
5505,6,4,2026-10-07T16:06:00Z,2026-10-07T18:31:00Z
5506,7,4,2026-10-07T19:01:00Z,2026-10-07T20:42:00Z
5507,6,4,2026-10-07T21:12:00Z,2026-10-07T23:37:00Z
5508,3,4,2026-10-07T23:57:00Z,2026-10-08T01:34:00Z
5509,7,1,2026-10-08T14:00:00Z,2026-10-08T15:41:00Z
5510,3,1,2026-10-08T16:06:00Z,2026-10-08T17:43:00Z
5511,3,1,2026-10-08T18:13:00Z,2026-10-08T19:50:00Z
5512,7,1,2026-10-08T20:20:00Z,2026-10-08T22:01:00Z
5513,5,1,2026-10-08T22:26:00Z,2026-10-09T00:16:00Z
5514,7,2,2026-10-08T14:00:00Z,2026-10-08T15:41:00Z
5515,5,2,2026-10-08T16:11:00Z,2026-10-08T18:01:00Z
5516,2,2,2026-10-08T18:31:00Z,2026-10-08T20:43:00Z
5517,2,2,2026-10-08T21:03:00Z,2026-10-08T23:15:00Z
5518,1,2,2026-10-08T23:35:00Z,2026-10-09T01:33:00Z
5519,7,3,2026-10-08T14:00:00Z,2026-10-08T15:41:00Z
5520,8,3,2026-10-08T16:01:00Z,2026-10-08T17:30:00Z
5521,2,3,2026-10-08T18:00:00Z,2026-10-08T20:12:00Z
5522,8,3,2026-10-08T20:42:00Z,2026-10-08T22:11:00Z
5523,1,3,2026-10-08T22:41:00Z,2026-10-09T00:39:00Z
5524,5,4,2026-10-08T14:00:00Z,2026-10-08T15:50:00Z
5525,4,4,2026-10-08T16:15:00Z,2026-10-08T18:00:00Z
5526,8,4,2026-10-08T18:20:00Z,2026-10-08T19:49:00Z
5527,7,4,2026-10-08T20:19:00Z,2026-10-08T22:00:00Z
5528,4,4,2026-10-08T22:20:00Z,2026-10-09T00:05:00Z
5529,2,1,2026-10-09T14:00:00Z,2026-10-09T16:12:00Z
5530,8,1,2026-10-09T16:37:00Z,2026-10-09T18:06:00Z
5531,7,1,2026-10-09T18:31:00Z,2026-10-09T20:12:00Z
5532,6,1,2026-10-09T20:32:00Z,2026-10-09T22:57:00Z
5533,5,1,2026-10-09T23:17:00Z,2026-10-10T01:07:00Z
5534,5,2,2026-10-09T14:00:00Z,2026-10-09T15:50:00Z
5535,7,2,2026-10-09T16:15:00Z,2026-10-09T17:56:00Z
5536,4,2,2026-10-09T18:26:00Z,2026-10-09T20:11:00Z
5537,7,2,2026-10-09T20:31:00Z,2026-10-09T22:12:00Z
5538,1,2,2026-10-09T22:32:00Z,2026-10-10T00:30:00Z
5539,3,3,2026-10-09T14:00:00Z,2026-10-09T15:37:00Z
5540,6,3,2026-10-09T16:02:00Z,2026-10-09T18:27:00Z
5541,3,3,2026-10-09T18:52:00Z,2026-10-09T20:29:00Z
5542,7,3,2026-10-09T20:59:00Z,2026-10-09T22:40:00Z
5543,7,3,2026-10-09T23:00:00Z,2026-10-10T00:41:00Z
5544,7,4,2026-10-09T14:00:00Z,2026-10-09T15:41:00Z
5545,7,4,2026-10-09T16:01:00Z,2026-10-09T17:42:00Z
5546,7,4,2026-10-09T18:02:00Z,2026-10-09T19:43:00Z
5547,3,4,2026-10-09T20:13:00Z,2026-10-09T21:50:00Z
5548,6,4,2026-10-09T22:15:00Z,2026-10-10T00:40:00Z
5549,3,1,2026-10-10T14:00:00Z,2026-10-10T15:37:00Z
5550,4,1,2026-10-10T16:02:00Z,2026-10-10T17:47:00Z
5551,3,1,2026-10-10T18:07:00Z,2026-10-10T19:44:00Z
5552,2,1,2026-10-10T20:14:00Z,2026-10-10T22:26:00Z
5553,7,1,2026-10-10T22:56:00Z,2026-10-11T00:37:00Z
5554,5,2,2026-10-10T14:00:00Z,2026-10-10T15:50:00Z
5555,3,2,2026-10-10T16:20:00Z,2026-10-10T17:57:00Z
5556,4,2,2026-10-10T18:22:00Z,2026-10-10T20:07:00Z
5557,2,2,2026-10-10T20:27:00Z,2026-10-10T22:39:00Z
5558,7,2,2026-10-10T22:59:00Z,2026-10-11T00:40:00Z
5559,3,3,2026-10-10T14:00:00Z,2026-10-10T15:37:00Z
5560,2,3,2026-10-10T15:57:00Z,2026-10-10T18:09:00Z
5561,7,3,2026-10-10T18:39:00Z,2026-10-10T20:20:00Z
5562,3,3,2026-10-10T20:40:00Z,2026-10-10T22:17:00Z
5563,6,3,2026-10-10T22:42:00Z,2026-10-11T01:07:00Z
5564,4,4,2026-10-10T14:00:00Z,2026-10-10T15:45:00Z
5565,4,4,2026-10-10T16:15:00Z,2026-10-10T18:00:00Z
5566,4,4,2026-10-10T18:25:00Z,2026-10-10T20:10:00Z
5567,4,4,2026-10-10T20:40:00Z,2026-10-10T22:25:00Z
5568,7,4,2026-10-10T22:55:00Z,2026-10-11T00:36:00Z
5569,1,1,2026-10-11T14:00:00Z,2026-10-11T15:58:00Z
5570,2,1,2026-10-11T16:23:00Z,2026-10-11T18:35:00Z
5571,1,1,2026-10-11T18:55:00Z,2026-10-11T20:53:00Z
5572,2,1,2026-10-11T21:23:00Z,2026-10-11T23:35:00Z
5573,8,1,2026-10-11T23:55:00Z,2026-10-12T01:24:00Z
5574,2,2,2026-10-11T14:00:00Z,2026-10-11T16:12:00Z
5575,3,2,2026-10-11T16:32:00Z,2026-10-11T18:09:00Z
5576,5,2,2026-10-11T18:34:00Z,2026-10-11T20:24:00Z
5577,2,2,2026-10-11T20:44:00Z,2026-10-11T22:56:00Z
5578,8,2,2026-10-11T23:16:00Z,2026-10-12T00:45:00Z
5579,4,3,2026-10-11T14:00:00Z,2026-10-11T15:45:00Z
5580,2,3,2026-10-11T16:10:00Z,2026-10-11T18:22:00Z
5581,1,3,2026-10-11T18:47:00Z,2026-10-11T20:45:00Z
5582,2,3,2026-10-11T21:10:00Z,2026-10-11T23:22:00Z
5583,2,3,2026-10-11T23:47:00Z,2026-10-12T01:59:00Z
5584,7,4,2026-10-11T14:00:00Z,2026-10-11T15:41:00Z
5585,6,4,2026-10-11T16:06:00Z,2026-10-11T18:31:00Z
5586,8,4,2026-10-11T19:01:00Z,2026-10-11T20:30:00Z
5587,3,4,2026-10-11T20:50:00Z,2026-10-11T22:27:00Z
5588,1,4,2026-10-11T22:52:00Z,2026-10-12T00:50:00Z
5589,1,1,2026-10-12T14:00:00Z,2026-10-12T15:58:00Z
5590,6,1,2026-10-12T16:18:00Z,2026-10-12T18:43:00Z
5591,8,1,2026-10-12T19:08:00Z,2026-10-12T20:37:00Z
5592,1,1,2026-10-12T21:07:00Z,2026-10-12T23:05:00Z
5593,5,1,2026-10-12T23:25:00Z,2026-10-13T01:15:00Z
5594,4,2,2026-10-12T14:00:00Z,2026-10-12T15:45:00Z
5595,1,2,2026-10-12T16:15:00Z,2026-10-12T18:13:00Z
5596,1,2,2026-10-12T18:43:00Z,2026-10-12T20:41:00Z
5597,3,2,2026-10-12T21:11:00Z,2026-10-12T22:48:00Z
5598,6,2,2026-10-12T23:08:00Z,2026-10-13T01:33:00Z
5599,4,3,2026-10-12T14:00:00Z,2026-10-12T15:45:00Z
5600,6,3,2026-10-12T16:05:00Z,2026-10-12T18:30:00Z
5601,4,3,2026-10-12T18:50:00Z,2026-10-12T20:35:00Z
5602,3,3,2026-10-12T20:55:00Z,2026-10-12T22:32:00Z
5603,5,3,2026-10-12T22:57:00Z,2026-10-13T00:47:00Z
5604,4,4,2026-10-12T14:00:00Z,2026-10-12T15:45:00Z
5605,6,4,2026-10-12T16:05:00Z,2026-10-12T18:30:00Z
5606,5,4,2026-10-12T19:00:00Z,2026-10-12T20:50:00Z
5607,8,4,2026-10-12T21:15:00Z,2026-10-12T22:44:00Z
5608,7,4,2026-10-12T23:09:00Z,2026-10-13T00:50:00Z
5609,5,1,2026-10-13T14:00:00Z,2026-10-13T15:50:00Z
5610,4,1,2026-10-13T16:10:00Z,2026-10-13T17:55:00Z
5611,5,1,2026-10-13T18:25:00Z,2026-10-13T20:15:00Z
5612,2,1,2026-10-13T20:40:00Z,2026-10-13T22:52:00Z
5613,5,1,2026-10-13T23:22:00Z,2026-10-14T01:12:00Z
5614,4,2,2026-10-13T14:00:00Z,2026-10-13T15:45:00Z
5615,8,2,2026-10-13T16:15:00Z,2026-10-13T17:44:00Z
5616,8,2,2026-10-13T18:09:00Z,2026-10-13T19:38:00Z
5617,5,2,2026-10-13T20:03:00Z,2026-10-13T21:53:00Z
5618,2,2,2026-10-13T22:18:00Z,2026-10-14T00:30:00Z
5619,7,3,2026-10-13T14:00:00Z,2026-10-13T15:41:00Z
5620,4,3,2026-10-13T16:06:00Z,2026-10-13T17:51:00Z
5621,6,3,2026-10-13T18:21:00Z,2026-10-13T20:46:00Z
5622,2,3,2026-10-13T21:11:00Z,2026-10-13T23:23:00Z
5623,3,3,2026-10-13T23:48:00Z,2026-10-14T01:25:00Z
5624,5,4,2026-10-13T14:00:00Z,2026-10-13T15:50:00Z
5625,7,4,2026-10-13T16:20:00Z,2026-10-13T18:01:00Z
5626,6,4,2026-10-13T18:26:00Z,2026-10-13T20:51:00Z
5627,1,4,2026-10-13T21:16:00Z,2026-10-13T23:14:00Z
5628,3,4,2026-10-13T23:34:00Z,2026-10-14T01:11:00Z
5629,7,1,2026-10-14T14:00:00Z,2026-10-14T15:41:00Z
5630,6,1,2026-10-14T16:01:00Z,2026-10-14T18:26:00Z
5631,2,1,2026-10-14T18:46:00Z,2026-10-14T20:58:00Z
5632,6,1,2026-10-14T21:18:00Z,2026-10-14T23:43:00Z
5633,3,2,2026-10-14T14:00:00Z,2026-10-14T15:37:00Z
5634,2,2,2026-10-14T16:02:00Z,2026-10-14T18:14:00Z
5635,6,2,2026-10-14T18:34:00Z,2026-10-14T20:59:00Z
5636,1,2,2026-10-14T21:29:00Z,2026-10-14T23:27:00Z
5637,6,2,2026-10-14T23:57:00Z,2026-10-15T02:22:00Z
5638,8,3,2026-10-14T14:00:00Z,2026-10-14T15:29:00Z
5639,6,3,2026-10-14T15:59:00Z,2026-10-14T18:24:00Z
5640,2,3,2026-10-14T18:44:00Z,2026-10-14T20:56:00Z
5641,5,3,2026-10-14T21:21:00Z,2026-10-14T23:11:00Z
5642,4,3,2026-10-14T23:41:00Z,2026-10-15T01:26:00Z
5643,4,4,2026-10-14T14:00:00Z,2026-10-14T15:45:00Z
5644,5,4,2026-10-14T16:05:00Z,2026-10-14T17:55:00Z
5645,2,4,2026-10-14T18:25:00Z,2026-10-14T20:37:00Z
5646,7,4,2026-10-14T21:07:00Z,2026-10-14T22:48:00Z
5647,7,4,2026-10-14T23:18:00Z,2026-10-15T00:59:00Z
5648,6,1,2026-10-15T14:00:00Z,2026-10-15T16:25:00Z
5649,4,1,2026-10-15T16:45:00Z,2026-10-15T18:30:00Z
5650,8,1,2026-10-15T18:50:00Z,2026-10-15T20:19:00Z
5651,1,1,2026-10-15T20:44:00Z,2026-10-15T22:42:00Z
5652,7,1,2026-10-15T23:07:00Z,2026-10-16T00:48:00Z
5653,2,2,2026-10-15T14:00:00Z,2026-10-15T16:12:00Z
5654,3,2,2026-10-15T16:37:00Z,2026-10-15T18:14:00Z
5655,6,2,2026-10-15T18:44:00Z,2026-10-15T21:09:00Z
5656,7,2,2026-10-15T21:39:00Z,2026-10-15T23:20:00Z
5657,1,2,2026-10-15T23:40:00Z,2026-10-16T01:38:00Z
5658,1,3,2026-10-15T14:00:00Z,2026-10-15T15:58:00Z
5659,1,3,2026-10-15T16:28:00Z,2026-10-15T18:26:00Z
5660,5,3,2026-10-15T18:51:00Z,2026-10-15T20:41:00Z
5661,7,3,2026-10-15T21:01:00Z,2026-10-15T22:42:00Z
5662,1,3,2026-10-15T23:02:00Z,2026-10-16T01:00:00Z
5663,1,4,2026-10-15T14:00:00Z,2026-10-15T15:58:00Z
5664,8,4,2026-10-15T16:18:00Z,2026-10-15T17:47:00Z
5665,7,4,2026-10-15T18:07:00Z,2026-10-15T19:48:00Z
5666,5,4,2026-10-15T20:18:00Z,2026-10-15T22:08:00Z
5667,6,4,2026-10-15T22:33:00Z,2026-10-16T00:58:00Z
5668,7,1,2026-10-16T14:00:00Z,2026-10-16T15:41:00Z
5669,6,1,2026-10-16T16:01:00Z,2026-10-16T18:26:00Z
5670,1,1,2026-10-16T18:51:00Z,2026-10-16T20:49:00Z
5671,5,1,2026-10-16T21:14:00Z,2026-10-16T23:04:00Z
5672,8,1,2026-10-16T23:34:00Z,2026-10-17T01:03:00Z
5673,2,2,2026-10-16T14:00:00Z,2026-10-16T16:12:00Z
5674,2,2,2026-10-16T16:37:00Z,2026-10-16T18:49:00Z
5675,4,2,2026-10-16T19:09:00Z,2026-10-16T20:54:00Z
5676,1,2,2026-10-16T21:14:00Z,2026-10-16T23:12:00Z
5677,2,2,2026-10-16T23:32:00Z,2026-10-17T01:44:00Z
5678,7,3,2026-10-16T14:00:00Z,2026-10-16T15:41:00Z
5679,3,3,2026-10-16T16:01:00Z,2026-10-16T17:38:00Z
5680,4,3,2026-10-16T17:58:00Z,2026-10-16T19:43:00Z
5681,6,3,2026-10-16T20:13:00Z,2026-10-16T22:38:00Z
5682,1,3,2026-10-16T23:08:00Z,2026-10-17T01:06:00Z
5683,1,4,2026-10-16T14:00:00Z,2026-10-16T15:58:00Z
5684,1,4,2026-10-16T16:23:00Z,2026-10-16T18:21:00Z
5685,1,4,2026-10-16T18:41:00Z,2026-10-16T20:39:00Z
5686,2,4,2026-10-16T21:04:00Z,2026-10-16T23:16:00Z
5687,6,4,2026-10-16T23:41:00Z,2026-10-17T02:06:00Z
5688,7,1,2026-10-17T14:00:00Z,2026-10-17T15:41:00Z
5689,3,1,2026-10-17T16:06:00Z,2026-10-17T17:43:00Z
5690,8,1,2026-10-17T18:03:00Z,2026-10-17T19:32:00Z
5691,3,1,2026-10-17T19:52:00Z,2026-10-17T21:29:00Z
5692,3,1,2026-10-17T21:54:00Z,2026-10-17T23:31:00Z
5693,7,2,2026-10-17T14:00:00Z,2026-10-17T15:41:00Z
5694,8,2,2026-10-17T16:11:00Z,2026-10-17T17:40:00Z
5695,2,2,2026-10-17T18:10:00Z,2026-10-17T20:22:00Z
5696,4,2,2026-10-17T20:52:00Z,2026-10-17T22:37:00Z
5697,8,2,2026-10-17T23:07:00Z,2026-10-18T00:36:00Z
5698,8,3,2026-10-17T14:00:00Z,2026-10-17T15:29:00Z
5699,6,3,2026-10-17T15:54:00Z,2026-10-17T18:19:00Z
5700,8,3,2026-10-17T18:49:00Z,2026-10-17T20:18:00Z
5701,2,3,2026-10-17T20:38:00Z,2026-10-17T22:50:00Z
5702,5,3,2026-10-17T23:15:00Z,2026-10-18T01:05:00Z
5703,2,4,2026-10-17T14:00:00Z,2026-10-17T16:12:00Z
5704,4,4,2026-10-17T16:37:00Z,2026-10-17T18:22:00Z
5705,4,4,2026-10-17T18:52:00Z,2026-10-17T20:37:00Z
5706,2,4,2026-10-17T21:07:00Z,2026-10-17T23:19:00Z
5707,8,4,2026-10-17T23:39:00Z,2026-10-18T01:08:00Z
5708,4,1,2026-10-18T14:00:00Z,2026-10-18T15:45:00Z
5709,4,1,2026-10-18T16:05:00Z,2026-10-18T17:50:00Z
5710,7,1,2026-10-18T18:15:00Z,2026-10-18T19:56:00Z
5711,8,1,2026-10-18T20:16:00Z,2026-10-18T21:45:00Z
5712,6,1,2026-10-18T22:05:00Z,2026-10-19T00:30:00Z
5713,6,2,2026-10-18T14:00:00Z,2026-10-18T16:25:00Z
5714,8,2,2026-10-18T16:50:00Z,2026-10-18T18:19:00Z
5715,3,2,2026-10-18T18:49:00Z,2026-10-18T20:26:00Z
5716,2,2,2026-10-18T20:56:00Z,2026-10-18T23:08:00Z
5717,4,2,2026-10-18T23:28:00Z,2026-10-19T01:13:00Z
5718,7,3,2026-10-18T14:00:00Z,2026-10-18T15:41:00Z
5719,4,3,2026-10-18T16:06:00Z,2026-10-18T17:51:00Z
5720,4,3,2026-10-18T18:16:00Z,2026-10-18T20:01:00Z
5721,5,3,2026-10-18T20:21:00Z,2026-10-18T22:11:00Z
5722,3,3,2026-10-18T22:36:00Z,2026-10-19T00:13:00Z
5723,5,4,2026-10-18T14:00:00Z,2026-10-18T15:50:00Z
5724,2,4,2026-10-18T16:20:00Z,2026-10-18T18:32:00Z
5725,8,4,2026-10-18T18:52:00Z,2026-10-18T20:21:00Z
5726,2,4,2026-10-18T20:41:00Z,2026-10-18T22:53:00Z
5727,1,4,2026-10-18T23:13:00Z,2026-10-19T01:11:00Z
5728,3,1,2026-10-19T14:00:00Z,2026-10-19T15:37:00Z
5729,1,1,2026-10-19T16:02:00Z,2026-10-19T18:00:00Z
5730,8,1,2026-10-19T18:25:00Z,2026-10-19T19:54:00Z
5731,5,1,2026-10-19T20:19:00Z,2026-10-19T22:09:00Z
5732,2,1,2026-10-19T22:29:00Z,2026-10-20T00:41:00Z
5733,7,2,2026-10-19T14:00:00Z,2026-10-19T15:41:00Z
5734,3,2,2026-10-19T16:01:00Z,2026-10-19T17:38:00Z
5735,7,2,2026-10-19T18:03:00Z,2026-10-19T19:44:00Z
5736,6,2,2026-10-19T20:14:00Z,2026-10-19T22:39:00Z
5737,8,2,2026-10-19T22:59:00Z,2026-10-20T00:28:00Z
5738,6,3,2026-10-19T14:00:00Z,2026-10-19T16:25:00Z
5739,1,3,2026-10-19T16:45:00Z,2026-10-19T18:43:00Z
5740,7,3,2026-10-19T19:13:00Z,2026-10-19T20:54:00Z
5741,7,3,2026-10-19T21:24:00Z,2026-10-19T23:05:00Z
5742,5,3,2026-10-19T23:25:00Z,2026-10-20T01:15:00Z
5743,7,4,2026-10-19T14:00:00Z,2026-10-19T15:41:00Z
5744,5,4,2026-10-19T16:01:00Z,2026-10-19T17:51:00Z
5745,8,4,2026-10-19T18:21:00Z,2026-10-19T19:50:00Z
5746,7,4,2026-10-19T20:20:00Z,2026-10-19T22:01:00Z
5747,1,4,2026-10-19T22:21:00Z,2026-10-20T00:19:00Z
5748,4,1,2026-10-20T14:00:00Z,2026-10-20T15:45:00Z
5749,4,1,2026-10-20T16:05:00Z,2026-10-20T17:50:00Z
5750,1,1,2026-10-20T18:10:00Z,2026-10-20T20:08:00Z
5751,5,1,2026-10-20T20:28:00Z,2026-10-20T22:18:00Z
5752,2,1,2026-10-20T22:38:00Z,2026-10-21T00:50:00Z
5753,2,2,2026-10-20T14:00:00Z,2026-10-20T16:12:00Z
5754,4,2,2026-10-20T16:37:00Z,2026-10-20T18:22:00Z
5755,7,2,2026-10-20T18:52:00Z,2026-10-20T20:33:00Z
5756,7,2,2026-10-20T20:58:00Z,2026-10-20T22:39:00Z
5757,4,2,2026-10-20T22:59:00Z,2026-10-21T00:44:00Z
5758,5,3,2026-10-20T14:00:00Z,2026-10-20T15:50:00Z
5759,4,3,2026-10-20T16:15:00Z,2026-10-20T18:00:00Z
5760,4,3,2026-10-20T18:20:00Z,2026-10-20T20:05:00Z
5761,5,3,2026-10-20T20:30:00Z,2026-10-20T22:20:00Z
5762,5,3,2026-10-20T22:50:00Z,2026-10-21T00:40:00Z
5763,1,4,2026-10-20T14:00:00Z,2026-10-20T15:58:00Z
5764,3,4,2026-10-20T16:18:00Z,2026-10-20T17:55:00Z
5765,8,4,2026-10-20T18:25:00Z,2026-10-20T19:54:00Z
5766,5,4,2026-10-20T20:24:00Z,2026-10-20T22:14:00Z
5767,4,4,2026-10-20T22:44:00Z,2026-10-21T00:29:00Z
5768,6,1,2026-10-21T14:00:00Z,2026-10-21T16:25:00Z
5769,2,1,2026-10-21T16:55:00Z,2026-10-21T19:07:00Z
5770,3,1,2026-10-21T19:27:00Z,2026-10-21T21:04:00Z
5771,8,1,2026-10-21T21:29:00Z,2026-10-21T22:58:00Z
5772,1,1,2026-10-21T23:18:00Z,2026-10-22T01:16:00Z
5773,8,2,2026-10-21T14:00:00Z,2026-10-21T15:29:00Z
5774,6,2,2026-10-21T15:54:00Z,2026-10-21T18:19:00Z
5775,3,2,2026-10-21T18:39:00Z,2026-10-21T20:16:00Z
5776,2,2,2026-10-21T20:41:00Z,2026-10-21T22:53:00Z
5777,1,2,2026-10-21T23:13:00Z,2026-10-22T01:11:00Z
5778,6,3,2026-10-21T14:00:00Z,2026-10-21T16:25:00Z
5779,1,3,2026-10-21T16:50:00Z,2026-10-21T18:48:00Z
5780,4,3,2026-10-21T19:13:00Z,2026-10-21T20:58:00Z
5781,2,3,2026-10-21T21:23:00Z,2026-10-21T23:35:00Z
5782,1,3,2026-10-21T23:55:00Z,2026-10-22T01:53:00Z
5783,5,4,2026-10-21T14:00:00Z,2026-10-21T15:50:00Z
5784,3,4,2026-10-21T16:10:00Z,2026-10-21T17:47:00Z
5785,2,4,2026-10-21T18:07:00Z,2026-10-21T20:19:00Z
5786,5,4,2026-10-21T20:39:00Z,2026-10-21T22:29:00Z
5787,6,4,2026-10-21T22:59:00Z,2026-10-22T01:24:00Z
5788,8,1,2026-10-22T14:00:00Z,2026-10-22T15:29:00Z
5789,6,1,2026-10-22T15:59:00Z,2026-10-22T18:24:00Z
5790,5,1,2026-10-22T18:54:00Z,2026-10-22T20:44:00Z
5791,8,1,2026-10-22T21:14:00Z,2026-10-22T22:43:00Z
5792,6,1,2026-10-22T23:08:00Z,2026-10-23T01:33:00Z
5793,1,2,2026-10-22T14:00:00Z,2026-10-22T15:58:00Z
5794,5,2,2026-10-22T16:23:00Z,2026-10-22T18:13:00Z
5795,6,2,2026-10-22T18:43:00Z,2026-10-22T21:08:00Z
5796,8,2,2026-10-22T21:38:00Z,2026-10-22T23:07:00Z
5797,5,2,2026-10-22T23:27:00Z,2026-10-23T01:17:00Z
5798,1,3,2026-10-22T14:00:00Z,2026-10-22T15:58:00Z
5799,7,3,2026-10-22T16:18:00Z,2026-10-22T17:59:00Z
5800,3,3,2026-10-22T18:19:00Z,2026-10-22T19:56:00Z
5801,8,3,2026-10-22T20:21:00Z,2026-10-22T21:50:00Z
5802,4,3,2026-10-22T22:10:00Z,2026-10-22T23:55:00Z
5803,7,4,2026-10-22T14:00:00Z,2026-10-22T15:41:00Z
5804,4,4,2026-10-22T16:06:00Z,2026-10-22T17:51:00Z
5805,2,4,2026-10-22T18:21:00Z,2026-10-22T20:33:00Z
5806,7,4,2026-10-22T20:53:00Z,2026-10-22T22:34:00Z
5807,2,4,2026-10-22T23:04:00Z,2026-10-23T01:16:00Z
5808,8,1,2026-10-23T14:00:00Z,2026-10-23T15:29:00Z
5809,3,1,2026-10-23T15:59:00Z,2026-10-23T17:36:00Z
5810,6,1,2026-10-23T18:01:00Z,2026-10-23T20:26:00Z
5811,7,1,2026-10-23T20:51:00Z,2026-10-23T22:32:00Z
5812,7,1,2026-10-23T23:02:00Z,2026-10-24T00:43:00Z
5813,5,2,2026-10-23T14:00:00Z,2026-10-23T15:50:00Z
5814,1,2,2026-10-23T16:10:00Z,2026-10-23T18:08:00Z
5815,6,2,2026-10-23T18:38:00Z,2026-10-23T21:03:00Z
5816,2,2,2026-10-23T21:33:00Z,2026-10-23T23:45:00Z
5817,8,3,2026-10-23T14:00:00Z,2026-10-23T15:29:00Z
5818,6,3,2026-10-23T15:59:00Z,2026-10-23T18:24:00Z
5819,2,3,2026-10-23T18:49:00Z,2026-10-23T21:01:00Z
5820,8,3,2026-10-23T21:21:00Z,2026-10-23T22:50:00Z
5821,3,3,2026-10-23T23:20:00Z,2026-10-24T00:57:00Z
5822,3,4,2026-10-23T14:00:00Z,2026-10-23T15:37:00Z
5823,5,4,2026-10-23T16:07:00Z,2026-10-23T17:57:00Z
5824,3,4,2026-10-23T18:27:00Z,2026-10-23T20:04:00Z
5825,8,4,2026-10-23T20:29:00Z,2026-10-23T21:58:00Z
5826,2,4,2026-10-23T22:23:00Z,2026-10-24T00:35:00Z
5827,1,1,2026-10-24T14:00:00Z,2026-10-24T15:58:00Z
5828,1,1,2026-10-24T16:23:00Z,2026-10-24T18:21:00Z
5829,5,1,2026-10-24T18:41:00Z,2026-10-24T20:31:00Z
5830,2,1,2026-10-24T21:01:00Z,2026-10-24T23:13:00Z
5831,8,1,2026-10-24T23:33:00Z,2026-10-25T01:02:00Z
5832,1,2,2026-10-24T14:00:00Z,2026-10-24T15:58:00Z
5833,6,2,2026-10-24T16:23:00Z,2026-10-24T18:48:00Z
5834,1,2,2026-10-24T19:18:00Z,2026-10-24T21:16:00Z
5835,5,2,2026-10-24T21:36:00Z,2026-10-24T23:26:00Z
5836,6,2,2026-10-24T23:46:00Z,2026-10-25T02:11:00Z
5837,3,3,2026-10-24T14:00:00Z,2026-10-24T15:37:00Z
5838,5,3,2026-10-24T15:57:00Z,2026-10-24T17:47:00Z
5839,4,3,2026-10-24T18:07:00Z,2026-10-24T19:52:00Z
5840,2,3,2026-10-24T20:17:00Z,2026-10-24T22:29:00Z
5841,4,3,2026-10-24T22:54:00Z,2026-10-25T00:39:00Z
5842,8,4,2026-10-24T14:00:00Z,2026-10-24T15:29:00Z
5843,4,4,2026-10-24T15:54:00Z,2026-10-24T17:39:00Z
5844,7,4,2026-10-24T18:09:00Z,2026-10-24T19:50:00Z
5845,7,4,2026-10-24T20:15:00Z,2026-10-24T21:56:00Z
5846,5,4,2026-10-24T22:16:00Z,2026-10-25T00:06:00Z
5847,5,1,2026-10-25T14:00:00Z,2026-10-25T15:50:00Z
5848,7,1,2026-10-25T16:10:00Z,2026-10-25T17:51:00Z
5849,6,1,2026-10-25T18:21:00Z,2026-10-25T20:46:00Z
5850,3,1,2026-10-25T21:16:00Z,2026-10-25T22:53:00Z
5851,4,1,2026-10-25T23:23:00Z,2026-10-26T01:08:00Z
5852,3,2,2026-10-25T14:00:00Z,2026-10-25T15:37:00Z
5853,4,2,2026-10-25T16:02:00Z,2026-10-25T17:47:00Z
5854,5,2,2026-10-25T18:12:00Z,2026-10-25T20:02:00Z
5855,5,2,2026-10-25T20:22:00Z,2026-10-25T22:12:00Z
5856,8,2,2026-10-25T22:42:00Z,2026-10-26T00:11:00Z
5857,3,3,2026-10-25T14:00:00Z,2026-10-25T15:37:00Z
5858,7,3,2026-10-25T16:02:00Z,2026-10-25T17:43:00Z
5859,3,3,2026-10-25T18:03:00Z,2026-10-25T19:40:00Z
5860,8,3,2026-10-25T20:10:00Z,2026-10-25T21:39:00Z
5861,6,3,2026-10-25T22:09:00Z,2026-10-26T00:34:00Z
5862,6,4,2026-10-25T14:00:00Z,2026-10-25T16:25:00Z
5863,6,4,2026-10-25T16:50:00Z,2026-10-25T19:15:00Z
5864,8,4,2026-10-25T19:40:00Z,2026-10-25T21:09:00Z
5865,7,4,2026-10-25T21:34:00Z,2026-10-25T23:15:00Z
5866,1,4,2026-10-25T23:40:00Z,2026-10-26T01:38:00Z
5867,1,1,2026-10-26T14:00:00Z,2026-10-26T15:58:00Z
5868,2,1,2026-10-26T16:23:00Z,2026-10-26T18:35:00Z
5869,5,1,2026-10-26T18:55:00Z,2026-10-26T20:45:00Z
5870,6,1,2026-10-26T21:05:00Z,2026-10-26T23:30:00Z
5871,5,1,2026-10-26T23:50:00Z,2026-10-27T01:40:00Z
5872,7,2,2026-10-26T14:00:00Z,2026-10-26T15:41:00Z
5873,7,2,2026-10-26T16:01:00Z,2026-10-26T17:42:00Z
5874,1,2,2026-10-26T18:12:00Z,2026-10-26T20:10:00Z
5875,8,2,2026-10-26T20:35:00Z,2026-10-26T22:04:00Z
5876,2,2,2026-10-26T22:24:00Z,2026-10-27T00:36:00Z
5877,5,3,2026-10-26T14:00:00Z,2026-10-26T15:50:00Z
5878,2,3,2026-10-26T16:20:00Z,2026-10-26T18:32:00Z
5879,2,3,2026-10-26T18:57:00Z,2026-10-26T21:09:00Z
5880,8,3,2026-10-26T21:34:00Z,2026-10-26T23:03:00Z
5881,6,3,2026-10-26T23:33:00Z,2026-10-27T01:58:00Z
5882,2,4,2026-10-26T14:00:00Z,2026-10-26T16:12:00Z
5883,1,4,2026-10-26T16:42:00Z,2026-10-26T18:40:00Z
5884,4,4,2026-10-26T19:10:00Z,2026-10-26T20:55:00Z
5885,3,4,2026-10-26T21:25:00Z,2026-10-26T23:02:00Z
5886,8,4,2026-10-26T23:32:00Z,2026-10-27T01:01:00Z
5887,4,1,2026-10-27T14:00:00Z,2026-10-27T15:45:00Z
5888,3,1,2026-10-27T16:15:00Z,2026-10-27T17:52:00Z
5889,5,1,2026-10-27T18:17:00Z,2026-10-27T20:07:00Z
5890,1,1,2026-10-27T20:37:00Z,2026-10-27T22:35:00Z
5891,4,1,2026-10-27T23:00:00Z,2026-10-28T00:45:00Z
5892,2,2,2026-10-27T14:00:00Z,2026-10-27T16:12:00Z
5893,3,2,2026-10-27T16:32:00Z,2026-10-27T18:09:00Z
5894,2,2,2026-10-27T18:39:00Z,2026-10-27T20:51:00Z
5895,2,2,2026-10-27T21:21:00Z,2026-10-27T23:33:00Z
5896,4,2,2026-10-27T23:53:00Z,2026-10-28T01:38:00Z
5897,8,3,2026-10-27T14:00:00Z,2026-10-27T15:29:00Z
5898,8,3,2026-10-27T15:49:00Z,2026-10-27T17:18:00Z
5899,1,3,2026-10-27T17:43:00Z,2026-10-27T19:41:00Z
5900,5,3,2026-10-27T20:01:00Z,2026-10-27T21:51:00Z
5901,8,3,2026-10-27T22:16:00Z,2026-10-27T23:45:00Z
5902,4,4,2026-10-27T14:00:00Z,2026-10-27T15:45:00Z
5903,5,4,2026-10-27T16:15:00Z,2026-10-27T18:05:00Z
5904,8,4,2026-10-27T18:35:00Z,2026-10-27T20:04:00Z
5905,2,4,2026-10-27T20:34:00Z,2026-10-27T22:46:00Z
5906,3,4,2026-10-27T23:11:00Z,2026-10-28T00:48:00Z
5907,1,1,2026-10-28T14:00:00Z,2026-10-28T15:58:00Z
5908,3,1,2026-10-28T16:18:00Z,2026-10-28T17:55:00Z
5909,4,1,2026-10-28T18:25:00Z,2026-10-28T20:10:00Z
5910,4,1,2026-10-28T20:30:00Z,2026-10-28T22:15:00Z
5911,8,1,2026-10-28T22:40:00Z,2026-10-29T00:09:00Z
5912,5,2,2026-10-28T14:00:00Z,2026-10-28T15:50:00Z
5913,2,2,2026-10-28T16:20:00Z,2026-10-28T18:32:00Z
5914,8,2,2026-10-28T19:02:00Z,2026-10-28T20:31:00Z
5915,5,2,2026-10-28T20:56:00Z,2026-10-28T22:46:00Z
5916,7,2,2026-10-28T23:11:00Z,2026-10-29T00:52:00Z
5917,2,3,2026-10-28T14:00:00Z,2026-10-28T16:12:00Z
5918,7,3,2026-10-28T16:37:00Z,2026-10-28T18:18:00Z
5919,3,3,2026-10-28T18:43:00Z,2026-10-28T20:20:00Z
5920,5,3,2026-10-28T20:40:00Z,2026-10-28T22:30:00Z
5921,2,3,2026-10-28T22:55:00Z,2026-10-29T01:07:00Z
5922,7,4,2026-10-28T14:00:00Z,2026-10-28T15:41:00Z
5923,5,4,2026-10-28T16:01:00Z,2026-10-28T17:51:00Z
5924,8,4,2026-10-28T18:11:00Z,2026-10-28T19:40:00Z
5925,6,4,2026-10-28T20:00:00Z,2026-10-28T22:25:00Z
5926,8,4,2026-10-28T22:45:00Z,2026-10-29T00:14:00Z
5927,8,1,2026-10-29T14:00:00Z,2026-10-29T15:29:00Z
5928,1,1,2026-10-29T15:54:00Z,2026-10-29T17:52:00Z
5929,6,1,2026-10-29T18:12:00Z,2026-10-29T20:37:00Z
5930,4,1,2026-10-29T21:07:00Z,2026-10-29T22:52:00Z
5931,7,1,2026-10-29T23:17:00Z,2026-10-30T00:58:00Z
5932,2,2,2026-10-29T14:00:00Z,2026-10-29T16:12:00Z
5933,3,2,2026-10-29T16:32:00Z,2026-10-29T18:09:00Z
5934,6,2,2026-10-29T18:34:00Z,2026-10-29T20:59:00Z
5935,3,2,2026-10-29T21:24:00Z,2026-10-29T23:01:00Z
5936,5,2,2026-10-29T23:26:00Z,2026-10-30T01:16:00Z
5937,2,3,2026-10-29T14:00:00Z,2026-10-29T16:12:00Z
5938,8,3,2026-10-29T16:42:00Z,2026-10-29T18:11:00Z
5939,8,3,2026-10-29T18:36:00Z,2026-10-29T20:05:00Z
5940,3,3,2026-10-29T20:35:00Z,2026-10-29T22:12:00Z
5941,5,3,2026-10-29T22:42:00Z,2026-10-30T00:32:00Z
5942,6,4,2026-10-29T14:00:00Z,2026-10-29T16:25:00Z
5943,6,4,2026-10-29T16:55:00Z,2026-10-29T19:20:00Z
5944,7,4,2026-10-29T19:50:00Z,2026-10-29T21:31:00Z
5945,1,4,2026-10-29T21:51:00Z,2026-10-29T23:49:00Z
5946,3,1,2026-10-30T14:00:00Z,2026-10-30T15:37:00Z
5947,2,1,2026-10-30T15:57:00Z,2026-10-30T18:09:00Z
5948,2,1,2026-10-30T18:39:00Z,2026-10-30T20:51:00Z
5949,8,1,2026-10-30T21:16:00Z,2026-10-30T22:45:00Z
5950,4,1,2026-10-30T23:10:00Z,2026-10-31T00:55:00Z
5951,4,2,2026-10-30T14:00:00Z,2026-10-30T15:45:00Z
5952,3,2,2026-10-30T16:05:00Z,2026-10-30T17:42:00Z
5953,7,2,2026-10-30T18:12:00Z,2026-10-30T19:53:00Z
5954,2,2,2026-10-30T20:18:00Z,2026-10-30T22:30:00Z
5955,5,2,2026-10-30T22:50:00Z,2026-10-31T00:40:00Z
5956,1,3,2026-10-30T14:00:00Z,2026-10-30T15:58:00Z
5957,2,3,2026-10-30T16:28:00Z,2026-10-30T18:40:00Z
5958,6,3,2026-10-30T19:05:00Z,2026-10-30T21:30:00Z
5959,1,3,2026-10-30T22:00:00Z,2026-10-30T23:58:00Z
5960,6,4,2026-10-30T14:00:00Z,2026-10-30T16:25:00Z
5961,8,4,2026-10-30T16:45:00Z,2026-10-30T18:14:00Z
5962,3,4,2026-10-30T18:39:00Z,2026-10-30T20:16:00Z
5963,4,4,2026-10-30T20:46:00Z,2026-10-30T22:31:00Z
5964,5,4,2026-10-30T22:51:00Z,2026-10-31T00:41:00Z
5965,8,1,2026-10-31T14:00:00Z,2026-10-31T15:29:00Z
5966,5,1,2026-10-31T15:59:00Z,2026-10-31T17:49:00Z
5967,4,1,2026-10-31T18:09:00Z,2026-10-31T19:54:00Z
5968,3,1,2026-10-31T20:24:00Z,2026-10-31T22:01:00Z
5969,4,1,2026-10-31T22:26:00Z,2026-11-01T00:11:00Z
5970,1,2,2026-10-31T14:00:00Z,2026-10-31T15:58:00Z
5971,2,2,2026-10-31T16:28:00Z,2026-10-31T18:40:00Z
5972,1,2,2026-10-31T19:00:00Z,2026-10-31T20:58:00Z
5973,1,2,2026-10-31T21:18:00Z,2026-10-31T23:16:00Z
5974,7,2,2026-10-31T23:41:00Z,2026-11-01T01:22:00Z
5975,2,3,2026-10-31T14:00:00Z,2026-10-31T16:12:00Z
5976,3,3,2026-10-31T16:37:00Z,2026-10-31T18:14:00Z
5977,8,3,2026-10-31T18:44:00Z,2026-10-31T20:13:00Z
5978,4,3,2026-10-31T20:33:00Z,2026-10-31T22:18:00Z
5979,8,3,2026-10-31T22:48:00Z,2026-11-01T00:17:00Z
5980,6,4,2026-10-31T14:00:00Z,2026-10-31T16:25:00Z
5981,3,4,2026-10-31T16:50:00Z,2026-10-31T18:27:00Z
5982,8,4,2026-10-31T18:47:00Z,2026-10-31T20:16:00Z
5983,7,4,2026-10-31T20:41:00Z,2026-10-31T22:22:00Z
5984,2,4,2026-10-31T22:42:00Z,2026-11-01T00:54:00Z
5985,5,1,2026-11-01T14:00:00Z,2026-11-01T15:50:00Z
5986,2,1,2026-11-01T16:10:00Z,2026-11-01T18:22:00Z
5987,4,1,2026-11-01T18:47:00Z,2026-11-01T20:32:00Z
5988,6,1,2026-11-01T20:52:00Z,2026-11-01T23:17:00Z
5989,4,1,2026-11-01T23:37:00Z,2026-11-02T01:22:00Z
5990,5,2,2026-11-01T14:00:00Z,2026-11-01T15:50:00Z
5991,6,2,2026-11-01T16:15:00Z,2026-11-01T18:40:00Z
5992,3,2,2026-11-01T19:00:00Z,2026-11-01T20:37:00Z
5993,2,2,2026-11-01T21:02:00Z,2026-11-01T23:14:00Z
5994,4,2,2026-11-01T23:44:00Z,2026-11-02T01:29:00Z
5995,5,3,2026-11-01T14:00:00Z,2026-11-01T15:50:00Z
5996,1,3,2026-11-01T16:15:00Z,2026-11-01T18:13:00Z
5997,2,3,2026-11-01T18:43:00Z,2026-11-01T20:55:00Z
5998,8,3,2026-11-01T21:25:00Z,2026-11-01T22:54:00Z
5999,1,3,2026-11-01T23:19:00Z,2026-11-02T01:17:00Z
6000,6,4,2026-11-01T14:00:00Z,2026-11-01T16:25:00Z
6001,5,4,2026-11-01T16:50:00Z,2026-11-01T18:40:00Z
6002,6,4,2026-11-01T19:00:00Z,2026-11-01T21:25:00Z
6003,3,4,2026-11-01T21:45:00Z,2026-11-01T23:22:00Z
6004,6,4,2026-11-01T23:42:00Z,2026-11-02T02:07:00Z
6005,1,1,2026-11-02T14:00:00Z,2026-11-02T15:58:00Z
6006,8,1,2026-11-02T16:18:00Z,2026-11-02T17:47:00Z
6007,1,1,2026-11-02T18:07:00Z,2026-11-02T20:05:00Z
6008,2,1,2026-11-02T20:30:00Z,2026-11-02T22:42:00Z
6009,2,1,2026-11-02T23:07:00Z,2026-11-03T01:19:00Z
6010,8,2,2026-11-02T14:00:00Z,2026-11-02T15:29:00Z
6011,5,2,2026-11-02T15:49:00Z,2026-11-02T17:39:00Z
6012,1,2,2026-11-02T18:09:00Z,2026-11-02T20:07:00Z
6013,1,2,2026-11-02T20:27:00Z,2026-11-02T22:25:00Z
6014,4,2,2026-11-02T22:50:00Z,2026-11-03T00:35:00Z
6015,6,3,2026-11-02T14:00:00Z,2026-11-02T16:25:00Z
6016,8,3,2026-11-02T16:50:00Z,2026-11-02T18:19:00Z
6017,4,3,2026-11-02T18:44:00Z,2026-11-02T20:29:00Z
6018,1,3,2026-11-02T20:49:00Z,2026-11-02T22:47:00Z
6019,4,3,2026-11-02T23:07:00Z,2026-11-03T00:52:00Z
6020,7,4,2026-11-02T14:00:00Z,2026-11-02T15:41:00Z
6021,1,4,2026-11-02T16:11:00Z,2026-11-02T18:09:00Z
6022,8,4,2026-11-02T18:39:00Z,2026-11-02T20:08:00Z
6023,7,4,2026-11-02T20:28:00Z,2026-11-02T22:09:00Z
6024,3,4,2026-11-02T22:34:00Z,2026-11-03T00:11:00Z
6025,7,1,2026-11-03T14:00:00Z,2026-11-03T15:41:00Z
6026,3,1,2026-11-03T16:11:00Z,2026-11-03T17:48:00Z
6027,8,1,2026-11-03T18:08:00Z,2026-11-03T19:37:00Z
6028,6,1,2026-11-03T19:57:00Z,2026-11-03T22:22:00Z
6029,4,1,2026-11-03T22:47:00Z,2026-11-04T00:32:00Z
6030,7,2,2026-11-03T14:00:00Z,2026-11-03T15:41:00Z
6031,4,2,2026-11-03T16:01:00Z,2026-11-03T17:46:00Z
6032,2,2,2026-11-03T18:06:00Z,2026-11-03T20:18:00Z
6033,1,2,2026-11-03T20:48:00Z,2026-11-03T22:46:00Z
6034,7,2,2026-11-03T23:06:00Z,2026-11-04T00:47:00Z
6035,1,3,2026-11-03T14:00:00Z,2026-11-03T15:58:00Z
6036,4,3,2026-11-03T16:18:00Z,2026-11-03T18:03:00Z
6037,2,3,2026-11-03T18:23:00Z,2026-11-03T20:35:00Z
6038,3,3,2026-11-03T20:55:00Z,2026-11-03T22:32:00Z
6039,3,3,2026-11-03T22:57:00Z,2026-11-04T00:34:00Z
6040,1,4,2026-11-03T14:00:00Z,2026-11-03T15:58:00Z
6041,6,4,2026-11-03T16:23:00Z,2026-11-03T18:48:00Z
6042,4,4,2026-11-03T19:18:00Z,2026-11-03T21:03:00Z
6043,3,4,2026-11-03T21:28:00Z,2026-11-03T23:05:00Z
6044,7,4,2026-11-03T23:35:00Z,2026-11-04T01:16:00Z
6045,2,1,2026-11-04T14:00:00Z,2026-11-04T16:12:00Z
6046,2,1,2026-11-04T16:42:00Z,2026-11-04T18:54:00Z
6047,5,1,2026-11-04T19:14:00Z,2026-11-04T21:04:00Z
6048,4,1,2026-11-04T21:34:00Z,2026-11-04T23:19:00Z
6049,6,1,2026-11-04T23:44:00Z,2026-11-05T02:09:00Z
6050,8,2,2026-11-04T14:00:00Z,2026-11-04T15:29:00Z
6051,5,2,2026-11-04T15:59:00Z,2026-11-04T17:49:00Z
6052,5,2,2026-11-04T18:14:00Z,2026-11-04T20:04:00Z
6053,4,2,2026-11-04T20:34:00Z,2026-11-04T22:19:00Z
6054,5,2,2026-11-04T22:49:00Z,2026-11-05T00:39:00Z
6055,2,3,2026-11-04T14:00:00Z,2026-11-04T16:12:00Z
6056,6,3,2026-11-04T16:32:00Z,2026-11-04T18:57:00Z
6057,8,3,2026-11-04T19:22:00Z,2026-11-04T20:51:00Z
6058,2,3,2026-11-04T21:16:00Z,2026-11-04T23:28:00Z
6059,3,3,2026-11-04T23:48:00Z,2026-11-05T01:25:00Z
6060,4,4,2026-11-04T14:00:00Z,2026-11-04T15:45:00Z
6061,4,4,2026-11-04T16:10:00Z,2026-11-04T17:55:00Z
6062,6,4,2026-11-04T18:15:00Z,2026-11-04T20:40:00Z
6063,3,4,2026-11-04T21:10:00Z,2026-11-04T22:47:00Z
6064,4,4,2026-11-04T23:07:00Z,2026-11-05T00:52:00Z
6065,8,1,2026-11-05T14:00:00Z,2026-11-05T15:29:00Z
6066,8,1,2026-11-05T15:59:00Z,2026-11-05T17:28:00Z
6067,1,1,2026-11-05T17:48:00Z,2026-11-05T19:46:00Z
6068,1,1,2026-11-05T20:11:00Z,2026-11-05T22:09:00Z
6069,5,1,2026-11-05T22:34:00Z,2026-11-06T00:24:00Z
6070,7,2,2026-11-05T14:00:00Z,2026-11-05T15:41:00Z
6071,2,2,2026-11-05T16:06:00Z,2026-11-05T18:18:00Z
6072,5,2,2026-11-05T18:38:00Z,2026-11-05T20:28:00Z
6073,7,2,2026-11-05T20:58:00Z,2026-11-05T22:39:00Z
6074,1,2,2026-11-05T23:04:00Z,2026-11-06T01:02:00Z
6075,7,3,2026-11-05T14:00:00Z,2026-11-05T15:41:00Z
6076,1,3,2026-11-05T16:06:00Z,2026-11-05T18:04:00Z
6077,4,3,2026-11-05T18:24:00Z,2026-11-05T20:09:00Z
6078,3,3,2026-11-05T20:34:00Z,2026-11-05T22:11:00Z
6079,7,3,2026-11-05T22:41:00Z,2026-11-06T00:22:00Z
6080,1,4,2026-11-05T14:00:00Z,2026-11-05T15:58:00Z
6081,5,4,2026-11-05T16:28:00Z,2026-11-05T18:18:00Z
6082,6,4,2026-11-05T18:38:00Z,2026-11-05T21:03:00Z
6083,6,4,2026-11-05T21:23:00Z,2026-11-05T23:48:00Z
6084,4,1,2026-11-06T14:00:00Z,2026-11-06T15:45:00Z
6085,6,1,2026-11-06T16:05:00Z,2026-11-06T18:30:00Z
6086,7,1,2026-11-06T19:00:00Z,2026-11-06T20:41:00Z
6087,1,1,2026-11-06T21:06:00Z,2026-11-06T23:04:00Z
6088,7,1,2026-11-06T23:24:00Z,2026-11-07T01:05:00Z
6089,5,2,2026-11-06T14:00:00Z,2026-11-06T15:50:00Z
6090,8,2,2026-11-06T16:20:00Z,2026-11-06T17:49:00Z
6091,5,2,2026-11-06T18:14:00Z,2026-11-06T20:04:00Z
6092,7,2,2026-11-06T20:24:00Z,2026-11-06T22:05:00Z
6093,4,2,2026-11-06T22:30:00Z,2026-11-07T00:15:00Z
6094,1,3,2026-11-06T14:00:00Z,2026-11-06T15:58:00Z
6095,5,3,2026-11-06T16:23:00Z,2026-11-06T18:13:00Z
6096,4,3,2026-11-06T18:33:00Z,2026-11-06T20:18:00Z
6097,5,3,2026-11-06T20:48:00Z,2026-11-06T22:38:00Z
6098,7,3,2026-11-06T23:03:00Z,2026-11-07T00:44:00Z
6099,5,4,2026-11-06T14:00:00Z,2026-11-06T15:50:00Z
6100,5,4,2026-11-06T16:15:00Z,2026-11-06T18:05:00Z
6101,5,4,2026-11-06T18:35:00Z,2026-11-06T20:25:00Z
6102,1,4,2026-11-06T20:55:00Z,2026-11-06T22:53:00Z
6103,5,4,2026-11-06T23:13:00Z,2026-11-07T01:03:00Z
6104,6,1,2026-11-07T14:00:00Z,2026-11-07T16:25:00Z
6105,3,1,2026-11-07T16:50:00Z,2026-11-07T18:27:00Z
6106,8,1,2026-11-07T18:52:00Z,2026-11-07T20:21:00Z
6107,8,1,2026-11-07T20:41:00Z,2026-11-07T22:10:00Z
6108,8,1,2026-11-07T22:30:00Z,2026-11-07T23:59:00Z
6109,6,2,2026-11-07T14:00:00Z,2026-11-07T16:25:00Z
6110,4,2,2026-11-07T16:50:00Z,2026-11-07T18:35:00Z
6111,1,2,2026-11-07T19:00:00Z,2026-11-07T20:58:00Z
6112,2,2,2026-11-07T21:28:00Z,2026-11-07T23:40:00Z
6113,6,3,2026-11-07T14:00:00Z,2026-11-07T16:25:00Z
6114,8,3,2026-11-07T16:45:00Z,2026-11-07T18:14:00Z
6115,5,3,2026-11-07T18:34:00Z,2026-11-07T20:24:00Z
6116,5,3,2026-11-07T20:49:00Z,2026-11-07T22:39:00Z
6117,3,3,2026-11-07T23:04:00Z,2026-11-08T00:41:00Z
6118,3,4,2026-11-07T14:00:00Z,2026-11-07T15:37:00Z
6119,1,4,2026-11-07T15:57:00Z,2026-11-07T17:55:00Z
6120,2,4,2026-11-07T18:15:00Z,2026-11-07T20:27:00Z
6121,1,4,2026-11-07T20:57:00Z,2026-11-07T22:55:00Z
6122,8,4,2026-11-07T23:15:00Z,2026-11-08T00:44:00Z
6123,6,1,2026-11-08T14:00:00Z,2026-11-08T16:25:00Z
6124,4,1,2026-11-08T16:45:00Z,2026-11-08T18:30:00Z
6125,5,1,2026-11-08T18:50:00Z,2026-11-08T20:40:00Z
6126,1,1,2026-11-08T21:05:00Z,2026-11-08T23:03:00Z
6127,6,1,2026-11-08T23:33:00Z,2026-11-09T01:58:00Z
6128,1,2,2026-11-08T14:00:00Z,2026-11-08T15:58:00Z
6129,4,2,2026-11-08T16:28:00Z,2026-11-08T18:13:00Z
6130,2,2,2026-11-08T18:38:00Z,2026-11-08T20:50:00Z
6131,8,2,2026-11-08T21:10:00Z,2026-11-08T22:39:00Z
6132,2,2,2026-11-08T22:59:00Z,2026-11-09T01:11:00Z
6133,4,3,2026-11-08T14:00:00Z,2026-11-08T15:45:00Z
6134,6,3,2026-11-08T16:10:00Z,2026-11-08T18:35:00Z
6135,7,3,2026-11-08T19:05:00Z,2026-11-08T20:46:00Z
6136,7,3,2026-11-08T21:06:00Z,2026-11-08T22:47:00Z
6137,3,3,2026-11-08T23:12:00Z,2026-11-09T00:49:00Z
6138,6,4,2026-11-08T14:00:00Z,2026-11-08T16:25:00Z
6139,6,4,2026-11-08T16:55:00Z,2026-11-08T19:20:00Z
6140,7,4,2026-11-08T19:45:00Z,2026-11-08T21:26:00Z
6141,6,4,2026-11-08T21:56:00Z,2026-11-09T00:21:00Z
6142,5,1,2026-11-09T14:00:00Z,2026-11-09T15:50:00Z
6143,1,1,2026-11-09T16:20:00Z,2026-11-09T18:18:00Z
6144,6,1,2026-11-09T18:38:00Z,2026-11-09T21:03:00Z
6145,5,1,2026-11-09T21:23:00Z,2026-11-09T23:13:00Z
6146,1,1,2026-11-09T23:33:00Z,2026-11-10T01:31:00Z
6147,4,2,2026-11-09T14:00:00Z,2026-11-09T15:45:00Z
6148,6,2,2026-11-09T16:10:00Z,2026-11-09T18:35:00Z
6149,7,2,2026-11-09T18:55:00Z,2026-11-09T20:36:00Z
6150,1,2,2026-11-09T21:06:00Z,2026-11-09T23:04:00Z
6151,3,2,2026-11-09T23:34:00Z,2026-11-10T01:11:00Z
6152,2,3,2026-11-09T14:00:00Z,2026-11-09T16:12:00Z
6153,4,3,2026-11-09T16:32:00Z,2026-11-09T18:17:00Z
6154,7,3,2026-11-09T18:47:00Z,2026-11-09T20:28:00Z
6155,2,3,2026-11-09T20:58:00Z,2026-11-09T23:10:00Z
6156,1,3,2026-11-09T23:40:00Z,2026-11-10T01:38:00Z
6157,8,4,2026-11-09T14:00:00Z,2026-11-09T15:29:00Z
6158,8,4,2026-11-09T15:59:00Z,2026-11-09T17:28:00Z
6159,5,4,2026-11-09T17:53:00Z,2026-11-09T19:43:00Z
6160,5,4,2026-11-09T20:03:00Z,2026-11-09T21:53:00Z
6161,6,4,2026-11-09T22:13:00Z,2026-11-10T00:38:00Z
6162,6,1,2026-11-10T14:00:00Z,2026-11-10T16:25:00Z
6163,8,1,2026-11-10T16:45:00Z,2026-11-10T18:14:00Z
6164,2,1,2026-11-10T18:39:00Z,2026-11-10T20:51:00Z
6165,4,1,2026-11-10T21:21:00Z,2026-11-10T23:06:00Z
6166,7,1,2026-11-10T23:31:00Z,2026-11-11T01:12:00Z
6167,2,2,2026-11-10T14:00:00Z,2026-11-10T16:12:00Z
6168,2,2,2026-11-10T16:37:00Z,2026-11-10T18:49:00Z
6169,8,2,2026-11-10T19:14:00Z,2026-11-10T20:43:00Z
6170,4,2,2026-11-10T21:13:00Z,2026-11-10T22:58:00Z
6171,7,2,2026-11-10T23:23:00Z,2026-11-11T01:04:00Z
6172,3,3,2026-11-10T14:00:00Z,2026-11-10T15:37:00Z
6173,4,3,2026-11-10T16:07:00Z,2026-11-10T17:52:00Z
6174,3,3,2026-11-10T18:17:00Z,2026-11-10T19:54:00Z
6175,5,3,2026-11-10T20:24:00Z,2026-11-10T22:14:00Z
6176,6,3,2026-11-10T22:39:00Z,2026-11-11T01:04:00Z
6177,2,4,2026-11-10T14:00:00Z,2026-11-10T16:12:00Z
6178,7,4,2026-11-10T16:32:00Z,2026-11-10T18:13:00Z
6179,3,4,2026-11-10T18:38:00Z,2026-11-10T20:15:00Z
6180,8,4,2026-11-10T20:45:00Z,2026-11-10T22:14:00Z
6181,4,4,2026-11-10T22:44:00Z,2026-11-11T00:29:00Z
6182,8,1,2026-11-11T14:00:00Z,2026-11-11T15:29:00Z
6183,3,1,2026-11-11T15:49:00Z,2026-11-11T17:26:00Z
6184,7,1,2026-11-11T17:46:00Z,2026-11-11T19:27:00Z
6185,8,1,2026-11-11T19:52:00Z,2026-11-11T21:21:00Z
6186,2,1,2026-11-11T21:51:00Z,2026-11-12T00:03:00Z
6187,1,2,2026-11-11T14:00:00Z,2026-11-11T15:58:00Z
6188,1,2,2026-11-11T16:23:00Z,2026-11-11T18:21:00Z
6189,3,2,2026-11-11T18:51:00Z,2026-11-11T20:28:00Z
6190,3,2,2026-11-11T20:48:00Z,2026-11-11T22:25:00Z
6191,7,2,2026-11-11T22:55:00Z,2026-11-12T00:36:00Z
6192,6,3,2026-11-11T14:00:00Z,2026-11-11T16:25:00Z
6193,7,3,2026-11-11T16:45:00Z,2026-11-11T18:26:00Z
6194,4,3,2026-11-11T18:56:00Z,2026-11-11T20:41:00Z
6195,5,3,2026-11-11T21:11:00Z,2026-11-11T23:01:00Z
6196,6,3,2026-11-11T23:21:00Z,2026-11-12T01:46:00Z
6197,2,4,2026-11-11T14:00:00Z,2026-11-11T16:12:00Z
6198,1,4,2026-11-11T16:42:00Z,2026-11-11T18:40:00Z
6199,6,4,2026-11-11T19:00:00Z,2026-11-11T21:25:00Z
6200,7,4,2026-11-11T21:50:00Z,2026-11-11T23:31:00Z
6201,8,1,2026-11-12T14:00:00Z,2026-11-12T15:29:00Z
6202,7,1,2026-11-12T15:59:00Z,2026-11-12T17:40:00Z
6203,8,1,2026-11-12T18:05:00Z,2026-11-12T19:34:00Z
6204,3,1,2026-11-12T20:04:00Z,2026-11-12T21:41:00Z
6205,3,1,2026-11-12T22:11:00Z,2026-11-12T23:48:00Z
6206,2,2,2026-11-12T14:00:00Z,2026-11-12T16:12:00Z
6207,1,2,2026-11-12T16:32:00Z,2026-11-12T18:30:00Z
6208,6,2,2026-11-12T19:00:00Z,2026-11-12T21:25:00Z
6209,8,2,2026-11-12T21:55:00Z,2026-11-12T23:24:00Z
6210,6,2,2026-11-12T23:49:00Z,2026-11-13T02:14:00Z
6211,3,3,2026-11-12T14:00:00Z,2026-11-12T15:37:00Z
6212,5,3,2026-11-12T16:07:00Z,2026-11-12T17:57:00Z
6213,4,3,2026-11-12T18:17:00Z,2026-11-12T20:02:00Z
6214,8,3,2026-11-12T20:27:00Z,2026-11-12T21:56:00Z
6215,1,3,2026-11-12T22:21:00Z,2026-11-13T00:19:00Z
6216,7,4,2026-11-12T14:00:00Z,2026-11-12T15:41:00Z
6217,6,4,2026-11-12T16:06:00Z,2026-11-12T18:31:00Z
6218,6,4,2026-11-12T18:56:00Z,2026-11-12T21:21:00Z
6219,3,4,2026-11-12T21:41:00Z,2026-11-12T23:18:00Z
6220,4,4,2026-11-12T23:38:00Z,2026-11-13T01:23:00Z
6221,5,1,2026-11-13T14:00:00Z,2026-11-13T15:50:00Z
6222,6,1,2026-11-13T16:20:00Z,2026-11-13T18:45:00Z
6223,6,1,2026-11-13T19:05:00Z,2026-11-13T21:30:00Z
6224,3,1,2026-11-13T21:55:00Z,2026-11-13T23:32:00Z
6225,5,1,2026-11-13T23:52:00Z,2026-11-14T01:42:00Z
6226,8,2,2026-11-13T14:00:00Z,2026-11-13T15:29:00Z
6227,4,2,2026-11-13T15:54:00Z,2026-11-13T17:39:00Z
6228,5,2,2026-11-13T17:59:00Z,2026-11-13T19:49:00Z
6229,2,2,2026-11-13T20:14:00Z,2026-11-13T22:26:00Z
6230,5,2,2026-11-13T22:46:00Z,2026-11-14T00:36:00Z
6231,2,3,2026-11-13T14:00:00Z,2026-11-13T16:12:00Z
6232,3,3,2026-11-13T16:32:00Z,2026-11-13T18:09:00Z
6233,1,3,2026-11-13T18:29:00Z,2026-11-13T20:27:00Z
6234,4,3,2026-11-13T20:57:00Z,2026-11-13T22:42:00Z
6235,8,3,2026-11-13T23:02:00Z,2026-11-14T00:31:00Z
6236,6,4,2026-11-13T14:00:00Z,2026-11-13T16:25:00Z
6237,5,4,2026-11-13T16:45:00Z,2026-11-13T18:35:00Z
6238,7,4,2026-11-13T19:05:00Z,2026-11-13T20:46:00Z
6239,8,4,2026-11-13T21:16:00Z,2026-11-13T22:45:00Z
6240,3,4,2026-11-13T23:15:00Z,2026-11-14T00:52:00Z
6241,5,1,2026-11-14T14:00:00Z,2026-11-14T15:50:00Z
6242,2,1,2026-11-14T16:10:00Z,2026-11-14T18:22:00Z
6243,7,1,2026-11-14T18:47:00Z,2026-11-14T20:28:00Z
6244,5,1,2026-11-14T20:53:00Z,2026-11-14T22:43:00Z
6245,3,1,2026-11-14T23:03:00Z,2026-11-15T00:40:00Z
6246,2,2,2026-11-14T14:00:00Z,2026-11-14T16:12:00Z
6247,2,2,2026-11-14T16:37:00Z,2026-11-14T18:49:00Z
6248,4,2,2026-11-14T19:19:00Z,2026-11-14T21:04:00Z
6249,2,2,2026-11-14T21:34:00Z,2026-11-14T23:46:00Z
6250,3,3,2026-11-14T14:00:00Z,2026-11-14T15:37:00Z
6251,6,3,2026-11-14T16:07:00Z,2026-11-14T18:32:00Z
6252,8,3,2026-11-14T18:57:00Z,2026-11-14T20:26:00Z
6253,2,3,2026-11-14T20:56:00Z,2026-11-14T23:08:00Z
6254,6,3,2026-11-14T23:38:00Z,2026-11-15T02:03:00Z
6255,7,4,2026-11-14T14:00:00Z,2026-11-14T15:41:00Z
6256,6,4,2026-11-14T16:01:00Z,2026-11-14T18:26:00Z
6257,1,4,2026-11-14T18:46:00Z,2026-11-14T20:44:00Z
6258,1,4,2026-11-14T21:14:00Z,2026-11-14T23:12:00Z
6259,3,4,2026-11-14T23:32:00Z,2026-11-15T01:09:00Z
6260,7,1,2026-11-15T14:00:00Z,2026-11-15T15:41:00Z
6261,4,1,2026-11-15T16:01:00Z,2026-11-15T17:46:00Z
6262,8,1,2026-11-15T18:11:00Z,2026-11-15T19:40:00Z
6263,8,1,2026-11-15T20:00:00Z,2026-11-15T21:29:00Z
6264,8,1,2026-11-15T21:49:00Z,2026-11-15T23:18:00Z
6265,3,1,2026-11-15T23:43:00Z,2026-11-16T01:20:00Z
6266,2,2,2026-11-15T14:00:00Z,2026-11-15T16:12:00Z
6267,4,2,2026-11-15T16:42:00Z,2026-11-15T18:27:00Z
6268,7,2,2026-11-15T18:47:00Z,2026-11-15T20:28:00Z
6269,8,2,2026-11-15T20:48:00Z,2026-11-15T22:17:00Z
6270,4,2,2026-11-15T22:47:00Z,2026-11-16T00:32:00Z
6271,3,3,2026-11-15T14:00:00Z,2026-11-15T15:37:00Z
6272,7,3,2026-11-15T15:57:00Z,2026-11-15T17:38:00Z
6273,5,3,2026-11-15T18:08:00Z,2026-11-15T19:58:00Z
6274,7,3,2026-11-15T20:28:00Z,2026-11-15T22:09:00Z
6275,4,3,2026-11-15T22:39:00Z,2026-11-16T00:24:00Z
6276,6,4,2026-11-15T14:00:00Z,2026-11-15T16:25:00Z
6277,3,4,2026-11-15T16:50:00Z,2026-11-15T18:27:00Z
6278,4,4,2026-11-15T18:52:00Z,2026-11-15T20:37:00Z
6279,8,4,2026-11-15T21:02:00Z,2026-11-15T22:31:00Z
6280,7,4,2026-11-15T22:56:00Z,2026-11-16T00:37:00Z
6281,6,1,2026-11-16T14:00:00Z,2026-11-16T16:25:00Z
6282,8,1,2026-11-16T16:55:00Z,2026-11-16T18:24:00Z
6283,2,1,2026-11-16T18:49:00Z,2026-11-16T21:01:00Z
6284,2,1,2026-11-16T21:21:00Z,2026-11-16T23:33:00Z
6285,7,1,2026-11-16T23:58:00Z,2026-11-17T01:39:00Z
6286,6,2,2026-11-16T14:00:00Z,2026-11-16T16:25:00Z
6287,7,2,2026-11-16T16:45:00Z,2026-11-16T18:26:00Z
6288,3,2,2026-11-16T18:46:00Z,2026-11-16T20:23:00Z
6289,6,2,2026-11-16T20:48:00Z,2026-11-16T23:13:00Z
6290,2,2,2026-11-16T23:43:00Z,2026-11-17T01:55:00Z
6291,7,3,2026-11-16T14:00:00Z,2026-11-16T15:41:00Z
6292,3,3,2026-11-16T16:11:00Z,2026-11-16T17:48:00Z
6293,8,3,2026-11-16T18:13:00Z,2026-11-16T19:42:00Z
6294,7,3,2026-11-16T20:12:00Z,2026-11-16T21:53:00Z
6295,4,3,2026-11-16T22:23:00Z,2026-11-17T00:08:00Z
6296,5,4,2026-11-16T14:00:00Z,2026-11-16T15:50:00Z
6297,4,4,2026-11-16T16:15:00Z,2026-11-16T18:00:00Z
6298,1,4,2026-11-16T18:25:00Z,2026-11-16T20:23:00Z
6299,6,4,2026-11-16T20:53:00Z,2026-11-16T23:18:00Z
6300,6,4,2026-11-16T23:43:00Z,2026-11-17T02:08:00Z
6301,7,1,2026-11-17T14:00:00Z,2026-11-17T15:41:00Z
6302,7,1,2026-11-17T16:06:00Z,2026-11-17T17:47:00Z
6303,5,1,2026-11-17T18:12:00Z,2026-11-17T20:02:00Z
6304,5,1,2026-11-17T20:22:00Z,2026-11-17T22:12:00Z
6305,4,1,2026-11-17T22:37:00Z,2026-11-18T00:22:00Z
6306,1,2,2026-11-17T14:00:00Z,2026-11-17T15:58:00Z
6307,8,2,2026-11-17T16:23:00Z,2026-11-17T17:52:00Z
6308,4,2,2026-11-17T18:17:00Z,2026-11-17T20:02:00Z
6309,3,2,2026-11-17T20:32:00Z,2026-11-17T22:09:00Z
6310,4,2,2026-11-17T22:39:00Z,2026-11-18T00:24:00Z
6311,2,3,2026-11-17T14:00:00Z,2026-11-17T16:12:00Z
6312,6,3,2026-11-17T16:42:00Z,2026-11-17T19:07:00Z
6313,1,3,2026-11-17T19:27:00Z,2026-11-17T21:25:00Z
6314,1,3,2026-11-17T21:55:00Z,2026-11-17T23:53:00Z
6315,2,4,2026-11-17T14:00:00Z,2026-11-17T16:12:00Z
6316,6,4,2026-11-17T16:42:00Z,2026-11-17T19:07:00Z
6317,2,4,2026-11-17T19:32:00Z,2026-11-17T21:44:00Z
6318,1,4,2026-11-17T22:14:00Z,2026-11-18T00:12:00Z
6319,4,1,2026-11-18T14:00:00Z,2026-11-18T15:45:00Z
6320,4,1,2026-11-18T16:10:00Z,2026-11-18T17:55:00Z
6321,7,1,2026-11-18T18:15:00Z,2026-11-18T19:56:00Z
6322,4,1,2026-11-18T20:26:00Z,2026-11-18T22:11:00Z
6323,3,1,2026-11-18T22:36:00Z,2026-11-19T00:13:00Z
6324,6,2,2026-11-18T14:00:00Z,2026-11-18T16:25:00Z
6325,4,2,2026-11-18T16:50:00Z,2026-11-18T18:35:00Z
6326,4,2,2026-11-18T19:05:00Z,2026-11-18T20:50:00Z
6327,1,2,2026-11-18T21:10:00Z,2026-11-18T23:08:00Z
6328,2,2,2026-11-18T23:28:00Z,2026-11-19T01:40:00Z
6329,7,3,2026-11-18T14:00:00Z,2026-11-18T15:41:00Z
6330,1,3,2026-11-18T16:06:00Z,2026-11-18T18:04:00Z
6331,5,3,2026-11-18T18:24:00Z,2026-11-18T20:14:00Z
6332,1,3,2026-11-18T20:39:00Z,2026-11-18T22:37:00Z
6333,4,3,2026-11-18T22:57:00Z,2026-11-19T00:42:00Z
6334,5,4,2026-11-18T14:00:00Z,2026-11-18T15:50:00Z
6335,2,4,2026-11-18T16:20:00Z,2026-11-18T18:32:00Z
6336,7,4,2026-11-18T18:57:00Z,2026-11-18T20:38:00Z
6337,5,4,2026-11-18T20:58:00Z,2026-11-18T22:48:00Z
6338,2,4,2026-11-18T23:08:00Z,2026-11-19T01:20:00Z
6339,7,1,2026-11-19T14:00:00Z,2026-11-19T15:41:00Z
6340,1,1,2026-11-19T16:01:00Z,2026-11-19T17:59:00Z
6341,3,1,2026-11-19T18:29:00Z,2026-11-19T20:06:00Z
6342,7,1,2026-11-19T20:26:00Z,2026-11-19T22:07:00Z
6343,5,1,2026-11-19T22:27:00Z,2026-11-20T00:17:00Z
6344,7,2,2026-11-19T14:00:00Z,2026-11-19T15:41:00Z
6345,1,2,2026-11-19T16:11:00Z,2026-11-19T18:09:00Z
6346,5,2,2026-11-19T18:34:00Z,2026-11-19T20:24:00Z
6347,4,2,2026-11-19T20:49:00Z,2026-11-19T22:34:00Z
6348,5,2,2026-11-19T22:54:00Z,2026-11-20T00:44:00Z
6349,8,3,2026-11-19T14:00:00Z,2026-11-19T15:29:00Z
6350,5,3,2026-11-19T15:54:00Z,2026-11-19T17:44:00Z
6351,2,3,2026-11-19T18:09:00Z,2026-11-19T20:21:00Z
6352,7,3,2026-11-19T20:41:00Z,2026-11-19T22:22:00Z
6353,5,3,2026-11-19T22:52:00Z,2026-11-20T00:42:00Z
6354,5,4,2026-11-19T14:00:00Z,2026-11-19T15:50:00Z
6355,4,4,2026-11-19T16:20:00Z,2026-11-19T18:05:00Z
6356,1,4,2026-11-19T18:30:00Z,2026-11-19T20:28:00Z
6357,7,4,2026-11-19T20:53:00Z,2026-11-19T22:34:00Z
6358,2,4,2026-11-19T22:59:00Z,2026-11-20T01:11:00Z
6359,4,1,2026-11-20T14:00:00Z,2026-11-20T15:45:00Z
6360,1,1,2026-11-20T16:15:00Z,2026-11-20T18:13:00Z
6361,4,1,2026-11-20T18:38:00Z,2026-11-20T20:23:00Z
6362,6,1,2026-11-20T20:48:00Z,2026-11-20T23:13:00Z
6363,2,1,2026-11-20T23:38:00Z,2026-11-21T01:50:00Z
6364,5,2,2026-11-20T14:00:00Z,2026-11-20T15:50:00Z
6365,3,2,2026-11-20T16:15:00Z,2026-11-20T17:52:00Z
6366,2,2,2026-11-20T18:22:00Z,2026-11-20T20:34:00Z
6367,3,2,2026-11-20T20:54:00Z,2026-11-20T22:31:00Z
6368,8,2,2026-11-20T22:51:00Z,2026-11-21T00:20:00Z
6369,4,3,2026-11-20T14:00:00Z,2026-11-20T15:45:00Z
6370,3,3,2026-11-20T16:05:00Z,2026-11-20T17:42:00Z
6371,8,3,2026-11-20T18:07:00Z,2026-11-20T19:36:00Z
6372,4,3,2026-11-20T20:06:00Z,2026-11-20T21:51:00Z
6373,8,3,2026-11-20T22:11:00Z,2026-11-20T23:40:00Z
6374,7,4,2026-11-20T14:00:00Z,2026-11-20T15:41:00Z
6375,6,4,2026-11-20T16:06:00Z,2026-11-20T18:31:00Z
6376,1,4,2026-11-20T18:51:00Z,2026-11-20T20:49:00Z
6377,7,4,2026-11-20T21:14:00Z,2026-11-20T22:55:00Z
6378,5,4,2026-11-20T23:15:00Z,2026-11-21T01:05:00Z
6379,4,1,2026-11-21T14:00:00Z,2026-11-21T15:45:00Z
6380,8,1,2026-11-21T16:15:00Z,2026-11-21T17:44:00Z
6381,8,1,2026-11-21T18:14:00Z,2026-11-21T19:43:00Z
6382,4,1,2026-11-21T20:08:00Z,2026-11-21T21:53:00Z
6383,8,1,2026-11-21T22:18:00Z,2026-11-21T23:47:00Z
6384,8,2,2026-11-21T14:00:00Z,2026-11-21T15:29:00Z
6385,2,2,2026-11-21T15:59:00Z,2026-11-21T18:11:00Z
6386,7,2,2026-11-21T18:31:00Z,2026-11-21T20:12:00Z
6387,2,2,2026-11-21T20:42:00Z,2026-11-21T22:54:00Z
6388,3,2,2026-11-21T23:19:00Z,2026-11-22T00:56:00Z
6389,3,3,2026-11-21T14:00:00Z,2026-11-21T15:37:00Z
6390,2,3,2026-11-21T16:07:00Z,2026-11-21T18:19:00Z
6391,4,3,2026-11-21T18:39:00Z,2026-11-21T20:24:00Z
6392,2,3,2026-11-21T20:49:00Z,2026-11-21T23:01:00Z
6393,7,3,2026-11-21T23:21:00Z,2026-11-22T01:02:00Z
6394,3,4,2026-11-21T14:00:00Z,2026-11-21T15:37:00Z
6395,8,4,2026-11-21T16:07:00Z,2026-11-21T17:36:00Z
6396,7,4,2026-11-21T17:56:00Z,2026-11-21T19:37:00Z
6397,1,4,2026-11-21T20:02:00Z,2026-11-21T22:00:00Z
6398,2,4,2026-11-21T22:25:00Z,2026-11-22T00:37:00Z
6399,5,1,2026-11-22T14:00:00Z,2026-11-22T15:50:00Z
6400,5,1,2026-11-22T16:20:00Z,2026-11-22T18:10:00Z
6401,6,1,2026-11-22T18:40:00Z,2026-11-22T21:05:00Z
6402,6,1,2026-11-22T21:35:00Z,2026-11-23T00:00:00Z
6403,3,2,2026-11-22T14:00:00Z,2026-11-22T15:37:00Z
6404,5,2,2026-11-22T15:57:00Z,2026-11-22T17:47:00Z
6405,4,2,2026-11-22T18:17:00Z,2026-11-22T20:02:00Z
6406,6,2,2026-11-22T20:32:00Z,2026-11-22T22:57:00Z
6407,5,2,2026-11-22T23:27:00Z,2026-11-23T01:17:00Z
6408,8,3,2026-11-22T14:00:00Z,2026-11-22T15:29:00Z
6409,6,3,2026-11-22T15:49:00Z,2026-11-22T18:14:00Z
6410,3,3,2026-11-22T18:44:00Z,2026-11-22T20:21:00Z
6411,8,3,2026-11-22T20:41:00Z,2026-11-22T22:10:00Z
6412,6,3,2026-11-22T22:30:00Z,2026-11-23T00:55:00Z
6413,3,4,2026-11-22T14:00:00Z,2026-11-22T15:37:00Z
6414,8,4,2026-11-22T15:57:00Z,2026-11-22T17:26:00Z
6415,1,4,2026-11-22T17:46:00Z,2026-11-22T19:44:00Z
6416,4,4,2026-11-22T20:09:00Z,2026-11-22T21:54:00Z
6417,2,4,2026-11-22T22:14:00Z,2026-11-23T00:26:00Z
6418,8,1,2026-11-23T14:00:00Z,2026-11-23T15:29:00Z
6419,2,1,2026-11-23T15:54:00Z,2026-11-23T18:06:00Z
6420,8,1,2026-11-23T18:26:00Z,2026-11-23T19:55:00Z
6421,3,1,2026-11-23T20:25:00Z,2026-11-23T22:02:00Z
6422,6,1,2026-11-23T22:22:00Z,2026-11-24T00:47:00Z
6423,4,2,2026-11-23T14:00:00Z,2026-11-23T15:45:00Z
6424,1,2,2026-11-23T16:10:00Z,2026-11-23T18:08:00Z
6425,5,2,2026-11-23T18:28:00Z,2026-11-23T20:18:00Z
6426,7,2,2026-11-23T20:43:00Z,2026-11-23T22:24:00Z
6427,5,2,2026-11-23T22:54:00Z,2026-11-24T00:44:00Z
6428,7,3,2026-11-23T14:00:00Z,2026-11-23T15:41:00Z
6429,4,3,2026-11-23T16:06:00Z,2026-11-23T17:51:00Z
6430,3,3,2026-11-23T18:11:00Z,2026-11-23T19:48:00Z
6431,4,3,2026-11-23T20:08:00Z,2026-11-23T21:53:00Z
6432,3,3,2026-11-23T22:18:00Z,2026-11-23T23:55:00Z
6433,2,4,2026-11-23T14:00:00Z,2026-11-23T16:12:00Z
6434,7,4,2026-11-23T16:32:00Z,2026-11-23T18:13:00Z
6435,5,4,2026-11-23T18:38:00Z,2026-11-23T20:28:00Z
6436,8,4,2026-11-23T20:58:00Z,2026-11-23T22:27:00Z
6437,3,4,2026-11-23T22:47:00Z,2026-11-24T00:24:00Z
6438,4,1,2026-11-24T14:00:00Z,2026-11-24T15:45:00Z
6439,2,1,2026-11-24T16:05:00Z,2026-11-24T18:17:00Z
6440,3,1,2026-11-24T18:47:00Z,2026-11-24T20:24:00Z
6441,3,1,2026-11-24T20:44:00Z,2026-11-24T22:21:00Z
6442,1,1,2026-11-24T22:46:00Z,2026-11-25T00:44:00Z
6443,2,2,2026-11-24T14:00:00Z,2026-11-24T16:12:00Z
6444,3,2,2026-11-24T16:32:00Z,2026-11-24T18:09:00Z
6445,8,2,2026-11-24T18:39:00Z,2026-11-24T20:08:00Z
6446,8,2,2026-11-24T20:33:00Z,2026-11-24T22:02:00Z
6447,5,2,2026-11-24T22:27:00Z,2026-11-25T00:17:00Z
6448,2,3,2026-11-24T14:00:00Z,2026-11-24T16:12:00Z
6449,7,3,2026-11-24T16:32:00Z,2026-11-24T18:13:00Z
6450,7,3,2026-11-24T18:38:00Z,2026-11-24T20:19:00Z
6451,8,3,2026-11-24T20:49:00Z,2026-11-24T22:18:00Z
6452,5,3,2026-11-24T22:43:00Z,2026-11-25T00:33:00Z
6453,6,4,2026-11-24T14:00:00Z,2026-11-24T16:25:00Z
6454,2,4,2026-11-24T16:55:00Z,2026-11-24T19:07:00Z
6455,4,4,2026-11-24T19:37:00Z,2026-11-24T21:22:00Z
6456,5,4,2026-11-24T21:42:00Z,2026-11-24T23:32:00Z
6457,3,1,2026-11-25T14:00:00Z,2026-11-25T15:37:00Z
6458,8,1,2026-11-25T16:02:00Z,2026-11-25T17:31:00Z
6459,5,1,2026-11-25T17:56:00Z,2026-11-25T19:46:00Z
6460,2,1,2026-11-25T20:16:00Z,2026-11-25T22:28:00Z
6461,7,1,2026-11-25T22:58:00Z,2026-11-26T00:39:00Z
6462,6,2,2026-11-25T14:00:00Z,2026-11-25T16:25:00Z
6463,1,2,2026-11-25T16:45:00Z,2026-11-25T18:43:00Z
6464,8,2,2026-11-25T19:08:00Z,2026-11-25T20:37:00Z
6465,6,2,2026-11-25T21:07:00Z,2026-11-25T23:32:00Z
6466,7,3,2026-11-25T14:00:00Z,2026-11-25T15:41:00Z
6467,4,3,2026-11-25T16:01:00Z,2026-11-25T17:46:00Z
6468,6,3,2026-11-25T18:11:00Z,2026-11-25T20:36:00Z
6469,1,3,2026-11-25T20:56:00Z,2026-11-25T22:54:00Z
6470,8,3,2026-11-25T23:14:00Z,2026-11-26T00:43:00Z
6471,4,4,2026-11-25T14:00:00Z,2026-11-25T15:45:00Z
6472,5,4,2026-11-25T16:05:00Z,2026-11-25T17:55:00Z
6473,2,4,2026-11-25T18:20:00Z,2026-11-25T20:32:00Z
6474,5,4,2026-11-25T20:57:00Z,2026-11-25T22:47:00Z
6475,1,4,2026-11-25T23:17:00Z,2026-11-26T01:15:00Z
6476,5,1,2026-11-26T14:00:00Z,2026-11-26T15:50:00Z
6477,5,1,2026-11-26T16:10:00Z,2026-11-26T18:00:00Z
6478,8,1,2026-11-26T18:30:00Z,2026-11-26T19:59:00Z
6479,1,1,2026-11-26T20:24:00Z,2026-11-26T22:22:00Z
6480,5,1,2026-11-26T22:52:00Z,2026-11-27T00:42:00Z
6481,1,2,2026-11-26T14:00:00Z,2026-11-26T15:58:00Z
6482,1,2,2026-11-26T16:28:00Z,2026-11-26T18:26:00Z
6483,8,2,2026-11-26T18:56:00Z,2026-11-26T20:25:00Z
6484,8,2,2026-11-26T20:55:00Z,2026-11-26T22:24:00Z
6485,3,2,2026-11-26T22:49:00Z,2026-11-27T00:26:00Z
6486,2,3,2026-11-26T14:00:00Z,2026-11-26T16:12:00Z
6487,6,3,2026-11-26T16:32:00Z,2026-11-26T18:57:00Z
6488,3,3,2026-11-26T19:17:00Z,2026-11-26T20:54:00Z
6489,3,3,2026-11-26T21:24:00Z,2026-11-26T23:01:00Z
6490,2,3,2026-11-26T23:21:00Z,2026-11-27T01:33:00Z
6491,2,4,2026-11-26T14:00:00Z,2026-11-26T16:12:00Z
6492,8,4,2026-11-26T16:32:00Z,2026-11-26T18:01:00Z
6493,1,4,2026-11-26T18:31:00Z,2026-11-26T20:29:00Z
6494,2,4,2026-11-26T20:54:00Z,2026-11-26T23:06:00Z
6495,5,4,2026-11-26T23:36:00Z,2026-11-27T01:26:00Z
6496,1,1,2026-11-27T14:00:00Z,2026-11-27T15:58:00Z
6497,6,1,2026-11-27T16:23:00Z,2026-11-27T18:48:00Z
6498,3,1,2026-11-27T19:18:00Z,2026-11-27T20:55:00Z
6499,6,1,2026-11-27T21:25:00Z,2026-11-27T23:50:00Z
6500,1,2,2026-11-27T14:00:00Z,2026-11-27T15:58:00Z
6501,7,2,2026-11-27T16:28:00Z,2026-11-27T18:09:00Z
6502,1,2,2026-11-27T18:34:00Z,2026-11-27T20:32:00Z
6503,4,2,2026-11-27T20:52:00Z,2026-11-27T22:37:00Z
6504,3,2,2026-11-27T23:07:00Z,2026-11-28T00:44:00Z
6505,5,3,2026-11-27T14:00:00Z,2026-11-27T15:50:00Z
6506,3,3,2026-11-27T16:10:00Z,2026-11-27T17:47:00Z
6507,1,3,2026-11-27T18:12:00Z,2026-11-27T20:10:00Z
6508,4,3,2026-11-27T20:35:00Z,2026-11-27T22:20:00Z
6509,7,3,2026-11-27T22:50:00Z,2026-11-28T00:31:00Z
6510,1,4,2026-11-27T14:00:00Z,2026-11-27T15:58:00Z
6511,5,4,2026-11-27T16:23:00Z,2026-11-27T18:13:00Z
6512,6,4,2026-11-27T18:43:00Z,2026-11-27T21:08:00Z
6513,6,4,2026-11-27T21:28:00Z,2026-11-27T23:53:00Z
6514,2,1,2026-11-28T14:00:00Z,2026-11-28T16:12:00Z
6515,8,1,2026-11-28T16:42:00Z,2026-11-28T18:11:00Z
6516,2,1,2026-11-28T18:31:00Z,2026-11-28T20:43:00Z
6517,3,1,2026-11-28T21:03:00Z,2026-11-28T22:40:00Z
6518,2,1,2026-11-28T23:10:00Z,2026-11-29T01:22:00Z
6519,6,2,2026-11-28T14:00:00Z,2026-11-28T16:25:00Z
6520,1,2,2026-11-28T16:55:00Z,2026-11-28T18:53:00Z
6521,1,2,2026-11-28T19:13:00Z,2026-11-28T21:11:00Z
6522,6,2,2026-11-28T21:31:00Z,2026-11-28T23:56:00Z
6523,2,3,2026-11-28T14:00:00Z,2026-11-28T16:12:00Z
6524,4,3,2026-11-28T16:42:00Z,2026-11-28T18:27:00Z
6525,4,3,2026-11-28T18:52:00Z,2026-11-28T20:37:00Z
6526,3,3,2026-11-28T21:07:00Z,2026-11-28T22:44:00Z
6527,1,3,2026-11-28T23:09:00Z,2026-11-29T01:07:00Z
6528,5,4,2026-11-28T14:00:00Z,2026-11-28T15:50:00Z
6529,5,4,2026-11-28T16:10:00Z,2026-11-28T18:00:00Z
6530,6,4,2026-11-28T18:20:00Z,2026-11-28T20:45:00Z
6531,4,4,2026-11-28T21:10:00Z,2026-11-28T22:55:00Z
6532,5,4,2026-11-28T23:15:00Z,2026-11-29T01:05:00Z
6533,3,1,2026-11-29T14:00:00Z,2026-11-29T15:37:00Z
6534,5,1,2026-11-29T16:02:00Z,2026-11-29T17:52:00Z
6535,8,1,2026-11-29T18:22:00Z,2026-11-29T19:51:00Z
6536,2,1,2026-11-29T20:16:00Z,2026-11-29T22:28:00Z
6537,6,1,2026-11-29T22:53:00Z,2026-11-30T01:18:00Z
6538,6,2,2026-11-29T14:00:00Z,2026-11-29T16:25:00Z
6539,8,2,2026-11-29T16:50:00Z,2026-11-29T18:19:00Z
6540,3,2,2026-11-29T18:49:00Z,2026-11-29T20:26:00Z
6541,7,2,2026-11-29T20:46:00Z,2026-11-29T22:27:00Z
6542,4,2,2026-11-29T22:47:00Z,2026-11-30T00:32:00Z
6543,7,3,2026-11-29T14:00:00Z,2026-11-29T15:41:00Z
6544,5,3,2026-11-29T16:06:00Z,2026-11-29T17:56:00Z
6545,6,3,2026-11-29T18:16:00Z,2026-11-29T20:41:00Z
6546,5,3,2026-11-29T21:11:00Z,2026-11-29T23:01:00Z
6547,4,3,2026-11-29T23:21:00Z,2026-11-30T01:06:00Z
6548,4,4,2026-11-29T14:00:00Z,2026-11-29T15:45:00Z
6549,5,4,2026-11-29T16:10:00Z,2026-11-29T18:00:00Z
6550,2,4,2026-11-29T18:20:00Z,2026-11-29T20:32:00Z
6551,3,4,2026-11-29T21:02:00Z,2026-11-29T22:39:00Z
6552,3,4,2026-11-29T23:04:00Z,2026-11-30T00:41:00Z
6553,6,1,2026-11-30T14:00:00Z,2026-11-30T16:25:00Z
6554,7,1,2026-11-30T16:50:00Z,2026-11-30T18:31:00Z
6555,1,1,2026-11-30T19:01:00Z,2026-11-30T20:59:00Z
6556,2,1,2026-11-30T21:24:00Z,2026-11-30T23:36:00Z
6557,6,2,2026-11-30T14:00:00Z,2026-11-30T16:25:00Z
6558,3,2,2026-11-30T16:45:00Z,2026-11-30T18:22:00Z
6559,8,2,2026-11-30T18:47:00Z,2026-11-30T20:16:00Z
6560,6,2,2026-11-30T20:41:00Z,2026-11-30T23:06:00Z
6561,2,2,2026-11-30T23:36:00Z,2026-12-01T01:48:00Z
6562,6,3,2026-11-30T14:00:00Z,2026-11-30T16:25:00Z
6563,3,3,2026-11-30T16:50:00Z,2026-11-30T18:27:00Z
6564,3,3,2026-11-30T18:52:00Z,2026-11-30T20:29:00Z
6565,8,3,2026-11-30T20:49:00Z,2026-11-30T22:18:00Z
6566,8,3,2026-11-30T22:48:00Z,2026-12-01T00:17:00Z
6567,7,4,2026-11-30T14:00:00Z,2026-11-30T15:41:00Z
6568,7,4,2026-11-30T16:11:00Z,2026-11-30T17:52:00Z
6569,4,4,2026-11-30T18:17:00Z,2026-11-30T20:02:00Z
6570,6,4,2026-11-30T20:27:00Z,2026-11-30T22:52:00Z
6571,6,4,2026-11-30T23:22:00Z,2026-12-01T01:47:00Z
6572,7,1,2026-12-01T14:00:00Z,2026-12-01T15:41:00Z
6573,1,1,2026-12-01T16:06:00Z,2026-12-01T18:04:00Z
6574,2,1,2026-12-01T18:24:00Z,2026-12-01T20:36:00Z
6575,7,1,2026-12-01T21:01:00Z,2026-12-01T22:42:00Z
6576,7,1,2026-12-01T23:07:00Z,2026-12-02T00:48:00Z
6577,1,2,2026-12-01T14:00:00Z,2026-12-01T15:58:00Z
6578,3,2,2026-12-01T16:18:00Z,2026-12-01T17:55:00Z
6579,4,2,2026-12-01T18:20:00Z,2026-12-01T20:05:00Z
6580,3,2,2026-12-01T20:35:00Z,2026-12-01T22:12:00Z
6581,6,2,2026-12-01T22:32:00Z,2026-12-02T00:57:00Z
6582,2,3,2026-12-01T14:00:00Z,2026-12-01T16:12:00Z
6583,3,3,2026-12-01T16:37:00Z,2026-12-01T18:14:00Z
6584,8,3,2026-12-01T18:39:00Z,2026-12-01T20:08:00Z
6585,3,3,2026-12-01T20:33:00Z,2026-12-01T22:10:00Z
6586,1,3,2026-12-01T22:35:00Z,2026-12-02T00:33:00Z
6587,3,4,2026-12-01T14:00:00Z,2026-12-01T15:37:00Z
6588,3,4,2026-12-01T15:57:00Z,2026-12-01T17:34:00Z
6589,5,4,2026-12-01T17:59:00Z,2026-12-01T19:49:00Z
6590,3,4,2026-12-01T20:09:00Z,2026-12-01T21:46:00Z
6591,4,4,2026-12-01T22:06:00Z,2026-12-01T23:51:00Z
6592,2,1,2026-12-02T14:00:00Z,2026-12-02T16:12:00Z
6593,4,1,2026-12-02T16:42:00Z,2026-12-02T18:27:00Z
6594,6,1,2026-12-02T18:47:00Z,2026-12-02T21:12:00Z
6595,8,1,2026-12-02T21:32:00Z,2026-12-02T23:01:00Z
6596,6,1,2026-12-02T23:21:00Z,2026-12-03T01:46:00Z
6597,8,2,2026-12-02T14:00:00Z,2026-12-02T15:29:00Z
6598,7,2,2026-12-02T15:59:00Z,2026-12-02T17:40:00Z
6599,4,2,2026-12-02T18:10:00Z,2026-12-02T19:55:00Z
6600,7,2,2026-12-02T20:20:00Z,2026-12-02T22:01:00Z
6601,4,2,2026-12-02T22:26:00Z,2026-12-03T00:11:00Z
6602,7,3,2026-12-02T14:00:00Z,2026-12-02T15:41:00Z
6603,6,3,2026-12-02T16:01:00Z,2026-12-02T18:26:00Z
6604,7,3,2026-12-02T18:46:00Z,2026-12-02T20:27:00Z
6605,5,3,2026-12-02T20:52:00Z,2026-12-02T22:42:00Z
6606,7,3,2026-12-02T23:12:00Z,2026-12-03T00:53:00Z
6607,7,4,2026-12-02T14:00:00Z,2026-12-02T15:41:00Z
6608,2,4,2026-12-02T16:11:00Z,2026-12-02T18:23:00Z
6609,8,4,2026-12-02T18:48:00Z,2026-12-02T20:17:00Z
6610,1,4,2026-12-02T20:47:00Z,2026-12-02T22:45:00Z
6611,3,4,2026-12-02T23:05:00Z,2026-12-03T00:42:00Z
6612,6,1,2026-12-03T14:00:00Z,2026-12-03T16:25:00Z
6613,6,1,2026-12-03T16:50:00Z,2026-12-03T19:15:00Z
6614,1,1,2026-12-03T19:45:00Z,2026-12-03T21:43:00Z
6615,7,1,2026-12-03T22:13:00Z,2026-12-03T23:54:00Z
6616,4,2,2026-12-03T14:00:00Z,2026-12-03T15:45:00Z
6617,8,2,2026-12-03T16:05:00Z,2026-12-03T17:34:00Z
6618,1,2,2026-12-03T17:54:00Z,2026-12-03T19:52:00Z
6619,5,2,2026-12-03T20:12:00Z,2026-12-03T22:02:00Z
6620,2,2,2026-12-03T22:27:00Z,2026-12-04T00:39:00Z
6621,7,3,2026-12-03T14:00:00Z,2026-12-03T15:41:00Z
6622,3,3,2026-12-03T16:11:00Z,2026-12-03T17:48:00Z
6623,3,3,2026-12-03T18:13:00Z,2026-12-03T19:50:00Z
6624,5,3,2026-12-03T20:15:00Z,2026-12-03T22:05:00Z
6625,8,3,2026-12-03T22:30:00Z,2026-12-03T23:59:00Z
6626,5,4,2026-12-03T14:00:00Z,2026-12-03T15:50:00Z
6627,3,4,2026-12-03T16:15:00Z,2026-12-03T17:52:00Z
6628,7,4,2026-12-03T18:12:00Z,2026-12-03T19:53:00Z
6629,2,4,2026-12-03T20:23:00Z,2026-12-03T22:35:00Z
6630,2,4,2026-12-03T23:00:00Z,2026-12-04T01:12:00Z
6631,2,1,2026-12-04T14:00:00Z,2026-12-04T16:12:00Z
6632,7,1,2026-12-04T16:42:00Z,2026-12-04T18:23:00Z
6633,3,1,2026-12-04T18:43:00Z,2026-12-04T20:20:00Z
6634,3,1,2026-12-04T20:45:00Z,2026-12-04T22:22:00Z
6635,7,1,2026-12-04T22:52:00Z,2026-12-05T00:33:00Z
6636,8,2,2026-12-04T14:00:00Z,2026-12-04T15:29:00Z
6637,8,2,2026-12-04T15:49:00Z,2026-12-04T17:18:00Z
6638,7,2,2026-12-04T17:48:00Z,2026-12-04T19:29:00Z
6639,1,2,2026-12-04T19:54:00Z,2026-12-04T21:52:00Z
6640,7,2,2026-12-04T22:17:00Z,2026-12-04T23:58:00Z
6641,2,3,2026-12-04T14:00:00Z,2026-12-04T16:12:00Z
6642,8,3,2026-12-04T16:42:00Z,2026-12-04T18:11:00Z
6643,6,3,2026-12-04T18:41:00Z,2026-12-04T21:06:00Z
6644,6,3,2026-12-04T21:31:00Z,2026-12-04T23:56:00Z
6645,6,4,2026-12-04T14:00:00Z,2026-12-04T16:25:00Z
6646,3,4,2026-12-04T16:45:00Z,2026-12-04T18:22:00Z
6647,7,4,2026-12-04T18:47:00Z,2026-12-04T20:28:00Z
6648,2,4,2026-12-04T20:58:00Z,2026-12-04T23:10:00Z
6649,1,4,2026-12-04T23:30:00Z,2026-12-05T01:28:00Z
6650,5,1,2026-12-05T14:00:00Z,2026-12-05T15:50:00Z
6651,8,1,2026-12-05T16:10:00Z,2026-12-05T17:39:00Z
6652,1,1,2026-12-05T18:04:00Z,2026-12-05T20:02:00Z
6653,5,1,2026-12-05T20:27:00Z,2026-12-05T22:17:00Z
6654,2,1,2026-12-05T22:37:00Z,2026-12-06T00:49:00Z
6655,8,2,2026-12-05T14:00:00Z,2026-12-05T15:29:00Z
6656,1,2,2026-12-05T15:54:00Z,2026-12-05T17:52:00Z
6657,6,2,2026-12-05T18:22:00Z,2026-12-05T20:47:00Z
6658,7,2,2026-12-05T21:12:00Z,2026-12-05T22:53:00Z
6659,5,2,2026-12-05T23:18:00Z,2026-12-06T01:08:00Z
6660,5,3,2026-12-05T14:00:00Z,2026-12-05T15:50:00Z
6661,5,3,2026-12-05T16:10:00Z,2026-12-05T18:00:00Z
6662,7,3,2026-12-05T18:25:00Z,2026-12-05T20:06:00Z
6663,8,3,2026-12-05T20:26:00Z,2026-12-05T21:55:00Z
6664,5,3,2026-12-05T22:20:00Z,2026-12-06T00:10:00Z
6665,1,4,2026-12-05T14:00:00Z,2026-12-05T15:58:00Z
6666,2,4,2026-12-05T16:28:00Z,2026-12-05T18:40:00Z
6667,1,4,2026-12-05T19:05:00Z,2026-12-05T21:03:00Z
6668,7,4,2026-12-05T21:33:00Z,2026-12-05T23:14:00Z
6669,3,4,2026-12-05T23:34:00Z,2026-12-06T01:11:00Z
6670,2,1,2026-12-06T14:00:00Z,2026-12-06T16:12:00Z
6671,3,1,2026-12-06T16:32:00Z,2026-12-06T18:09:00Z
6672,8,1,2026-12-06T18:39:00Z,2026-12-06T20:08:00Z
6673,5,1,2026-12-06T20:33:00Z,2026-12-06T22:23:00Z
6674,8,1,2026-12-06T22:48:00Z,2026-12-07T00:17:00Z
6675,4,2,2026-12-06T14:00:00Z,2026-12-06T15:45:00Z
6676,8,2,2026-12-06T16:15:00Z,2026-12-06T17:44:00Z
6677,2,2,2026-12-06T18:04:00Z,2026-12-06T20:16:00Z
6678,6,2,2026-12-06T20:41:00Z,2026-12-06T23:06:00Z
6679,3,2,2026-12-06T23:26:00Z,2026-12-07T01:03:00Z
6680,2,3,2026-12-06T14:00:00Z,2026-12-06T16:12:00Z
6681,2,3,2026-12-06T16:37:00Z,2026-12-06T18:49:00Z
6682,5,3,2026-12-06T19:14:00Z,2026-12-06T21:04:00Z
6683,7,3,2026-12-06T21:29:00Z,2026-12-06T23:10:00Z
6684,3,3,2026-12-06T23:30:00Z,2026-12-07T01:07:00Z
6685,5,4,2026-12-06T14:00:00Z,2026-12-06T15:50:00Z
6686,2,4,2026-12-06T16:20:00Z,2026-12-06T18:32:00Z
6687,2,4,2026-12-06T18:57:00Z,2026-12-06T21:09:00Z
6688,5,4,2026-12-06T21:29:00Z,2026-12-06T23:19:00Z
6689,4,4,2026-12-06T23:44:00Z,2026-12-07T01:29:00Z
6690,1,1,2026-12-07T14:00:00Z,2026-12-07T15:58:00Z
6691,8,1,2026-12-07T16:23:00Z,2026-12-07T17:52:00Z
6692,7,1,2026-12-07T18:12:00Z,2026-12-07T19:53:00Z
6693,3,1,2026-12-07T20:18:00Z,2026-12-07T21:55:00Z
6694,1,1,2026-12-07T22:20:00Z,2026-12-08T00:18:00Z
6695,7,2,2026-12-07T14:00:00Z,2026-12-07T15:41:00Z
6696,5,2,2026-12-07T16:01:00Z,2026-12-07T17:51:00Z
6697,1,2,2026-12-07T18:16:00Z,2026-12-07T20:14:00Z
6698,4,2,2026-12-07T20:39:00Z,2026-12-07T22:24:00Z
6699,7,2,2026-12-07T22:44:00Z,2026-12-08T00:25:00Z
6700,3,3,2026-12-07T14:00:00Z,2026-12-07T15:37:00Z
6701,5,3,2026-12-07T16:02:00Z,2026-12-07T17:52:00Z
6702,6,3,2026-12-07T18:17:00Z,2026-12-07T20:42:00Z
6703,4,3,2026-12-07T21:02:00Z,2026-12-07T22:47:00Z
6704,1,3,2026-12-07T23:07:00Z,2026-12-08T01:05:00Z
6705,6,4,2026-12-07T14:00:00Z,2026-12-07T16:25:00Z
6706,2,4,2026-12-07T16:45:00Z,2026-12-07T18:57:00Z
6707,5,4,2026-12-07T19:27:00Z,2026-12-07T21:17:00Z
6708,8,4,2026-12-07T21:47:00Z,2026-12-07T23:16:00Z
6709,7,4,2026-12-07T23:46:00Z,2026-12-08T01:27:00Z
6710,6,1,2026-12-08T14:00:00Z,2026-12-08T16:25:00Z
6711,7,1,2026-12-08T16:55:00Z,2026-12-08T18:36:00Z
6712,1,1,2026-12-08T19:01:00Z,2026-12-08T20:59:00Z
6713,6,1,2026-12-08T21:24:00Z,2026-12-08T23:49:00Z
6714,6,2,2026-12-08T14:00:00Z,2026-12-08T16:25:00Z
6715,3,2,2026-12-08T16:50:00Z,2026-12-08T18:27:00Z
6716,8,2,2026-12-08T18:52:00Z,2026-12-08T20:21:00Z
6717,3,2,2026-12-08T20:41:00Z,2026-12-08T22:18:00Z
6718,7,2,2026-12-08T22:48:00Z,2026-12-09T00:29:00Z
6719,7,3,2026-12-08T14:00:00Z,2026-12-08T15:41:00Z
6720,2,3,2026-12-08T16:01:00Z,2026-12-08T18:13:00Z
6721,8,3,2026-12-08T18:43:00Z,2026-12-08T20:12:00Z
6722,6,3,2026-12-08T20:42:00Z,2026-12-08T23:07:00Z
6723,4,3,2026-12-08T23:27:00Z,2026-12-09T01:12:00Z
6724,6,4,2026-12-08T14:00:00Z,2026-12-08T16:25:00Z
6725,5,4,2026-12-08T16:50:00Z,2026-12-08T18:40:00Z
6726,8,4,2026-12-08T19:05:00Z,2026-12-08T20:34:00Z
6727,8,4,2026-12-08T21:04:00Z,2026-12-08T22:33:00Z
6728,3,4,2026-12-08T22:53:00Z,2026-12-09T00:30:00Z
6729,3,1,2026-12-09T14:00:00Z,2026-12-09T15:37:00Z
6730,6,1,2026-12-09T16:07:00Z,2026-12-09T18:32:00Z
6731,7,1,2026-12-09T19:02:00Z,2026-12-09T20:43:00Z
6732,1,1,2026-12-09T21:08:00Z,2026-12-09T23:06:00Z
6733,8,1,2026-12-09T23:31:00Z,2026-12-10T01:00:00Z
6734,7,2,2026-12-09T14:00:00Z,2026-12-09T15:41:00Z
6735,3,2,2026-12-09T16:11:00Z,2026-12-09T17:48:00Z
6736,2,2,2026-12-09T18:13:00Z,2026-12-09T20:25:00Z
6737,7,2,2026-12-09T20:45:00Z,2026-12-09T22:26:00Z
6738,4,2,2026-12-09T22:46:00Z,2026-12-10T00:31:00Z
6739,5,3,2026-12-09T14:00:00Z,2026-12-09T15:50:00Z
6740,3,3,2026-12-09T16:10:00Z,2026-12-09T17:47:00Z
6741,7,3,2026-12-09T18:17:00Z,2026-12-09T19:58:00Z
6742,7,3,2026-12-09T20:28:00Z,2026-12-09T22:09:00Z
6743,4,3,2026-12-09T22:34:00Z,2026-12-10T00:19:00Z
6744,5,4,2026-12-09T14:00:00Z,2026-12-09T15:50:00Z
6745,6,4,2026-12-09T16:15:00Z,2026-12-09T18:40:00Z
6746,2,4,2026-12-09T19:10:00Z,2026-12-09T21:22:00Z
6747,6,4,2026-12-09T21:52:00Z,2026-12-10T00:17:00Z
6748,7,1,2026-12-10T14:00:00Z,2026-12-10T15:41:00Z
6749,7,1,2026-12-10T16:01:00Z,2026-12-10T17:42:00Z
6750,8,1,2026-12-10T18:07:00Z,2026-12-10T19:36:00Z
6751,8,1,2026-12-10T20:01:00Z,2026-12-10T21:30:00Z
6752,3,1,2026-12-10T21:50:00Z,2026-12-10T23:27:00Z
6753,5,1,2026-12-10T23:52:00Z,2026-12-11T01:42:00Z
6754,6,2,2026-12-10T14:00:00Z,2026-12-10T16:25:00Z
6755,3,2,2026-12-10T16:50:00Z,2026-12-10T18:27:00Z
6756,2,2,2026-12-10T18:57:00Z,2026-12-10T21:09:00Z
6757,7,2,2026-12-10T21:34:00Z,2026-12-10T23:15:00Z
6758,7,2,2026-12-10T23:40:00Z,2026-12-11T01:21:00Z
6759,1,3,2026-12-10T14:00:00Z,2026-12-10T15:58:00Z
6760,4,3,2026-12-10T16:28:00Z,2026-12-10T18:13:00Z
6761,2,3,2026-12-10T18:33:00Z,2026-12-10T20:45:00Z
6762,7,3,2026-12-10T21:15:00Z,2026-12-10T22:56:00Z
6763,6,3,2026-12-10T23:16:00Z,2026-12-11T01:41:00Z
6764,4,4,2026-12-10T14:00:00Z,2026-12-10T15:45:00Z
6765,8,4,2026-12-10T16:05:00Z,2026-12-10T17:34:00Z
6766,2,4,2026-12-10T18:04:00Z,2026-12-10T20:16:00Z
6767,1,4,2026-12-10T20:41:00Z,2026-12-10T22:39:00Z
6768,7,4,2026-12-10T23:09:00Z,2026-12-11T00:50:00Z
6769,4,1,2026-12-11T14:00:00Z,2026-12-11T15:45:00Z
6770,8,1,2026-12-11T16:05:00Z,2026-12-11T17:34:00Z
6771,4,1,2026-12-11T17:59:00Z,2026-12-11T19:44:00Z
6772,8,1,2026-12-11T20:04:00Z,2026-12-11T21:33:00Z
6773,4,1,2026-12-11T22:03:00Z,2026-12-11T23:48:00Z
6774,3,2,2026-12-11T14:00:00Z,2026-12-11T15:37:00Z
6775,2,2,2026-12-11T16:02:00Z,2026-12-11T18:14:00Z
6776,4,2,2026-12-11T18:34:00Z,2026-12-11T20:19:00Z
6777,8,2,2026-12-11T20:49:00Z,2026-12-11T22:18:00Z
6778,4,2,2026-12-11T22:43:00Z,2026-12-12T00:28:00Z
6779,8,3,2026-12-11T14:00:00Z,2026-12-11T15:29:00Z
6780,3,3,2026-12-11T15:49:00Z,2026-12-11T17:26:00Z
6781,2,3,2026-12-11T17:51:00Z,2026-12-11T20:03:00Z
6782,6,3,2026-12-11T20:33:00Z,2026-12-11T22:58:00Z
6783,4,3,2026-12-11T23:18:00Z,2026-12-12T01:03:00Z
6784,2,4,2026-12-11T14:00:00Z,2026-12-11T16:12:00Z
6785,1,4,2026-12-11T16:32:00Z,2026-12-11T18:30:00Z
6786,7,4,2026-12-11T19:00:00Z,2026-12-11T20:41:00Z
6787,8,4,2026-12-11T21:11:00Z,2026-12-11T22:40:00Z
6788,2,4,2026-12-11T23:05:00Z,2026-12-12T01:17:00Z
6789,5,1,2026-12-12T14:00:00Z,2026-12-12T15:50:00Z
6790,2,1,2026-12-12T16:20:00Z,2026-12-12T18:32:00Z
6791,1,1,2026-12-12T19:02:00Z,2026-12-12T21:00:00Z
6792,8,1,2026-12-12T21:25:00Z,2026-12-12T22:54:00Z
6793,1,1,2026-12-12T23:24:00Z,2026-12-13T01:22:00Z
6794,7,2,2026-12-12T14:00:00Z,2026-12-12T15:41:00Z
6795,1,2,2026-12-12T16:11:00Z,2026-12-12T18:09:00Z
6796,7,2,2026-12-12T18:34:00Z,2026-12-12T20:15:00Z
6797,8,2,2026-12-12T20:45:00Z,2026-12-12T22:14:00Z
6798,2,2,2026-12-12T22:39:00Z,2026-12-13T00:51:00Z
6799,3,3,2026-12-12T14:00:00Z,2026-12-12T15:37:00Z
6800,2,3,2026-12-12T16:02:00Z,2026-12-12T18:14:00Z
6801,3,3,2026-12-12T18:44:00Z,2026-12-12T20:21:00Z
6802,7,3,2026-12-12T20:46:00Z,2026-12-12T22:27:00Z
6803,6,3,2026-12-12T22:57:00Z,2026-12-13T01:22:00Z
6804,4,4,2026-12-12T14:00:00Z,2026-12-12T15:45:00Z
6805,4,4,2026-12-12T16:10:00Z,2026-12-12T17:55:00Z
6806,2,4,2026-12-12T18:20:00Z,2026-12-12T20:32:00Z
6807,2,4,2026-12-12T20:57:00Z,2026-12-12T23:09:00Z
6808,8,4,2026-12-12T23:34:00Z,2026-12-13T01:03:00Z
6809,5,1,2026-12-13T14:00:00Z,2026-12-13T15:50:00Z
6810,5,1,2026-12-13T16:15:00Z,2026-12-13T18:05:00Z
6811,8,1,2026-12-13T18:35:00Z,2026-12-13T20:04:00Z
6812,8,1,2026-12-13T20:29:00Z,2026-12-13T21:58:00Z
6813,5,1,2026-12-13T22:28:00Z,2026-12-14T00:18:00Z
6814,5,2,2026-12-13T14:00:00Z,2026-12-13T15:50:00Z
6815,1,2,2026-12-13T16:20:00Z,2026-12-13T18:18:00Z
6816,3,2,2026-12-13T18:38:00Z,2026-12-13T20:15:00Z
6817,5,2,2026-12-13T20:45:00Z,2026-12-13T22:35:00Z
6818,4,2,2026-12-13T22:55:00Z,2026-12-14T00:40:00Z
6819,6,3,2026-12-13T14:00:00Z,2026-12-13T16:25:00Z
6820,5,3,2026-12-13T16:55:00Z,2026-12-13T18:45:00Z
6821,3,3,2026-12-13T19:10:00Z,2026-12-13T20:47:00Z
6822,5,3,2026-12-13T21:17:00Z,2026-12-13T23:07:00Z
6823,8,3,2026-12-13T23:32:00Z,2026-12-14T01:01:00Z
6824,5,4,2026-12-13T14:00:00Z,2026-12-13T15:50:00Z
6825,3,4,2026-12-13T16:10:00Z,2026-12-13T17:47:00Z
6826,5,4,2026-12-13T18:07:00Z,2026-12-13T19:57:00Z
6827,5,4,2026-12-13T20:22:00Z,2026-12-13T22:12:00Z
6828,4,4,2026-12-13T22:42:00Z,2026-12-14T00:27:00Z
6829,4,1,2026-12-14T14:00:00Z,2026-12-14T15:45:00Z
6830,5,1,2026-12-14T16:15:00Z,2026-12-14T18:05:00Z
6831,1,1,2026-12-14T18:25:00Z,2026-12-14T20:23:00Z
6832,6,1,2026-12-14T20:48:00Z,2026-12-14T23:13:00Z
6833,7,1,2026-12-14T23:43:00Z,2026-12-15T01:24:00Z
6834,3,2,2026-12-14T14:00:00Z,2026-12-14T15:37:00Z
6835,3,2,2026-12-14T16:02:00Z,2026-12-14T17:39:00Z
6836,6,2,2026-12-14T18:09:00Z,2026-12-14T20:34:00Z
6837,6,2,2026-12-14T21:04:00Z,2026-12-14T23:29:00Z
6838,8,2,2026-12-14T23:54:00Z,2026-12-15T01:23:00Z
6839,3,3,2026-12-14T14:00:00Z,2026-12-14T15:37:00Z
6840,8,3,2026-12-14T16:07:00Z,2026-12-14T17:36:00Z
6841,8,3,2026-12-14T17:56:00Z,2026-12-14T19:25:00Z
6842,1,3,2026-12-14T19:50:00Z,2026-12-14T21:48:00Z
6843,2,3,2026-12-14T22:18:00Z,2026-12-15T00:30:00Z
6844,4,4,2026-12-14T14:00:00Z,2026-12-14T15:45:00Z
6845,4,4,2026-12-14T16:10:00Z,2026-12-14T17:55:00Z
6846,3,4,2026-12-14T18:15:00Z,2026-12-14T19:52:00Z
6847,2,4,2026-12-14T20:17:00Z,2026-12-14T22:29:00Z
6848,4,4,2026-12-14T22:59:00Z,2026-12-15T00:44:00Z
6849,8,1,2026-12-15T14:00:00Z,2026-12-15T15:29:00Z
6850,1,1,2026-12-15T15:54:00Z,2026-12-15T17:52:00Z
6851,4,1,2026-12-15T18:22:00Z,2026-12-15T20:07:00Z
6852,4,1,2026-12-15T20:37:00Z,2026-12-15T22:22:00Z
6853,1,1,2026-12-15T22:47:00Z,2026-12-16T00:45:00Z
6854,2,2,2026-12-15T14:00:00Z,2026-12-15T16:12:00Z
6855,2,2,2026-12-15T16:37:00Z,2026-12-15T18:49:00Z
6856,2,2,2026-12-15T19:14:00Z,2026-12-15T21:26:00Z
6857,8,2,2026-12-15T21:46:00Z,2026-12-15T23:15:00Z
6858,4,2,2026-12-15T23:45:00Z,2026-12-16T01:30:00Z
6859,5,3,2026-12-15T14:00:00Z,2026-12-15T15:50:00Z
6860,3,3,2026-12-15T16:20:00Z,2026-12-15T17:57:00Z
6861,4,3,2026-12-15T18:27:00Z,2026-12-15T20:12:00Z
6862,8,3,2026-12-15T20:32:00Z,2026-12-15T22:01:00Z
6863,1,3,2026-12-15T22:21:00Z,2026-12-16T00:19:00Z
6864,5,4,2026-12-15T14:00:00Z,2026-12-15T15:50:00Z
6865,5,4,2026-12-15T16:20:00Z,2026-12-15T18:10:00Z
6866,4,4,2026-12-15T18:30:00Z,2026-12-15T20:15:00Z
6867,2,4,2026-12-15T20:45:00Z,2026-12-15T22:57:00Z
6868,5,4,2026-12-15T23:17:00Z,2026-12-16T01:07:00Z
6869,4,1,2026-12-16T14:00:00Z,2026-12-16T15:45:00Z
6870,4,1,2026-12-16T16:05:00Z,2026-12-16T17:50:00Z
6871,8,1,2026-12-16T18:20:00Z,2026-12-16T19:49:00Z
6872,2,1,2026-12-16T20:14:00Z,2026-12-16T22:26:00Z
6873,1,1,2026-12-16T22:56:00Z,2026-12-17T00:54:00Z
6874,2,2,2026-12-16T14:00:00Z,2026-12-16T16:12:00Z
6875,8,2,2026-12-16T16:32:00Z,2026-12-16T18:01:00Z
6876,8,2,2026-12-16T18:21:00Z,2026-12-16T19:50:00Z
6877,8,2,2026-12-16T20:10:00Z,2026-12-16T21:39:00Z
6878,2,2,2026-12-16T21:59:00Z,2026-12-17T00:11:00Z
6879,4,3,2026-12-16T14:00:00Z,2026-12-16T15:45:00Z
6880,8,3,2026-12-16T16:15:00Z,2026-12-16T17:44:00Z
6881,1,3,2026-12-16T18:09:00Z,2026-12-16T20:07:00Z
6882,7,3,2026-12-16T20:37:00Z,2026-12-16T22:18:00Z
6883,8,3,2026-12-16T22:38:00Z,2026-12-17T00:07:00Z
6884,4,4,2026-12-16T14:00:00Z,2026-12-16T15:45:00Z
6885,8,4,2026-12-16T16:15:00Z,2026-12-16T17:44:00Z
6886,5,4,2026-12-16T18:04:00Z,2026-12-16T19:54:00Z
6887,5,4,2026-12-16T20:19:00Z,2026-12-16T22:09:00Z
6888,3,4,2026-12-16T22:34:00Z,2026-12-17T00:11:00Z
6889,8,1,2026-12-17T14:00:00Z,2026-12-17T15:29:00Z
6890,5,1,2026-12-17T15:59:00Z,2026-12-17T17:49:00Z
6891,5,1,2026-12-17T18:19:00Z,2026-12-17T20:09:00Z
6892,4,1,2026-12-17T20:34:00Z,2026-12-17T22:19:00Z
6893,5,1,2026-12-17T22:44:00Z,2026-12-18T00:34:00Z
6894,5,2,2026-12-17T14:00:00Z,2026-12-17T15:50:00Z
6895,8,2,2026-12-17T16:20:00Z,2026-12-17T17:49:00Z
6896,3,2,2026-12-17T18:09:00Z,2026-12-17T19:46:00Z
6897,1,2,2026-12-17T20:11:00Z,2026-12-17T22:09:00Z
6898,8,2,2026-12-17T22:34:00Z,2026-12-18T00:03:00Z
6899,3,3,2026-12-17T14:00:00Z,2026-12-17T15:37:00Z
6900,2,3,2026-12-17T15:57:00Z,2026-12-17T18:09:00Z
6901,5,3,2026-12-17T18:34:00Z,2026-12-17T20:24:00Z
6902,8,3,2026-12-17T20:44:00Z,2026-12-17T22:13:00Z
6903,3,3,2026-12-17T22:38:00Z,2026-12-18T00:15:00Z
6904,2,4,2026-12-17T14:00:00Z,2026-12-17T16:12:00Z
6905,4,4,2026-12-17T16:32:00Z,2026-12-17T18:17:00Z
6906,5,4,2026-12-17T18:42:00Z,2026-12-17T20:32:00Z
6907,8,4,2026-12-17T20:57:00Z,2026-12-17T22:26:00Z
6908,5,4,2026-12-17T22:46:00Z,2026-12-18T00:36:00Z
6909,4,1,2026-12-18T14:00:00Z,2026-12-18T15:45:00Z
6910,3,1,2026-12-18T16:15:00Z,2026-12-18T17:52:00Z
6911,3,1,2026-12-18T18:17:00Z,2026-12-18T19:54:00Z
6912,7,1,2026-12-18T20:14:00Z,2026-12-18T21:55:00Z
6913,3,1,2026-12-18T22:15:00Z,2026-12-18T23:52:00Z
6914,3,2,2026-12-18T14:00:00Z,2026-12-18T15:37:00Z
6915,8,2,2026-12-18T16:02:00Z,2026-12-18T17:31:00Z
6916,7,2,2026-12-18T18:01:00Z,2026-12-18T19:42:00Z
6917,5,2,2026-12-18T20:12:00Z,2026-12-18T22:02:00Z
6918,5,2,2026-12-18T22:22:00Z,2026-12-19T00:12:00Z
6919,5,3,2026-12-18T14:00:00Z,2026-12-18T15:50:00Z
6920,3,3,2026-12-18T16:15:00Z,2026-12-18T17:52:00Z
6921,6,3,2026-12-18T18:17:00Z,2026-12-18T20:42:00Z
6922,6,3,2026-12-18T21:12:00Z,2026-12-18T23:37:00Z
6923,6,4,2026-12-18T14:00:00Z,2026-12-18T16:25:00Z
6924,5,4,2026-12-18T16:50:00Z,2026-12-18T18:40:00Z
6925,7,4,2026-12-18T19:05:00Z,2026-12-18T20:46:00Z
6926,1,4,2026-12-18T21:11:00Z,2026-12-18T23:09:00Z
6927,1,4,2026-12-18T23:34:00Z,2026-12-19T01:32:00Z
6928,6,1,2026-12-19T14:00:00Z,2026-12-19T16:25:00Z
6929,3,1,2026-12-19T16:55:00Z,2026-12-19T18:32:00Z
6930,5,1,2026-12-19T18:57:00Z,2026-12-19T20:47:00Z
6931,4,1,2026-12-19T21:07:00Z,2026-12-19T22:52:00Z
6932,5,1,2026-12-19T23:12:00Z,2026-12-20T01:02:00Z
6933,6,2,2026-12-19T14:00:00Z,2026-12-19T16:25:00Z
6934,6,2,2026-12-19T16:45:00Z,2026-12-19T19:10:00Z
6935,7,2,2026-12-19T19:35:00Z,2026-12-19T21:16:00Z
6936,4,2,2026-12-19T21:41:00Z,2026-12-19T23:26:00Z
6937,8,2,2026-12-19T23:46:00Z,2026-12-20T01:15:00Z
6938,2,3,2026-12-19T14:00:00Z,2026-12-19T16:12:00Z
6939,4,3,2026-12-19T16:32:00Z,2026-12-19T18:17:00Z
6940,6,3,2026-12-19T18:37:00Z,2026-12-19T21:02:00Z
6941,8,3,2026-12-19T21:32:00Z,2026-12-19T23:01:00Z
6942,8,3,2026-12-19T23:31:00Z,2026-12-20T01:00:00Z
6943,7,4,2026-12-19T14:00:00Z,2026-12-19T15:41:00Z
6944,8,4,2026-12-19T16:11:00Z,2026-12-19T17:40:00Z
6945,5,4,2026-12-19T18:00:00Z,2026-12-19T19:50:00Z
6946,7,4,2026-12-19T20:20:00Z,2026-12-19T22:01:00Z
6947,2,4,2026-12-19T22:21:00Z,2026-12-20T00:33:00Z
6948,6,1,2026-12-20T14:00:00Z,2026-12-20T16:25:00Z
6949,6,1,2026-12-20T16:50:00Z,2026-12-20T19:15:00Z
6950,5,1,2026-12-20T19:40:00Z,2026-12-20T21:30:00Z
6951,8,1,2026-12-20T21:50:00Z,2026-12-20T23:19:00Z
6952,2,1,2026-12-20T23:39:00Z,2026-12-21T01:51:00Z
6953,7,2,2026-12-20T14:00:00Z,2026-12-20T15:41:00Z
6954,3,2,2026-12-20T16:01:00Z,2026-12-20T17:38:00Z
6955,5,2,2026-12-20T18:08:00Z,2026-12-20T19:58:00Z
6956,4,2,2026-12-20T20:28:00Z,2026-12-20T22:13:00Z
6957,2,2,2026-12-20T22:43:00Z,2026-12-21T00:55:00Z
6958,4,3,2026-12-20T14:00:00Z,2026-12-20T15:45:00Z
6959,5,3,2026-12-20T16:10:00Z,2026-12-20T18:00:00Z
6960,5,3,2026-12-20T18:30:00Z,2026-12-20T20:20:00Z
6961,1,3,2026-12-20T20:50:00Z,2026-12-20T22:48:00Z
6962,2,3,2026-12-20T23:08:00Z,2026-12-21T01:20:00Z
6963,6,4,2026-12-20T14:00:00Z,2026-12-20T16:25:00Z
6964,8,4,2026-12-20T16:50:00Z,2026-12-20T18:19:00Z
6965,4,4,2026-12-20T18:49:00Z,2026-12-20T20:34:00Z
6966,6,4,2026-12-20T20:54:00Z,2026-12-20T23:19:00Z
6967,4,4,2026-12-20T23:44:00Z,2026-12-21T01:29:00Z
6968,6,1,2026-12-21T14:00:00Z,2026-12-21T16:25:00Z
6969,4,1,2026-12-21T16:50:00Z,2026-12-21T18:35:00Z
6970,5,1,2026-12-21T19:05:00Z,2026-12-21T20:55:00Z
6971,1,1,2026-12-21T21:20:00Z,2026-12-21T23:18:00Z
6972,2,1,2026-12-21T23:38:00Z,2026-12-22T01:50:00Z
6973,7,2,2026-12-21T14:00:00Z,2026-12-21T15:41:00Z
6974,7,2,2026-12-21T16:06:00Z,2026-12-21T17:47:00Z
6975,1,2,2026-12-21T18:12:00Z,2026-12-21T20:10:00Z
6976,1,2,2026-12-21T20:40:00Z,2026-12-21T22:38:00Z
6977,6,2,2026-12-21T23:08:00Z,2026-12-22T01:33:00Z
6978,7,3,2026-12-21T14:00:00Z,2026-12-21T15:41:00Z
6979,6,3,2026-12-21T16:01:00Z,2026-12-21T18:26:00Z
6980,8,3,2026-12-21T18:56:00Z,2026-12-21T20:25:00Z
6981,6,3,2026-12-21T20:50:00Z,2026-12-21T23:15:00Z
6982,2,3,2026-12-21T23:45:00Z,2026-12-22T01:57:00Z
6983,2,4,2026-12-21T14:00:00Z,2026-12-21T16:12:00Z
6984,2,4,2026-12-21T16:42:00Z,2026-12-21T18:54:00Z
6985,2,4,2026-12-21T19:24:00Z,2026-12-21T21:36:00Z
6986,3,4,2026-12-21T22:06:00Z,2026-12-21T23:43:00Z
6987,2,1,2026-12-22T14:00:00Z,2026-12-22T16:12:00Z
6988,8,1,2026-12-22T16:42:00Z,2026-12-22T18:11:00Z
6989,4,1,2026-12-22T18:41:00Z,2026-12-22T20:26:00Z
6990,7,1,2026-12-22T20:46:00Z,2026-12-22T22:27:00Z
6991,8,1,2026-12-22T22:52:00Z,2026-12-23T00:21:00Z
6992,3,2,2026-12-22T14:00:00Z,2026-12-22T15:37:00Z
6993,6,2,2026-12-22T16:07:00Z,2026-12-22T18:32:00Z
6994,3,2,2026-12-22T18:52:00Z,2026-12-22T20:29:00Z
6995,6,2,2026-12-22T20:59:00Z,2026-12-22T23:24:00Z
6996,7,2,2026-12-22T23:49:00Z,2026-12-23T01:30:00Z
6997,7,3,2026-12-22T14:00:00Z,2026-12-22T15:41:00Z
6998,5,3,2026-12-22T16:11:00Z,2026-12-22T18:01:00Z
6999,7,3,2026-12-22T18:21:00Z,2026-12-22T20:02:00Z
7000,1,3,2026-12-22T20:22:00Z,2026-12-22T22:20:00Z
7001,6,3,2026-12-22T22:40:00Z,2026-12-23T01:05:00Z
7002,3,4,2026-12-22T14:00:00Z,2026-12-22T15:37:00Z
7003,4,4,2026-12-22T16:02:00Z,2026-12-22T17:47:00Z
7004,6,4,2026-12-22T18:17:00Z,2026-12-22T20:42:00Z
7005,8,4,2026-12-22T21:12:00Z,2026-12-22T22:41:00Z
7006,4,4,2026-12-22T23:11:00Z,2026-12-23T00:56:00Z
7007,6,1,2026-12-23T14:00:00Z,2026-12-23T16:25:00Z
7008,3,1,2026-12-23T16:55:00Z,2026-12-23T18:32:00Z
7009,3,1,2026-12-23T18:52:00Z,2026-12-23T20:29:00Z
7010,5,1,2026-12-23T20:49:00Z,2026-12-23T22:39:00Z
7011,2,1,2026-12-23T22:59:00Z,2026-12-24T01:11:00Z
7012,1,2,2026-12-23T14:00:00Z,2026-12-23T15:58:00Z
7013,6,2,2026-12-23T16:18:00Z,2026-12-23T18:43:00Z
7014,6,2,2026-12-23T19:03:00Z,2026-12-23T21:28:00Z
7015,4,2,2026-12-23T21:53:00Z,2026-12-23T23:38:00Z
7016,4,3,2026-12-23T14:00:00Z,2026-12-23T15:45:00Z
7017,5,3,2026-12-23T16:05:00Z,2026-12-23T17:55:00Z
7018,7,3,2026-12-23T18:15:00Z,2026-12-23T19:56:00Z
7019,4,3,2026-12-23T20:21:00Z,2026-12-23T22:06:00Z
7020,6,3,2026-12-23T22:26:00Z,2026-12-24T00:51:00Z
7021,3,4,2026-12-23T14:00:00Z,2026-12-23T15:37:00Z
7022,2,4,2026-12-23T16:02:00Z,2026-12-23T18:14:00Z
7023,1,4,2026-12-23T18:39:00Z,2026-12-23T20:37:00Z
7024,4,4,2026-12-23T21:02:00Z,2026-12-23T22:47:00Z
7025,1,4,2026-12-23T23:12:00Z,2026-12-24T01:10:00Z
7026,8,1,2026-12-24T14:00:00Z,2026-12-24T15:29:00Z
7027,4,1,2026-12-24T15:54:00Z,2026-12-24T17:39:00Z
7028,7,1,2026-12-24T17:59:00Z,2026-12-24T19:40:00Z
7029,2,1,2026-12-24T20:10:00Z,2026-12-24T22:22:00Z
7030,3,1,2026-12-24T22:42:00Z,2026-12-25T00:19:00Z
7031,2,2,2026-12-24T14:00:00Z,2026-12-24T16:12:00Z
7032,4,2,2026-12-24T16:32:00Z,2026-12-24T18:17:00Z
7033,8,2,2026-12-24T18:37:00Z,2026-12-24T20:06:00Z
7034,6,2,2026-12-24T20:36:00Z,2026-12-24T23:01:00Z
7035,6,2,2026-12-24T23:31:00Z,2026-12-25T01:56:00Z
7036,4,3,2026-12-24T14:00:00Z,2026-12-24T15:45:00Z
7037,2,3,2026-12-24T16:05:00Z,2026-12-24T18:17:00Z
7038,6,3,2026-12-24T18:47:00Z,2026-12-24T21:12:00Z
7039,5,3,2026-12-24T21:37:00Z,2026-12-24T23:27:00Z
7040,2,3,2026-12-24T23:57:00Z,2026-12-25T02:09:00Z
7041,1,4,2026-12-24T14:00:00Z,2026-12-24T15:58:00Z
7042,7,4,2026-12-24T16:18:00Z,2026-12-24T17:59:00Z
7043,7,4,2026-12-24T18:24:00Z,2026-12-24T20:05:00Z
7044,6,4,2026-12-24T20:25:00Z,2026-12-24T22:50:00Z
7045,5,4,2026-12-24T23:15:00Z,2026-12-25T01:05:00Z
7046,7,1,2026-12-25T14:00:00Z,2026-12-25T15:41:00Z
7047,5,1,2026-12-25T16:11:00Z,2026-12-25T18:01:00Z
7048,2,1,2026-12-25T18:21:00Z,2026-12-25T20:33:00Z
7049,7,1,2026-12-25T21:03:00Z,2026-12-25T22:44:00Z
7050,1,1,2026-12-25T23:09:00Z,2026-12-26T01:07:00Z
7051,6,2,2026-12-25T14:00:00Z,2026-12-25T16:25:00Z
7052,3,2,2026-12-25T16:45:00Z,2026-12-25T18:22:00Z
7053,3,2,2026-12-25T18:42:00Z,2026-12-25T20:19:00Z
7054,1,2,2026-12-25T20:49:00Z,2026-12-25T22:47:00Z
7055,3,2,2026-12-25T23:07:00Z,2026-12-26T00:44:00Z
7056,8,3,2026-12-25T14:00:00Z,2026-12-25T15:29:00Z
7057,1,3,2026-12-25T15:49:00Z,2026-12-25T17:47:00Z
7058,4,3,2026-12-25T18:17:00Z,2026-12-25T20:02:00Z
7059,5,3,2026-12-25T20:32:00Z,2026-12-25T22:22:00Z
7060,7,3,2026-12-25T22:47:00Z,2026-12-26T00:28:00Z
7061,7,4,2026-12-25T14:00:00Z,2026-12-25T15:41:00Z
7062,3,4,2026-12-25T16:01:00Z,2026-12-25T17:38:00Z
7063,3,4,2026-12-25T18:08:00Z,2026-12-25T19:45:00Z
7064,3,4,2026-12-25T20:15:00Z,2026-12-25T21:52:00Z
7065,2,4,2026-12-25T22:17:00Z,2026-12-26T00:29:00Z
7066,1,1,2026-12-26T14:00:00Z,2026-12-26T15:58:00Z
7067,4,1,2026-12-26T16:23:00Z,2026-12-26T18:08:00Z
7068,7,1,2026-12-26T18:33:00Z,2026-12-26T20:14:00Z
7069,6,1,2026-12-26T20:44:00Z,2026-12-26T23:09:00Z
7070,6,1,2026-12-26T23:34:00Z,2026-12-27T01:59:00Z
7071,1,2,2026-12-26T14:00:00Z,2026-12-26T15:58:00Z
7072,1,2,2026-12-26T16:23:00Z,2026-12-26T18:21:00Z
7073,1,2,2026-12-26T18:46:00Z,2026-12-26T20:44:00Z
7074,3,2,2026-12-26T21:14:00Z,2026-12-26T22:51:00Z
7075,1,2,2026-12-26T23:16:00Z,2026-12-27T01:14:00Z
7076,7,3,2026-12-26T14:00:00Z,2026-12-26T15:41:00Z
7077,3,3,2026-12-26T16:11:00Z,2026-12-26T17:48:00Z
7078,2,3,2026-12-26T18:08:00Z,2026-12-26T20:20:00Z
7079,6,3,2026-12-26T20:40:00Z,2026-12-26T23:05:00Z
7080,2,3,2026-12-26T23:25:00Z,2026-12-27T01:37:00Z
7081,2,4,2026-12-26T14:00:00Z,2026-12-26T16:12:00Z
7082,8,4,2026-12-26T16:32:00Z,2026-12-26T18:01:00Z
7083,7,4,2026-12-26T18:26:00Z,2026-12-26T20:07:00Z
7084,8,4,2026-12-26T20:37:00Z,2026-12-26T22:06:00Z
7085,1,4,2026-12-26T22:26:00Z,2026-12-27T00:24:00Z
7086,8,1,2026-12-27T14:00:00Z,2026-12-27T15:29:00Z
7087,5,1,2026-12-27T15:54:00Z,2026-12-27T17:44:00Z
7088,6,1,2026-12-27T18:04:00Z,2026-12-27T20:29:00Z
7089,6,1,2026-12-27T20:59:00Z,2026-12-27T23:24:00Z
7090,2,1,2026-12-27T23:54:00Z,2026-12-28T02:06:00Z
7091,8,2,2026-12-27T14:00:00Z,2026-12-27T15:29:00Z
7092,4,2,2026-12-27T15:59:00Z,2026-12-27T17:44:00Z
7093,4,2,2026-12-27T18:04:00Z,2026-12-27T19:49:00Z
7094,3,2,2026-12-27T20:19:00Z,2026-12-27T21:56:00Z
7095,4,2,2026-12-27T22:16:00Z,2026-12-28T00:01:00Z
7096,2,3,2026-12-27T14:00:00Z,2026-12-27T16:12:00Z
7097,2,3,2026-12-27T16:42:00Z,2026-12-27T18:54:00Z
7098,7,3,2026-12-27T19:24:00Z,2026-12-27T21:05:00Z
7099,2,3,2026-12-27T21:30:00Z,2026-12-27T23:42:00Z
7100,4,4,2026-12-27T14:00:00Z,2026-12-27T15:45:00Z
7101,3,4,2026-12-27T16:10:00Z,2026-12-27T17:47:00Z
7102,5,4,2026-12-27T18:17:00Z,2026-12-27T20:07:00Z
7103,8,4,2026-12-27T20:32:00Z,2026-12-27T22:01:00Z
7104,5,4,2026-12-27T22:31:00Z,2026-12-28T00:21:00Z
7105,6,1,2026-12-28T14:00:00Z,2026-12-28T16:25:00Z
7106,6,1,2026-12-28T16:50:00Z,2026-12-28T19:15:00Z
7107,3,1,2026-12-28T19:45:00Z,2026-12-28T21:22:00Z
7108,1,1,2026-12-28T21:52:00Z,2026-12-28T23:50:00Z
7109,7,2,2026-12-28T14:00:00Z,2026-12-28T15:41:00Z
7110,1,2,2026-12-28T16:11:00Z,2026-12-28T18:09:00Z
7111,3,2,2026-12-28T18:29:00Z,2026-12-28T20:06:00Z
7112,3,2,2026-12-28T20:26:00Z,2026-12-28T22:03:00Z
7113,1,2,2026-12-28T22:33:00Z,2026-12-29T00:31:00Z
7114,3,3,2026-12-28T14:00:00Z,2026-12-28T15:37:00Z
7115,6,3,2026-12-28T16:02:00Z,2026-12-28T18:27:00Z
7116,8,3,2026-12-28T18:47:00Z,2026-12-28T20:16:00Z
7117,6,3,2026-12-28T20:41:00Z,2026-12-28T23:06:00Z
7118,7,3,2026-12-28T23:26:00Z,2026-12-29T01:07:00Z
7119,4,4,2026-12-28T14:00:00Z,2026-12-28T15:45:00Z
7120,5,4,2026-12-28T16:10:00Z,2026-12-28T18:00:00Z
7121,8,4,2026-12-28T18:30:00Z,2026-12-28T19:59:00Z
7122,5,4,2026-12-28T20:19:00Z,2026-12-28T22:09:00Z
7123,6,4,2026-12-28T22:39:00Z,2026-12-29T01:04:00Z
7124,3,1,2026-12-29T14:00:00Z,2026-12-29T15:37:00Z
7125,6,1,2026-12-29T16:02:00Z,2026-12-29T18:27:00Z
7126,8,1,2026-12-29T18:52:00Z,2026-12-29T20:21:00Z
7127,2,1,2026-12-29T20:51:00Z,2026-12-29T23:03:00Z
7128,6,1,2026-12-29T23:33:00Z,2026-12-30T01:58:00Z
7129,5,2,2026-12-29T14:00:00Z,2026-12-29T15:50:00Z
7130,6,2,2026-12-29T16:10:00Z,2026-12-29T18:35:00Z
7131,1,2,2026-12-29T19:00:00Z,2026-12-29T20:58:00Z
7132,3,2,2026-12-29T21:28:00Z,2026-12-29T23:05:00Z
7133,4,2,2026-12-29T23:25:00Z,2026-12-30T01:10:00Z
7134,2,3,2026-12-29T14:00:00Z,2026-12-29T16:12:00Z
7135,5,3,2026-12-29T16:32:00Z,2026-12-29T18:22:00Z
7136,6,3,2026-12-29T18:42:00Z,2026-12-29T21:07:00Z
7137,8,3,2026-12-29T21:32:00Z,2026-12-29T23:01:00Z
7138,2,3,2026-12-29T23:26:00Z,2026-12-30T01:38:00Z
7139,3,4,2026-12-29T14:00:00Z,2026-12-29T15:37:00Z
7140,4,4,2026-12-29T16:02:00Z,2026-12-29T17:47:00Z
7141,4,4,2026-12-29T18:07:00Z,2026-12-29T19:52:00Z
7142,4,4,2026-12-29T20:12:00Z,2026-12-29T21:57:00Z
7143,6,4,2026-12-29T22:27:00Z,2026-12-30T00:52:00Z
7144,3,1,2026-12-30T14:00:00Z,2026-12-30T15:37:00Z
7145,1,1,2026-12-30T16:07:00Z,2026-12-30T18:05:00Z
7146,6,1,2026-12-30T18:35:00Z,2026-12-30T21:00:00Z
7147,4,1,2026-12-30T21:30:00Z,2026-12-30T23:15:00Z
7148,3,1,2026-12-30T23:45:00Z,2026-12-31T01:22:00Z
7149,3,2,2026-12-30T14:00:00Z,2026-12-30T15:37:00Z
7150,3,2,2026-12-30T15:57:00Z,2026-12-30T17:34:00Z
7151,4,2,2026-12-30T18:04:00Z,2026-12-30T19:49:00Z
7152,3,2,2026-12-30T20:19:00Z,2026-12-30T21:56:00Z
7153,7,2,2026-12-30T22:26:00Z,2026-12-31T00:07:00Z
7154,5,3,2026-12-30T14:00:00Z,2026-12-30T15:50:00Z
7155,7,3,2026-12-30T16:10:00Z,2026-12-30T17:51:00Z
7156,7,3,2026-12-30T18:16:00Z,2026-12-30T19:57:00Z
7157,7,3,2026-12-30T20:27:00Z,2026-12-30T22:08:00Z
7158,8,3,2026-12-30T22:33:00Z,2026-12-31T00:02:00Z
7159,3,4,2026-12-30T14:00:00Z,2026-12-30T15:37:00Z
7160,5,4,2026-12-30T16:07:00Z,2026-12-30T17:57:00Z
7161,2,4,2026-12-30T18:17:00Z,2026-12-30T20:29:00Z
7162,5,4,2026-12-30T20:54:00Z,2026-12-30T22:44:00Z
7163,2,4,2026-12-30T23:04:00Z,2026-12-31T01:16:00Z
7164,7,1,2026-12-31T14:00:00Z,2026-12-31T15:41:00Z
7165,3,1,2026-12-31T16:01:00Z,2026-12-31T17:38:00Z
7166,3,1,2026-12-31T18:03:00Z,2026-12-31T19:40:00Z
7167,7,1,2026-12-31T20:00:00Z,2026-12-31T21:41:00Z
7168,7,1,2026-12-31T22:01:00Z,2026-12-31T23:42:00Z
7169,4,2,2026-12-31T14:00:00Z,2026-12-31T15:45:00Z
7170,6,2,2026-12-31T16:05:00Z,2026-12-31T18:30:00Z
7171,4,2,2026-12-31T18:50:00Z,2026-12-31T20:35:00Z
7172,3,2,2026-12-31T21:00:00Z,2026-12-31T22:37:00Z
7173,2,2,2026-12-31T23:02:00Z,2027-01-01T01:14:00Z
7174,3,3,2026-12-31T14:00:00Z,2026-12-31T15:37:00Z
7175,8,3,2026-12-31T15:57:00Z,2026-12-31T17:26:00Z
7176,5,3,2026-12-31T17:46:00Z,2026-12-31T19:36:00Z
7177,1,3,2026-12-31T20:01:00Z,2026-12-31T21:59:00Z
7178,2,3,2026-12-31T22:29:00Z,2027-01-01T00:41:00Z
7179,5,4,2026-12-31T14:00:00Z,2026-12-31T15:50:00Z
7180,2,4,2026-12-31T16:20:00Z,2026-12-31T18:32:00Z
7181,8,4,2026-12-31T19:02:00Z,2026-12-31T20:31:00Z
7182,8,4,2026-12-31T20:51:00Z,2026-12-31T22:20:00Z
7183,2,4,2026-12-31T22:45:00Z,2027-01-01T00:57:00Z
7184,8,1,2027-01-01T14:00:00Z,2027-01-01T15:29:00Z
7185,2,1,2027-01-01T15:49:00Z,2027-01-01T18:01:00Z
7186,6,1,2027-01-01T18:31:00Z,2027-01-01T20:56:00Z
7187,1,1,2027-01-01T21:21:00Z,2027-01-01T23:19:00Z
7188,5,1,2027-01-01T23:44:00Z,2027-01-02T01:34:00Z
7189,8,2,2027-01-01T14:00:00Z,2027-01-01T15:29:00Z
7190,3,2,2027-01-01T15:54:00Z,2027-01-01T17:31:00Z
7191,8,2,2027-01-01T18:01:00Z,2027-01-01T19:30:00Z
7192,4,2,2027-01-01T19:55:00Z,2027-01-01T21:40:00Z
7193,2,2,2027-01-01T22:10:00Z,2027-01-02T00:22:00Z
7194,6,3,2027-01-01T14:00:00Z,2027-01-01T16:25:00Z
7195,8,3,2027-01-01T16:45:00Z,2027-01-01T18:14:00Z
7196,7,3,2027-01-01T18:44:00Z,2027-01-01T20:25:00Z
7197,1,3,2027-01-01T20:50:00Z,2027-01-01T22:48:00Z
7198,2,3,2027-01-01T23:18:00Z,2027-01-02T01:30:00Z
7199,5,4,2027-01-01T14:00:00Z,2027-01-01T15:50:00Z
7200,6,4,2027-01-01T16:15:00Z,2027-01-01T18:40:00Z
7201,5,4,2027-01-01T19:05:00Z,2027-01-01T20:55:00Z
7202,2,4,2027-01-01T21:20:00Z,2027-01-01T23:32:00Z
7203,2,4,2027-01-01T23:52:00Z,2027-01-02T02:04:00Z
7204,8,1,2027-01-02T14:00:00Z,2027-01-02T15:29:00Z
7205,8,1,2027-01-02T15:49:00Z,2027-01-02T17:18:00Z
7206,7,1,2027-01-02T17:38:00Z,2027-01-02T19:19:00Z
7207,5,1,2027-01-02T19:49:00Z,2027-01-02T21:39:00Z
7208,8,1,2027-01-02T21:59:00Z,2027-01-02T23:28:00Z
7209,7,1,2027-01-02T23:58:00Z,2027-01-03T01:39:00Z
7210,7,2,2027-01-02T14:00:00Z,2027-01-02T15:41:00Z
7211,2,2,2027-01-02T16:01:00Z,2027-01-02T18:13:00Z
7212,2,2,2027-01-02T18:43:00Z,2027-01-02T20:55:00Z
7213,2,2,2027-01-02T21:25:00Z,2027-01-02T23:37:00Z
7214,4,2,2027-01-02T23:57:00Z,2027-01-03T01:42:00Z
7215,7,3,2027-01-02T14:00:00Z,2027-01-02T15:41:00Z
7216,1,3,2027-01-02T16:06:00Z,2027-01-02T18:04:00Z
7217,8,3,2027-01-02T18:29:00Z,2027-01-02T19:58:00Z
7218,1,3,2027-01-02T20:23:00Z,2027-01-02T22:21:00Z
7219,7,3,2027-01-02T22:46:00Z,2027-01-03T00:27:00Z
7220,1,4,2027-01-02T14:00:00Z,2027-01-02T15:58:00Z
7221,3,4,2027-01-02T16:18:00Z,2027-01-02T17:55:00Z
7222,6,4,2027-01-02T18:15:00Z,2027-01-02T20:40:00Z
7223,5,4,2027-01-02T21:00:00Z,2027-01-02T22:50:00Z
7224,1,4,2027-01-02T23:15:00Z,2027-01-03T01:13:00Z
7225,8,1,2027-01-03T14:00:00Z,2027-01-03T15:29:00Z
7226,6,1,2027-01-03T15:54:00Z,2027-01-03T18:19:00Z
7227,6,1,2027-01-03T18:49:00Z,2027-01-03T21:14:00Z
7228,4,1,2027-01-03T21:39:00Z,2027-01-03T23:24:00Z
7229,8,1,2027-01-03T23:49:00Z,2027-01-04T01:18:00Z
7230,6,2,2027-01-03T14:00:00Z,2027-01-03T16:25:00Z
7231,5,2,2027-01-03T16:50:00Z,2027-01-03T18:40:00Z
7232,4,2,2027-01-03T19:00:00Z,2027-01-03T20:45:00Z
7233,6,2,2027-01-03T21:15:00Z,2027-01-03T23:40:00Z
7234,7,3,2027-01-03T14:00:00Z,2027-01-03T15:41:00Z
7235,3,3,2027-01-03T16:06:00Z,2027-01-03T17:43:00Z
7236,2,3,2027-01-03T18:08:00Z,2027-01-03T20:20:00Z
7237,6,3,2027-01-03T20:45:00Z,2027-01-03T23:10:00Z
7238,4,3,2027-01-03T23:40:00Z,2027-01-04T01:25:00Z
7239,5,4,2027-01-03T14:00:00Z,2027-01-03T15:50:00Z
7240,2,4,2027-01-03T16:10:00Z,2027-01-03T18:22:00Z
7241,7,4,2027-01-03T18:52:00Z,2027-01-03T20:33:00Z
7242,8,4,2027-01-03T20:58:00Z,2027-01-03T22:27:00Z
7243,3,4,2027-01-03T22:57:00Z,2027-01-04T00:34:00Z
7244,4,1,2027-01-04T14:00:00Z,2027-01-04T15:45:00Z
7245,8,1,2027-01-04T16:10:00Z,2027-01-04T17:39:00Z
7246,6,1,2027-01-04T18:04:00Z,2027-01-04T20:29:00Z
7247,6,1,2027-01-04T20:54:00Z,2027-01-04T23:19:00Z
7248,3,1,2027-01-04T23:39:00Z,2027-01-05T01:16:00Z
7249,1,2,2027-01-04T14:00:00Z,2027-01-04T15:58:00Z
7250,4,2,2027-01-04T16:18:00Z,2027-01-04T18:03:00Z
7251,5,2,2027-01-04T18:33:00Z,2027-01-04T20:23:00Z
7252,5,2,2027-01-04T20:53:00Z,2027-01-04T22:43:00Z
7253,3,2,2027-01-04T23:13:00Z,2027-01-05T00:50:00Z
7254,2,3,2027-01-04T14:00:00Z,2027-01-04T16:12:00Z
7255,2,3,2027-01-04T16:32:00Z,2027-01-04T18:44:00Z
7256,7,3,2027-01-04T19:04:00Z,2027-01-04T20:45:00Z
7257,3,3,2027-01-04T21:10:00Z,2027-01-04T22:47:00Z
7258,6,3,2027-01-04T23:17:00Z,2027-01-05T01:42:00Z
7259,6,4,2027-01-04T14:00:00Z,2027-01-04T16:25:00Z
7260,3,4,2027-01-04T16:50:00Z,2027-01-04T18:27:00Z
7261,2,4,2027-01-04T18:52:00Z,2027-01-04T21:04:00Z
7262,5,4,2027-01-04T21:34:00Z,2027-01-04T23:24:00Z
7263,2,4,2027-01-04T23:54:00Z,2027-01-05T02:06:00Z
7264,4,1,2027-01-05T14:00:00Z,2027-01-05T15:45:00Z
7265,1,1,2027-01-05T16:10:00Z,2027-01-05T18:08:00Z
7266,3,1,2027-01-05T18:28:00Z,2027-01-05T20:05:00Z
7267,5,1,2027-01-05T20:35:00Z,2027-01-05T22:25:00Z
7268,8,1,2027-01-05T22:45:00Z,2027-01-06T00:14:00Z
7269,4,2,2027-01-05T14:00:00Z,2027-01-05T15:45:00Z
7270,4,2,2027-01-05T16:05:00Z,2027-01-05T17:50:00Z
7271,4,2,2027-01-05T18:15:00Z,2027-01-05T20:00:00Z
7272,1,2,2027-01-05T20:20:00Z,2027-01-05T22:18:00Z
7273,4,2,2027-01-05T22:43:00Z,2027-01-06T00:28:00Z
7274,8,3,2027-01-05T14:00:00Z,2027-01-05T15:29:00Z
7275,7,3,2027-01-05T15:54:00Z,2027-01-05T17:35:00Z
7276,4,3,2027-01-05T18:05:00Z,2027-01-05T19:50:00Z
7277,3,3,2027-01-05T20:15:00Z,2027-01-05T21:52:00Z
7278,7,3,2027-01-05T22:22:00Z,2027-01-06T00:03:00Z
7279,7,4,2027-01-05T14:00:00Z,2027-01-05T15:41:00Z
7280,5,4,2027-01-05T16:11:00Z,2027-01-05T18:01:00Z
7281,6,4,2027-01-05T18:31:00Z,2027-01-05T20:56:00Z
7282,7,4,2027-01-05T21:21:00Z,2027-01-05T23:02:00Z
7283,6,4,2027-01-05T23:27:00Z,2027-01-06T01:52:00Z
7284,6,1,2027-01-06T14:00:00Z,2027-01-06T16:25:00Z
7285,6,1,2027-01-06T16:55:00Z,2027-01-06T19:20:00Z
7286,3,1,2027-01-06T19:40:00Z,2027-01-06T21:17:00Z
7287,4,1,2027-01-06T21:42:00Z,2027-01-06T23:27:00Z
7288,3,1,2027-01-06T23:57:00Z,2027-01-07T01:34:00Z
7289,8,2,2027-01-06T14:00:00Z,2027-01-06T15:29:00Z
7290,6,2,2027-01-06T15:59:00Z,2027-01-06T18:24:00Z
7291,4,2,2027-01-06T18:44:00Z,2027-01-06T20:29:00Z
7292,6,2,2027-01-06T20:59:00Z,2027-01-06T23:24:00Z
7293,4,2,2027-01-06T23:54:00Z,2027-01-07T01:39:00Z
7294,5,3,2027-01-06T14:00:00Z,2027-01-06T15:50:00Z
7295,1,3,2027-01-06T16:20:00Z,2027-01-06T18:18:00Z
7296,8,3,2027-01-06T18:43:00Z,2027-01-06T20:12:00Z
7297,7,3,2027-01-06T20:37:00Z,2027-01-06T22:18:00Z
7298,3,3,2027-01-06T22:38:00Z,2027-01-07T00:15:00Z
7299,8,4,2027-01-06T14:00:00Z,2027-01-06T15:29:00Z
7300,1,4,2027-01-06T15:59:00Z,2027-01-06T17:57:00Z
7301,8,4,2027-01-06T18:22:00Z,2027-01-06T19:51:00Z
7302,3,4,2027-01-06T20:21:00Z,2027-01-06T21:58:00Z
7303,6,4,2027-01-06T22:18:00Z,2027-01-07T00:43:00Z
7304,5,1,2027-01-07T14:00:00Z,2027-01-07T15:50:00Z
7305,5,1,2027-01-07T16:20:00Z,2027-01-07T18:10:00Z
7306,1,1,2027-01-07T18:40:00Z,2027-01-07T20:38:00Z
7307,8,1,2027-01-07T21:08:00Z,2027-01-07T22:37:00Z
7308,3,1,2027-01-07T23:02:00Z,2027-01-08T00:39:00Z
7309,4,2,2027-01-07T14:00:00Z,2027-01-07T15:45:00Z
7310,8,2,2027-01-07T16:15:00Z,2027-01-07T17:44:00Z
7311,5,2,2027-01-07T18:09:00Z,2027-01-07T19:59:00Z
7312,4,2,2027-01-07T20:24:00Z,2027-01-07T22:09:00Z
7313,7,2,2027-01-07T22:39:00Z,2027-01-08T00:20:00Z
7314,6,3,2027-01-07T14:00:00Z,2027-01-07T16:25:00Z
7315,1,3,2027-01-07T16:45:00Z,2027-01-07T18:43:00Z
7316,6,3,2027-01-07T19:13:00Z,2027-01-07T21:38:00Z
7317,2,3,2027-01-07T22:08:00Z,2027-01-08T00:20:00Z
7318,2,4,2027-01-07T14:00:00Z,2027-01-07T16:12:00Z
7319,7,4,2027-01-07T16:42:00Z,2027-01-07T18:23:00Z
7320,3,4,2027-01-07T18:53:00Z,2027-01-07T20:30:00Z
7321,4,4,2027-01-07T21:00:00Z,2027-01-07T22:45:00Z
7322,3,4,2027-01-07T23:05:00Z,2027-01-08T00:42:00Z
7323,1,1,2027-01-08T14:00:00Z,2027-01-08T15:58:00Z
7324,8,1,2027-01-08T16:28:00Z,2027-01-08T17:57:00Z
7325,2,1,2027-01-08T18:27:00Z,2027-01-08T20:39:00Z
7326,2,1,2027-01-08T21:04:00Z,2027-01-08T23:16:00Z
7327,7,1,2027-01-08T23:36:00Z,2027-01-09T01:17:00Z
7328,7,2,2027-01-08T14:00:00Z,2027-01-08T15:41:00Z
7329,7,2,2027-01-08T16:06:00Z,2027-01-08T17:47:00Z
7330,8,2,2027-01-08T18:17:00Z,2027-01-08T19:46:00Z
7331,6,2,2027-01-08T20:06:00Z,2027-01-08T22:31:00Z
7332,2,2,2027-01-08T22:51:00Z,2027-01-09T01:03:00Z
7333,6,3,2027-01-08T14:00:00Z,2027-01-08T16:25:00Z
7334,7,3,2027-01-08T16:45:00Z,2027-01-08T18:26:00Z
7335,8,3,2027-01-08T18:51:00Z,2027-01-08T20:20:00Z
7336,3,3,2027-01-08T20:40:00Z,2027-01-08T22:17:00Z
7337,7,3,2027-01-08T22:42:00Z,2027-01-09T00:23:00Z
7338,4,4,2027-01-08T14:00:00Z,2027-01-08T15:45:00Z
7339,2,4,2027-01-08T16:10:00Z,2027-01-08T18:22:00Z
7340,8,4,2027-01-08T18:47:00Z,2027-01-08T20:16:00Z
7341,5,4,2027-01-08T20:36:00Z,2027-01-08T22:26:00Z
7342,1,4,2027-01-08T22:46:00Z,2027-01-09T00:44:00Z
7343,1,1,2027-01-09T14:00:00Z,2027-01-09T15:58:00Z
7344,6,1,2027-01-09T16:28:00Z,2027-01-09T18:53:00Z
7345,3,1,2027-01-09T19:13:00Z,2027-01-09T20:50:00Z
7346,1,1,2027-01-09T21:10:00Z,2027-01-09T23:08:00Z
7347,6,1,2027-01-09T23:28:00Z,2027-01-10T01:53:00Z
7348,5,2,2027-01-09T14:00:00Z,2027-01-09T15:50:00Z
7349,6,2,2027-01-09T16:10:00Z,2027-01-09T18:35:00Z
7350,3,2,2027-01-09T18:55:00Z,2027-01-09T20:32:00Z
7351,8,2,2027-01-09T20:52:00Z,2027-01-09T22:21:00Z
7352,4,2,2027-01-09T22:41:00Z,2027-01-10T00:26:00Z
7353,2,3,2027-01-09T14:00:00Z,2027-01-09T16:12:00Z
7354,3,3,2027-01-09T16:42:00Z,2027-01-09T18:19:00Z
7355,6,3,2027-01-09T18:49:00Z,2027-01-09T21:14:00Z
7356,3,3,2027-01-09T21:44:00Z,2027-01-09T23:21:00Z
7357,3,3,2027-01-09T23:46:00Z,2027-01-10T01:23:00Z
7358,3,4,2027-01-09T14:00:00Z,2027-01-09T15:37:00Z
7359,1,4,2027-01-09T16:02:00Z,2027-01-09T18:00:00Z
7360,1,4,2027-01-09T18:30:00Z,2027-01-09T20:28:00Z
7361,2,4,2027-01-09T20:58:00Z,2027-01-09T23:10:00Z
7362,5,4,2027-01-09T23:35:00Z,2027-01-10T01:25:00Z
7363,6,1,2027-01-10T14:00:00Z,2027-01-10T16:25:00Z
7364,3,1,2027-01-10T16:55:00Z,2027-01-10T18:32:00Z
7365,3,1,2027-01-10T19:02:00Z,2027-01-10T20:39:00Z
7366,8,1,2027-01-10T20:59:00Z,2027-01-10T22:28:00Z
7367,3,1,2027-01-10T22:48:00Z,2027-01-11T00:25:00Z
7368,6,2,2027-01-10T14:00:00Z,2027-01-10T16:25:00Z
7369,7,2,2027-01-10T16:50:00Z,2027-01-10T18:31:00Z
7370,2,2,2027-01-10T18:56:00Z,2027-01-10T21:08:00Z
7371,2,2,2027-01-10T21:38:00Z,2027-01-10T23:50:00Z
7372,4,3,2027-01-10T14:00:00Z,2027-01-10T15:45:00Z
7373,3,3,2027-01-10T16:10:00Z,2027-01-10T17:47:00Z
7374,8,3,2027-01-10T18:07:00Z,2027-01-10T19:36:00Z
7375,7,3,2027-01-10T19:56:00Z,2027-01-10T21:37:00Z
7376,6,3,2027-01-10T21:57:00Z,2027-01-11T00:22:00Z
7377,8,4,2027-01-10T14:00:00Z,2027-01-10T15:29:00Z
7378,2,4,2027-01-10T15:59:00Z,2027-01-10T18:11:00Z
7379,2,4,2027-01-10T18:41:00Z,2027-01-10T20:53:00Z
7380,6,4,2027-01-10T21:23:00Z,2027-01-10T23:48:00Z
7381,7,1,2027-01-11T14:00:00Z,2027-01-11T15:41:00Z
7382,4,1,2027-01-11T16:11:00Z,2027-01-11T17:56:00Z
7383,6,1,2027-01-11T18:21:00Z,2027-01-11T20:46:00Z
7384,8,1,2027-01-11T21:06:00Z,2027-01-11T22:35:00Z
7385,5,1,2027-01-11T22:55:00Z,2027-01-12T00:45:00Z
7386,7,2,2027-01-11T14:00:00Z,2027-01-11T15:41:00Z
7387,7,2,2027-01-11T16:06:00Z,2027-01-11T17:47:00Z
7388,2,2,2027-01-11T18:12:00Z,2027-01-11T20:24:00Z
7389,1,2,2027-01-11T20:49:00Z,2027-01-11T22:47:00Z
7390,2,2,2027-01-11T23:12:00Z,2027-01-12T01:24:00Z
7391,8,3,2027-01-11T14:00:00Z,2027-01-11T15:29:00Z
7392,7,3,2027-01-11T15:59:00Z,2027-01-11T17:40:00Z
7393,8,3,2027-01-11T18:05:00Z,2027-01-11T19:34:00Z
7394,1,3,2027-01-11T19:59:00Z,2027-01-11T21:57:00Z
7395,1,3,2027-01-11T22:27:00Z,2027-01-12T00:25:00Z
7396,2,4,2027-01-11T14:00:00Z,2027-01-11T16:12:00Z
7397,3,4,2027-01-11T16:37:00Z,2027-01-11T18:14:00Z
7398,6,4,2027-01-11T18:44:00Z,2027-01-11T21:09:00Z
7399,1,4,2027-01-11T21:39:00Z,2027-01-11T23:37:00Z
7400,1,1,2027-01-12T14:00:00Z,2027-01-12T15:58:00Z
7401,5,1,2027-01-12T16:18:00Z,2027-01-12T18:08:00Z
7402,4,1,2027-01-12T18:33:00Z,2027-01-12T20:18:00Z
7403,1,1,2027-01-12T20:43:00Z,2027-01-12T22:41:00Z
7404,7,1,2027-01-12T23:11:00Z,2027-01-13T00:52:00Z
7405,3,2,2027-01-12T14:00:00Z,2027-01-12T15:37:00Z
7406,6,2,2027-01-12T16:07:00Z,2027-01-12T18:32:00Z
7407,1,2,2027-01-12T19:02:00Z,2027-01-12T21:00:00Z
7408,2,2,2027-01-12T21:20:00Z,2027-01-12T23:32:00Z
7409,3,2,2027-01-12T23:57:00Z,2027-01-13T01:34:00Z
7410,6,3,2027-01-12T14:00:00Z,2027-01-12T16:25:00Z
7411,4,3,2027-01-12T16:45:00Z,2027-01-12T18:30:00Z
7412,4,3,2027-01-12T18:55:00Z,2027-01-12T20:40:00Z
7413,1,3,2027-01-12T21:10:00Z,2027-01-12T23:08:00Z
7414,7,3,2027-01-12T23:28:00Z,2027-01-13T01:09:00Z
7415,2,4,2027-01-12T14:00:00Z,2027-01-12T16:12:00Z
7416,1,4,2027-01-12T16:37:00Z,2027-01-12T18:35:00Z
7417,6,4,2027-01-12T18:55:00Z,2027-01-12T21:20:00Z
7418,7,4,2027-01-12T21:40:00Z,2027-01-12T23:21:00Z
7419,6,4,2027-01-12T23:41:00Z,2027-01-13T02:06:00Z
7420,1,1,2027-01-13T14:00:00Z,2027-01-13T15:58:00Z
7421,3,1,2027-01-13T16:18:00Z,2027-01-13T17:55:00Z
7422,4,1,2027-01-13T18:25:00Z,2027-01-13T20:10:00Z
7423,5,1,2027-01-13T20:40:00Z,2027-01-13T22:30:00Z
7424,5,1,2027-01-13T22:55:00Z,2027-01-14T00:45:00Z
7425,5,2,2027-01-13T14:00:00Z,2027-01-13T15:50:00Z
7426,1,2,2027-01-13T16:15:00Z,2027-01-13T18:13:00Z
7427,7,2,2027-01-13T18:38:00Z,2027-01-13T20:19:00Z
7428,5,2,2027-01-13T20:44:00Z,2027-01-13T22:34:00Z
7429,8,2,2027-01-13T22:54:00Z,2027-01-14T00:23:00Z
7430,1,3,2027-01-13T14:00:00Z,2027-01-13T15:58:00Z
7431,7,3,2027-01-13T16:28:00Z,2027-01-13T18:09:00Z
7432,8,3,2027-01-13T18:29:00Z,2027-01-13T19:58:00Z
7433,4,3,2027-01-13T20:18:00Z,2027-01-13T22:03:00Z
7434,2,3,2027-01-13T22:23:00Z,2027-01-14T00:35:00Z
7435,3,4,2027-01-13T14:00:00Z,2027-01-13T15:37:00Z
7436,2,4,2027-01-13T16:02:00Z,2027-01-13T18:14:00Z
7437,6,4,2027-01-13T18:34:00Z,2027-01-13T20:59:00Z
7438,5,4,2027-01-13T21:19:00Z,2027-01-13T23:09:00Z
7439,7,4,2027-01-13T23:39:00Z,2027-01-14T01:20:00Z
7440,5,1,2027-01-14T14:00:00Z,2027-01-14T15:50:00Z
7441,5,1,2027-01-14T16:15:00Z,2027-01-14T18:05:00Z
7442,2,1,2027-01-14T18:25:00Z,2027-01-14T20:37:00Z
7443,4,1,2027-01-14T21:02:00Z,2027-01-14T22:47:00Z
7444,8,1,2027-01-14T23:07:00Z,2027-01-15T00:36:00Z
7445,3,2,2027-01-14T14:00:00Z,2027-01-14T15:37:00Z
7446,1,2,2027-01-14T16:07:00Z,2027-01-14T18:05:00Z
7447,8,2,2027-01-14T18:30:00Z,2027-01-14T19:59:00Z
7448,2,2,2027-01-14T20:19:00Z,2027-01-14T22:31:00Z
7449,1,2,2027-01-14T22:51:00Z,2027-01-15T00:49:00Z
7450,3,3,2027-01-14T14:00:00Z,2027-01-14T15:37:00Z
7451,2,3,2027-01-14T15:57:00Z,2027-01-14T18:09:00Z
7452,7,3,2027-01-14T18:29:00Z,2027-01-14T20:10:00Z
7453,6,3,2027-01-14T20:40:00Z,2027-01-14T23:05:00Z
7454,3,3,2027-01-14T23:30:00Z,2027-01-15T01:07:00Z
7455,1,4,2027-01-14T14:00:00Z,2027-01-14T15:58:00Z
7456,4,4,2027-01-14T16:28:00Z,2027-01-14T18:13:00Z
7457,6,4,2027-01-14T18:33:00Z,2027-01-14T20:58:00Z
7458,1,4,2027-01-14T21:18:00Z,2027-01-14T23:16:00Z
7459,6,4,2027-01-14T23:36:00Z,2027-01-15T02:01:00Z
7460,3,1,2027-01-15T14:00:00Z,2027-01-15T15:37:00Z
7461,8,1,2027-01-15T16:02:00Z,2027-01-15T17:31:00Z
7462,1,1,2027-01-15T17:51:00Z,2027-01-15T19:49:00Z
7463,7,1,2027-01-15T20:14:00Z,2027-01-15T21:55:00Z
7464,5,1,2027-01-15T22:15:00Z,2027-01-16T00:05:00Z
7465,2,2,2027-01-15T14:00:00Z,2027-01-15T16:12:00Z
7466,3,2,2027-01-15T16:32:00Z,2027-01-15T18:09:00Z
7467,4,2,2027-01-15T18:39:00Z,2027-01-15T20:24:00Z
7468,8,2,2027-01-15T20:49:00Z,2027-01-15T22:18:00Z
7469,8,2,2027-01-15T22:38:00Z,2027-01-16T00:07:00Z
7470,4,3,2027-01-15T14:00:00Z,2027-01-15T15:45:00Z
7471,5,3,2027-01-15T16:15:00Z,2027-01-15T18:05:00Z
7472,3,3,2027-01-15T18:35:00Z,2027-01-15T20:12:00Z
7473,6,3,2027-01-15T20:32:00Z,2027-01-15T22:57:00Z
7474,2,3,2027-01-15T23:17:00Z,2027-01-16T01:29:00Z
7475,2,4,2027-01-15T14:00:00Z,2027-01-15T16:12:00Z
7476,1,4,2027-01-15T16:37:00Z,2027-01-15T18:35:00Z
7477,3,4,2027-01-15T19:05:00Z,2027-01-15T20:42:00Z
7478,6,4,2027-01-15T21:12:00Z,2027-01-15T23:37:00Z
7479,1,1,2027-01-16T14:00:00Z,2027-01-16T15:58:00Z
7480,2,1,2027-01-16T16:18:00Z,2027-01-16T18:30:00Z
7481,4,1,2027-01-16T19:00:00Z,2027-01-16T20:45:00Z
7482,7,1,2027-01-16T21:05:00Z,2027-01-16T22:46:00Z
7483,1,1,2027-01-16T23:06:00Z,2027-01-17T01:04:00Z
7484,2,2,2027-01-16T14:00:00Z,2027-01-16T16:12:00Z
7485,1,2,2027-01-16T16:32:00Z,2027-01-16T18:30:00Z
7486,2,2,2027-01-16T19:00:00Z,2027-01-16T21:12:00Z
7487,8,2,2027-01-16T21:32:00Z,2027-01-16T23:01:00Z
7488,7,2,2027-01-16T23:31:00Z,2027-01-17T01:12:00Z
7489,7,3,2027-01-16T14:00:00Z,2027-01-16T15:41:00Z
7490,4,3,2027-01-16T16:06:00Z,2027-01-16T17:51:00Z
7491,8,3,2027-01-16T18:21:00Z,2027-01-16T19:50:00Z
7492,5,3,2027-01-16T20:20:00Z,2027-01-16T22:10:00Z
7493,8,3,2027-01-16T22:35:00Z,2027-01-17T00:04:00Z
7494,3,4,2027-01-16T14:00:00Z,2027-01-16T15:37:00Z
7495,6,4,2027-01-16T16:02:00Z,2027-01-16T18:27:00Z
7496,3,4,2027-01-16T18:47:00Z,2027-01-16T20:24:00Z
7497,3,4,2027-01-16T20:49:00Z,2027-01-16T22:26:00Z
7498,5,4,2027-01-16T22:51:00Z,2027-01-17T00:41:00Z
7499,6,1,2027-01-17T14:00:00Z,2027-01-17T16:25:00Z
7500,1,1,2027-01-17T16:55:00Z,2027-01-17T18:53:00Z
7501,5,1,2027-01-17T19:18:00Z,2027-01-17T21:08:00Z
7502,1,1,2027-01-17T21:28:00Z,2027-01-17T23:26:00Z
7503,7,1,2027-01-17T23:51:00Z,2027-01-18T01:32:00Z
7504,4,2,2027-01-17T14:00:00Z,2027-01-17T15:45:00Z
7505,3,2,2027-01-17T16:10:00Z,2027-01-17T17:47:00Z
7506,6,2,2027-01-17T18:17:00Z,2027-01-17T20:42:00Z
7507,7,2,2027-01-17T21:02:00Z,2027-01-17T22:43:00Z
7508,7,2,2027-01-17T23:08:00Z,2027-01-18T00:49:00Z
7509,8,3,2027-01-17T14:00:00Z,2027-01-17T15:29:00Z
7510,7,3,2027-01-17T15:54:00Z,2027-01-17T17:35:00Z
7511,6,3,2027-01-17T18:00:00Z,2027-01-17T20:25:00Z
7512,6,3,2027-01-17T20:50:00Z,2027-01-17T23:15:00Z
7513,7,3,2027-01-17T23:45:00Z,2027-01-18T01:26:00Z
7514,4,4,2027-01-17T14:00:00Z,2027-01-17T15:45:00Z
7515,4,4,2027-01-17T16:05:00Z,2027-01-17T17:50:00Z
7516,4,4,2027-01-17T18:20:00Z,2027-01-17T20:05:00Z
7517,4,4,2027-01-17T20:35:00Z,2027-01-17T22:20:00Z
7518,6,4,2027-01-17T22:50:00Z,2027-01-18T01:15:00Z
7519,7,1,2027-01-18T14:00:00Z,2027-01-18T15:41:00Z
7520,5,1,2027-01-18T16:06:00Z,2027-01-18T17:56:00Z
7521,7,1,2027-01-18T18:16:00Z,2027-01-18T19:57:00Z
7522,8,1,2027-01-18T20:17:00Z,2027-01-18T21:46:00Z
7523,8,1,2027-01-18T22:06:00Z,2027-01-18T23:35:00Z
7524,7,2,2027-01-18T14:00:00Z,2027-01-18T15:41:00Z
7525,4,2,2027-01-18T16:01:00Z,2027-01-18T17:46:00Z
7526,6,2,2027-01-18T18:06:00Z,2027-01-18T20:31:00Z
7527,3,2,2027-01-18T21:01:00Z,2027-01-18T22:38:00Z
7528,7,2,2027-01-18T23:08:00Z,2027-01-19T00:49:00Z
7529,7,3,2027-01-18T14:00:00Z,2027-01-18T15:41:00Z
7530,8,3,2027-01-18T16:01:00Z,2027-01-18T17:30:00Z
7531,4,3,2027-01-18T17:50:00Z,2027-01-18T19:35:00Z
7532,3,3,2027-01-18T20:00:00Z,2027-01-18T21:37:00Z
7533,3,3,2027-01-18T22:02:00Z,2027-01-18T23:39:00Z
7534,7,4,2027-01-18T14:00:00Z,2027-01-18T15:41:00Z
7535,4,4,2027-01-18T16:11:00Z,2027-01-18T17:56:00Z
7536,7,4,2027-01-18T18:16:00Z,2027-01-18T19:57:00Z
7537,8,4,2027-01-18T20:22:00Z,2027-01-18T21:51:00Z
7538,3,4,2027-01-18T22:11:00Z,2027-01-18T23:48:00Z
7539,6,1,2027-01-19T14:00:00Z,2027-01-19T16:25:00Z
7540,1,1,2027-01-19T16:55:00Z,2027-01-19T18:53:00Z
7541,2,1,2027-01-19T19:23:00Z,2027-01-19T21:35:00Z
7542,2,1,2027-01-19T21:55:00Z,2027-01-20T00:07:00Z
7543,1,2,2027-01-19T14:00:00Z,2027-01-19T15:58:00Z
7544,6,2,2027-01-19T16:18:00Z,2027-01-19T18:43:00Z
7545,6,2,2027-01-19T19:03:00Z,2027-01-19T21:28:00Z
7546,4,2,2027-01-19T21:53:00Z,2027-01-19T23:38:00Z
7547,3,3,2027-01-19T14:00:00Z,2027-01-19T15:37:00Z
7548,5,3,2027-01-19T15:57:00Z,2027-01-19T17:47:00Z
7549,6,3,2027-01-19T18:07:00Z,2027-01-19T20:32:00Z
7550,6,3,2027-01-19T21:02:00Z,2027-01-19T23:27:00Z
7551,8,3,2027-01-19T23:57:00Z,2027-01-20T01:26:00Z
7552,6,4,2027-01-19T14:00:00Z,2027-01-19T16:25:00Z
7553,3,4,2027-01-19T16:55:00Z,2027-01-19T18:32:00Z
7554,5,4,2027-01-19T18:57:00Z,2027-01-19T20:47:00Z
7555,3,4,2027-01-19T21:07:00Z,2027-01-19T22:44:00Z
7556,3,4,2027-01-19T23:04:00Z,2027-01-20T00:41:00Z
7557,2,1,2027-01-20T14:00:00Z,2027-01-20T16:12:00Z
7558,7,1,2027-01-20T16:42:00Z,2027-01-20T18:23:00Z
7559,8,1,2027-01-20T18:43:00Z,2027-01-20T20:12:00Z
7560,5,1,2027-01-20T20:42:00Z,2027-01-20T22:32:00Z
7561,4,1,2027-01-20T23:02:00Z,2027-01-21T00:47:00Z
7562,3,2,2027-01-20T14:00:00Z,2027-01-20T15:37:00Z
7563,2,2,2027-01-20T16:02:00Z,2027-01-20T18:14:00Z
7564,3,2,2027-01-20T18:34:00Z,2027-01-20T20:11:00Z
7565,8,2,2027-01-20T20:36:00Z,2027-01-20T22:05:00Z
7566,8,2,2027-01-20T22:30:00Z,2027-01-20T23:59:00Z
7567,1,3,2027-01-20T14:00:00Z,2027-01-20T15:58:00Z
7568,6,3,2027-01-20T16:28:00Z,2027-01-20T18:53:00Z
7569,3,3,2027-01-20T19:18:00Z,2027-01-20T20:55:00Z
7570,1,3,2027-01-20T21:20:00Z,2027-01-20T23:18:00Z
7571,6,3,2027-01-20T23:43:00Z,2027-01-21T02:08:00Z
7572,2,4,2027-01-20T14:00:00Z,2027-01-20T16:12:00Z
7573,2,4,2027-01-20T16:37:00Z,2027-01-20T18:49:00Z
7574,3,4,2027-01-20T19:09:00Z,2027-01-20T20:46:00Z
7575,5,4,2027-01-20T21:16:00Z,2027-01-20T23:06:00Z
7576,7,4,2027-01-20T23:36:00Z,2027-01-21T01:17:00Z
7577,2,1,2027-01-21T14:00:00Z,2027-01-21T16:12:00Z
7578,4,1,2027-01-21T16:42:00Z,2027-01-21T18:27:00Z
7579,6,1,2027-01-21T18:57:00Z,2027-01-21T21:22:00Z
7580,2,1,2027-01-21T21:47:00Z,2027-01-21T23:59:00Z
7581,8,2,2027-01-21T14:00:00Z,2027-01-21T15:29:00Z
7582,7,2,2027-01-21T15:49:00Z,2027-01-21T17:30:00Z
7583,6,2,2027-01-21T17:50:00Z,2027-01-21T20:15:00Z
7584,4,2,2027-01-21T20:40:00Z,2027-01-21T22:25:00Z
7585,5,2,2027-01-21T22:55:00Z,2027-01-22T00:45:00Z
7586,1,3,2027-01-21T14:00:00Z,2027-01-21T15:58:00Z
7587,6,3,2027-01-21T16:23:00Z,2027-01-21T18:48:00Z
7588,1,3,2027-01-21T19:08:00Z,2027-01-21T21:06:00Z
7589,4,3,2027-01-21T21:36:00Z,2027-01-21T23:21:00Z
7590,5,3,2027-01-21T23:51:00Z,2027-01-22T01:41:00Z
7591,8,4,2027-01-21T14:00:00Z,2027-01-21T15:29:00Z
7592,6,4,2027-01-21T15:54:00Z,2027-01-21T18:19:00Z
7593,5,4,2027-01-21T18:39:00Z,2027-01-21T20:29:00Z
7594,8,4,2027-01-21T20:59:00Z,2027-01-21T22:28:00Z
7595,2,4,2027-01-21T22:58:00Z,2027-01-22T01:10:00Z
7596,1,1,2027-01-22T14:00:00Z,2027-01-22T15:58:00Z
7597,1,1,2027-01-22T16:18:00Z,2027-01-22T18:16:00Z
7598,1,1,2027-01-22T18:46:00Z,2027-01-22T20:44:00Z
7599,7,1,2027-01-22T21:09:00Z,2027-01-22T22:50:00Z
7600,8,1,2027-01-22T23:10:00Z,2027-01-23T00:39:00Z
7601,7,2,2027-01-22T14:00:00Z,2027-01-22T15:41:00Z
7602,5,2,2027-01-22T16:01:00Z,2027-01-22T17:51:00Z
7603,7,2,2027-01-22T18:21:00Z,2027-01-22T20:02:00Z
7604,6,2,2027-01-22T20:27:00Z,2027-01-22T22:52:00Z
7605,7,2,2027-01-22T23:22:00Z,2027-01-23T01:03:00Z
7606,6,3,2027-01-22T14:00:00Z,2027-01-22T16:25:00Z
7607,6,3,2027-01-22T16:45:00Z,2027-01-22T19:10:00Z
7608,5,3,2027-01-22T19:40:00Z,2027-01-22T21:30:00Z
7609,4,3,2027-01-22T22:00:00Z,2027-01-22T23:45:00Z
7610,5,4,2027-01-22T14:00:00Z,2027-01-22T15:50:00Z
7611,2,4,2027-01-22T16:15:00Z,2027-01-22T18:27:00Z
7612,2,4,2027-01-22T18:52:00Z,2027-01-22T21:04:00Z
7613,6,4,2027-01-22T21:34:00Z,2027-01-22T23:59:00Z
7614,2,1,2027-01-23T14:00:00Z,2027-01-23T16:12:00Z
7615,3,1,2027-01-23T16:32:00Z,2027-01-23T18:09:00Z
7616,4,1,2027-01-23T18:29:00Z,2027-01-23T20:14:00Z
7617,3,1,2027-01-23T20:34:00Z,2027-01-23T22:11:00Z
7618,2,1,2027-01-23T22:36:00Z,2027-01-24T00:48:00Z
7619,4,2,2027-01-23T14:00:00Z,2027-01-23T15:45:00Z
7620,2,2,2027-01-23T16:05:00Z,2027-01-23T18:17:00Z
7621,1,2,2027-01-23T18:37:00Z,2027-01-23T20:35:00Z
7622,6,2,2027-01-23T21:05:00Z,2027-01-23T23:30:00Z
7623,2,3,2027-01-23T14:00:00Z,2027-01-23T16:12:00Z
7624,8,3,2027-01-23T16:32:00Z,2027-01-23T18:01:00Z
7625,6,3,2027-01-23T18:31:00Z,2027-01-23T20:56:00Z
7626,2,3,2027-01-23T21:26:00Z,2027-01-23T23:38:00Z
7627,2,4,2027-01-23T14:00:00Z,2027-01-23T16:12:00Z
7628,3,4,2027-01-23T16:32:00Z,2027-01-23T18:09:00Z
7629,2,4,2027-01-23T18:29:00Z,2027-01-23T20:41:00Z
7630,2,4,2027-01-23T21:01:00Z,2027-01-23T23:13:00Z
7631,2,4,2027-01-23T23:43:00Z,2027-01-24T01:55:00Z
7632,7,1,2027-01-24T14:00:00Z,2027-01-24T15:41:00Z
7633,4,1,2027-01-24T16:11:00Z,2027-01-24T17:56:00Z
7634,1,1,2027-01-24T18:16:00Z,2027-01-24T20:14:00Z
7635,2,1,2027-01-24T20:44:00Z,2027-01-24T22:56:00Z
7636,6,1,2027-01-24T23:21:00Z,2027-01-25T01:46:00Z
7637,4,2,2027-01-24T14:00:00Z,2027-01-24T15:45:00Z
7638,4,2,2027-01-24T16:10:00Z,2027-01-24T17:55:00Z
7639,8,2,2027-01-24T18:25:00Z,2027-01-24T19:54:00Z
7640,3,2,2027-01-24T20:24:00Z,2027-01-24T22:01:00Z
7641,5,2,2027-01-24T22:26:00Z,2027-01-25T00:16:00Z
7642,1,3,2027-01-24T14:00:00Z,2027-01-24T15:58:00Z
7643,3,3,2027-01-24T16:23:00Z,2027-01-24T18:00:00Z
7644,1,3,2027-01-24T18:30:00Z,2027-01-24T20:28:00Z
7645,3,3,2027-01-24T20:48:00Z,2027-01-24T22:25:00Z
7646,5,3,2027-01-24T22:45:00Z,2027-01-25T00:35:00Z
7647,4,4,2027-01-24T14:00:00Z,2027-01-24T15:45:00Z
7648,2,4,2027-01-24T16:15:00Z,2027-01-24T18:27:00Z
7649,2,4,2027-01-24T18:57:00Z,2027-01-24T21:09:00Z
7650,3,4,2027-01-24T21:29:00Z,2027-01-24T23:06:00Z
7651,4,4,2027-01-24T23:31:00Z,2027-01-25T01:16:00Z
7652,7,1,2027-01-25T14:00:00Z,2027-01-25T15:41:00Z
7653,5,1,2027-01-25T16:11:00Z,2027-01-25T18:01:00Z
7654,7,1,2027-01-25T18:31:00Z,2027-01-25T20:12:00Z
7655,5,1,2027-01-25T20:42:00Z,2027-01-25T22:32:00Z
7656,7,1,2027-01-25T22:52:00Z,2027-01-26T00:33:00Z
7657,6,2,2027-01-25T14:00:00Z,2027-01-25T16:25:00Z
7658,4,2,2027-01-25T16:55:00Z,2027-01-25T18:40:00Z
7659,1,2,2027-01-25T19:10:00Z,2027-01-25T21:08:00Z
7660,5,2,2027-01-25T21:38:00Z,2027-01-25T23:28:00Z
7661,3,2,2027-01-25T23:53:00Z,2027-01-26T01:30:00Z
7662,1,3,2027-01-25T14:00:00Z,2027-01-25T15:58:00Z
7663,8,3,2027-01-25T16:18:00Z,2027-01-25T17:47:00Z
7664,1,3,2027-01-25T18:12:00Z,2027-01-25T20:10:00Z
7665,7,3,2027-01-25T20:40:00Z,2027-01-25T22:21:00Z
7666,8,3,2027-01-25T22:41:00Z,2027-01-26T00:10:00Z
7667,2,4,2027-01-25T14:00:00Z,2027-01-25T16:12:00Z
7668,6,4,2027-01-25T16:37:00Z,2027-01-25T19:02:00Z
7669,2,4,2027-01-25T19:32:00Z,2027-01-25T21:44:00Z
7670,5,4,2027-01-25T22:14:00Z,2027-01-26T00:04:00Z
7671,6,1,2027-01-26T14:00:00Z,2027-01-26T16:25:00Z
7672,6,1,2027-01-26T16:50:00Z,2027-01-26T19:15:00Z
7673,8,1,2027-01-26T19:45:00Z,2027-01-26T21:14:00Z
7674,8,1,2027-01-26T21:39:00Z,2027-01-26T23:08:00Z
7675,8,1,2027-01-26T23:33:00Z,2027-01-27T01:02:00Z
7676,4,2,2027-01-26T14:00:00Z,2027-01-26T15:45:00Z
7677,3,2,2027-01-26T16:05:00Z,2027-01-26T17:42:00Z
7678,6,2,2027-01-26T18:02:00Z,2027-01-26T20:27:00Z
7679,8,2,2027-01-26T20:52:00Z,2027-01-26T22:21:00Z
7680,6,2,2027-01-26T22:46:00Z,2027-01-27T01:11:00Z
7681,8,3,2027-01-26T14:00:00Z,2027-01-26T15:29:00Z
7682,8,3,2027-01-26T15:54:00Z,2027-01-26T17:23:00Z
7683,3,3,2027-01-26T17:43:00Z,2027-01-26T19:20:00Z
7684,7,3,2027-01-26T19:50:00Z,2027-01-26T21:31:00Z
7685,1,3,2027-01-26T21:56:00Z,2027-01-26T23:54:00Z
7686,6,4,2027-01-26T14:00:00Z,2027-01-26T16:25:00Z
7687,3,4,2027-01-26T16:50:00Z,2027-01-26T18:27:00Z
7688,6,4,2027-01-26T18:52:00Z,2027-01-26T21:17:00Z
7689,7,4,2027-01-26T21:37:00Z,2027-01-26T23:18:00Z
7690,3,4,2027-01-26T23:48:00Z,2027-01-27T01:25:00Z
7691,3,1,2027-01-27T14:00:00Z,2027-01-27T15:37:00Z
7692,2,1,2027-01-27T15:57:00Z,2027-01-27T18:09:00Z
7693,7,1,2027-01-27T18:29:00Z,2027-01-27T20:10:00Z
7694,3,1,2027-01-27T20:35:00Z,2027-01-27T22:12:00Z
7695,6,1,2027-01-27T22:37:00Z,2027-01-28T01:02:00Z
7696,1,2,2027-01-27T14:00:00Z,2027-01-27T15:58:00Z
7697,7,2,2027-01-27T16:23:00Z,2027-01-27T18:04:00Z
7698,5,2,2027-01-27T18:24:00Z,2027-01-27T20:14:00Z
7699,5,2,2027-01-27T20:44:00Z,2027-01-27T22:34:00Z
7700,4,2,2027-01-27T22:54:00Z,2027-01-28T00:39:00Z
7701,8,3,2027-01-27T14:00:00Z,2027-01-27T15:29:00Z
7702,7,3,2027-01-27T15:54:00Z,2027-01-27T17:35:00Z
7703,8,3,2027-01-27T17:55:00Z,2027-01-27T19:24:00Z
7704,1,3,2027-01-27T19:54:00Z,2027-01-27T21:52:00Z
7705,2,3,2027-01-27T22:17:00Z,2027-01-28T00:29:00Z
7706,6,4,2027-01-27T14:00:00Z,2027-01-27T16:25:00Z
7707,8,4,2027-01-27T16:55:00Z,2027-01-27T18:24:00Z
7708,5,4,2027-01-27T18:54:00Z,2027-01-27T20:44:00Z
7709,4,4,2027-01-27T21:04:00Z,2027-01-27T22:49:00Z
7710,8,4,2027-01-27T23:19:00Z,2027-01-28T00:48:00Z
7711,7,1,2027-01-28T14:00:00Z,2027-01-28T15:41:00Z
7712,1,1,2027-01-28T16:06:00Z,2027-01-28T18:04:00Z
7713,3,1,2027-01-28T18:29:00Z,2027-01-28T20:06:00Z
7714,5,1,2027-01-28T20:31:00Z,2027-01-28T22:21:00Z
7715,7,1,2027-01-28T22:51:00Z,2027-01-29T00:32:00Z
7716,2,2,2027-01-28T14:00:00Z,2027-01-28T16:12:00Z
7717,3,2,2027-01-28T16:42:00Z,2027-01-28T18:19:00Z
7718,5,2,2027-01-28T18:49:00Z,2027-01-28T20:39:00Z
7719,6,2,2027-01-28T21:04:00Z,2027-01-28T23:29:00Z
7720,3,3,2027-01-28T14:00:00Z,2027-01-28T15:37:00Z
7721,8,3,2027-01-28T16:02:00Z,2027-01-28T17:31:00Z
7722,1,3,2027-01-28T17:51:00Z,2027-01-28T19:49:00Z
7723,6,3,2027-01-28T20:14:00Z,2027-01-28T22:39:00Z
7724,4,3,2027-01-28T23:04:00Z,2027-01-29T00:49:00Z
7725,6,4,2027-01-28T14:00:00Z,2027-01-28T16:25:00Z
7726,4,4,2027-01-28T16:55:00Z,2027-01-28T18:40:00Z
7727,8,4,2027-01-28T19:05:00Z,2027-01-28T20:34:00Z
7728,6,4,2027-01-28T20:59:00Z,2027-01-28T23:24:00Z
7729,6,4,2027-01-28T23:54:00Z,2027-01-29T02:19:00Z
7730,4,1,2027-01-29T14:00:00Z,2027-01-29T15:45:00Z
7731,6,1,2027-01-29T16:05:00Z,2027-01-29T18:30:00Z
7732,4,1,2027-01-29T19:00:00Z,2027-01-29T20:45:00Z
7733,4,1,2027-01-29T21:15:00Z,2027-01-29T23:00:00Z
7734,8,1,2027-01-29T23:20:00Z,2027-01-30T00:49:00Z
7735,8,2,2027-01-29T14:00:00Z,2027-01-29T15:29:00Z
7736,6,2,2027-01-29T15:49:00Z,2027-01-29T18:14:00Z
7737,2,2,2027-01-29T18:44:00Z,2027-01-29T20:56:00Z
7738,3,2,2027-01-29T21:21:00Z,2027-01-29T22:58:00Z
7739,6,2,2027-01-29T23:28:00Z,2027-01-30T01:53:00Z
7740,8,3,2027-01-29T14:00:00Z,2027-01-29T15:29:00Z
7741,5,3,2027-01-29T15:54:00Z,2027-01-29T17:44:00Z
7742,8,3,2027-01-29T18:04:00Z,2027-01-29T19:33:00Z
7743,4,3,2027-01-29T19:58:00Z,2027-01-29T21:43:00Z
7744,3,3,2027-01-29T22:08:00Z,2027-01-29T23:45:00Z
7745,1,4,2027-01-29T14:00:00Z,2027-01-29T15:58:00Z
7746,4,4,2027-01-29T16:23:00Z,2027-01-29T18:08:00Z
7747,1,4,2027-01-29T18:28:00Z,2027-01-29T20:26:00Z
7748,6,4,2027-01-29T20:51:00Z,2027-01-29T23:16:00Z
7749,8,4,2027-01-29T23:46:00Z,2027-01-30T01:15:00Z
7750,3,1,2027-01-30T14:00:00Z,2027-01-30T15:37:00Z
7751,6,1,2027-01-30T16:02:00Z,2027-01-30T18:27:00Z
7752,6,1,2027-01-30T18:52:00Z,2027-01-30T21:17:00Z
7753,4,1,2027-01-30T21:47:00Z,2027-01-30T23:32:00Z
7754,4,2,2027-01-30T14:00:00Z,2027-01-30T15:45:00Z
7755,2,2,2027-01-30T16:15:00Z,2027-01-30T18:27:00Z
7756,1,2,2027-01-30T18:52:00Z,2027-01-30T20:50:00Z
7757,4,2,2027-01-30T21:20:00Z,2027-01-30T23:05:00Z
7758,5,2,2027-01-30T23:35:00Z,2027-01-31T01:25:00Z
7759,7,3,2027-01-30T14:00:00Z,2027-01-30T15:41:00Z
7760,1,3,2027-01-30T16:06:00Z,2027-01-30T18:04:00Z
7761,5,3,2027-01-30T18:29:00Z,2027-01-30T20:19:00Z
7762,3,3,2027-01-30T20:39:00Z,2027-01-30T22:16:00Z
7763,1,3,2027-01-30T22:41:00Z,2027-01-31T00:39:00Z
7764,7,4,2027-01-30T14:00:00Z,2027-01-30T15:41:00Z
7765,6,4,2027-01-30T16:01:00Z,2027-01-30T18:26:00Z
7766,3,4,2027-01-30T18:51:00Z,2027-01-30T20:28:00Z
7767,7,4,2027-01-30T20:53:00Z,2027-01-30T22:34:00Z
7768,3,4,2027-01-30T23:04:00Z,2027-01-31T00:41:00Z
7769,8,1,2027-01-31T14:00:00Z,2027-01-31T15:29:00Z
7770,2,1,2027-01-31T15:54:00Z,2027-01-31T18:06:00Z
7771,8,1,2027-01-31T18:31:00Z,2027-01-31T20:00:00Z
7772,4,1,2027-01-31T20:25:00Z,2027-01-31T22:10:00Z
7773,8,1,2027-01-31T22:40:00Z,2027-02-01T00:09:00Z
7774,3,2,2027-01-31T14:00:00Z,2027-01-31T15:37:00Z
7775,3,2,2027-01-31T16:07:00Z,2027-01-31T17:44:00Z
7776,1,2,2027-01-31T18:09:00Z,2027-01-31T20:07:00Z
7777,1,2,2027-01-31T20:27:00Z,2027-01-31T22:25:00Z
7778,8,2,2027-01-31T22:50:00Z,2027-02-01T00:19:00Z
7779,3,3,2027-01-31T14:00:00Z,2027-01-31T15:37:00Z
7780,7,3,2027-01-31T16:02:00Z,2027-01-31T17:43:00Z
7781,1,3,2027-01-31T18:13:00Z,2027-01-31T20:11:00Z
7782,7,3,2027-01-31T20:41:00Z,2027-01-31T22:22:00Z
7783,6,3,2027-01-31T22:52:00Z,2027-02-01T01:17:00Z
7784,3,4,2027-01-31T14:00:00Z,2027-01-31T15:37:00Z
7785,1,4,2027-01-31T16:02:00Z,2027-01-31T18:00:00Z
7786,5,4,2027-01-31T18:30:00Z,2027-01-31T20:20:00Z
7787,1,4,2027-01-31T20:45:00Z,2027-01-31T22:43:00Z
7788,1,4,2027-01-31T23:13:00Z,2027-02-01T01:11:00Z
7789,3,1,2027-02-01T14:00:00Z,2027-02-01T15:37:00Z
7790,2,1,2027-02-01T16:02:00Z,2027-02-01T18:14:00Z
7791,3,1,2027-02-01T18:34:00Z,2027-02-01T20:11:00Z
7792,2,1,2027-02-01T20:31:00Z,2027-02-01T22:43:00Z
7793,3,1,2027-02-01T23:13:00Z,2027-02-02T00:50:00Z
7794,4,2,2027-02-01T14:00:00Z,2027-02-01T15:45:00Z
7795,6,2,2027-02-01T16:05:00Z,2027-02-01T18:30:00Z
7796,6,2,2027-02-01T18:55:00Z,2027-02-01T21:20:00Z
7797,7,2,2027-02-01T21:40:00Z,2027-02-01T23:21:00Z
7798,2,2,2027-02-01T23:46:00Z,2027-02-02T01:58:00Z
7799,7,3,2027-02-01T14:00:00Z,2027-02-01T15:41:00Z
7800,1,3,2027-02-01T16:11:00Z,2027-02-01T18:09:00Z
7801,7,3,2027-02-01T18:39:00Z,2027-02-01T20:20:00Z
7802,7,3,2027-02-01T20:50:00Z,2027-02-01T22:31:00Z
7803,3,3,2027-02-01T23:01:00Z,2027-02-02T00:38:00Z
7804,2,4,2027-02-01T14:00:00Z,2027-02-01T16:12:00Z
7805,8,4,2027-02-01T16:32:00Z,2027-02-01T18:01:00Z
7806,2,4,2027-02-01T18:21:00Z,2027-02-01T20:33:00Z
7807,4,4,2027-02-01T20:58:00Z,2027-02-01T22:43:00Z
7808,1,4,2027-02-01T23:03:00Z,2027-02-02T01:01:00Z
7809,1,1,2027-02-02T14:00:00Z,2027-02-02T15:58:00Z
7810,4,1,2027-02-02T16:18:00Z,2027-02-02T18:03:00Z
7811,1,1,2027-02-02T18:28:00Z,2027-02-02T20:26:00Z
7812,4,1,2027-02-02T20:46:00Z,2027-02-02T22:31:00Z
7813,3,1,2027-02-02T22:51:00Z,2027-02-03T00:28:00Z
7814,6,2,2027-02-02T14:00:00Z,2027-02-02T16:25:00Z
7815,7,2,2027-02-02T16:50:00Z,2027-02-02T18:31:00Z
7816,7,2,2027-02-02T19:01:00Z,2027-02-02T20:42:00Z
7817,5,2,2027-02-02T21:02:00Z,2027-02-02T22:52:00Z
7818,1,2,2027-02-02T23:17:00Z,2027-02-03T01:15:00Z
7819,7,3,2027-02-02T14:00:00Z,2027-02-02T15:41:00Z
7820,2,3,2027-02-02T16:11:00Z,2027-02-02T18:23:00Z
7821,4,3,2027-02-02T18:43:00Z,2027-02-02T20:28:00Z
7822,1,3,2027-02-02T20:58:00Z,2027-02-02T22:56:00Z
7823,4,3,2027-02-02T23:16:00Z,2027-02-03T01:01:00Z
7824,8,4,2027-02-02T14:00:00Z,2027-02-02T15:29:00Z
7825,6,4,2027-02-02T15:49:00Z,2027-02-02T18:14:00Z
7826,2,4,2027-02-02T18:44:00Z,2027-02-02T20:56:00Z
7827,6,4,2027-02-02T21:26:00Z,2027-02-02T23:51:00Z
7828,3,1,2027-02-03T14:00:00Z,2027-02-03T15:37:00Z
7829,4,1,2027-02-03T16:02:00Z,2027-02-03T17:47:00Z
7830,1,1,2027-02-03T18:07:00Z,2027-02-03T20:05:00Z
7831,5,1,2027-02-03T20:35:00Z,2027-02-03T22:25:00Z
7832,6,1,2027-02-03T22:50:00Z,2027-02-04T01:15:00Z
7833,7,2,2027-02-03T14:00:00Z,2027-02-03T15:41:00Z
7834,4,2,2027-02-03T16:01:00Z,2027-02-03T17:46:00Z
7835,5,2,2027-02-03T18:16:00Z,2027-02-03T20:06:00Z
7836,4,2,2027-02-03T20:31:00Z,2027-02-03T22:16:00Z
7837,5,2,2027-02-03T22:41:00Z,2027-02-04T00:31:00Z
7838,2,3,2027-02-03T14:00:00Z,2027-02-03T16:12:00Z
7839,5,3,2027-02-03T16:42:00Z,2027-02-03T18:32:00Z
7840,1,3,2027-02-03T18:57:00Z,2027-02-03T20:55:00Z
7841,7,3,2027-02-03T21:20:00Z,2027-02-03T23:01:00Z
7842,3,3,2027-02-03T23:21:00Z,2027-02-04T00:58:00Z
7843,1,4,2027-02-03T14:00:00Z,2027-02-03T15:58:00Z
7844,2,4,2027-02-03T16:23:00Z,2027-02-03T18:35:00Z
7845,4,4,2027-02-03T19:05:00Z,2027-02-03T20:50:00Z
7846,5,4,2027-02-03T21:10:00Z,2027-02-03T23:00:00Z
7847,4,4,2027-02-03T23:30:00Z,2027-02-04T01:15:00Z
7848,5,1,2027-02-04T14:00:00Z,2027-02-04T15:50:00Z
7849,8,1,2027-02-04T16:15:00Z,2027-02-04T17:44:00Z
7850,4,1,2027-02-04T18:04:00Z,2027-02-04T19:49:00Z
7851,5,1,2027-02-04T20:19:00Z,2027-02-04T22:09:00Z
7852,1,1,2027-02-04T22:29:00Z,2027-02-05T00:27:00Z
7853,1,2,2027-02-04T14:00:00Z,2027-02-04T15:58:00Z
7854,3,2,2027-02-04T16:18:00Z,2027-02-04T17:55:00Z
7855,4,2,2027-02-04T18:20:00Z,2027-02-04T20:05:00Z
7856,7,2,2027-02-04T20:30:00Z,2027-02-04T22:11:00Z
7857,6,2,2027-02-04T22:41:00Z,2027-02-05T01:06:00Z
7858,7,3,2027-02-04T14:00:00Z,2027-02-04T15:41:00Z
7859,3,3,2027-02-04T16:11:00Z,2027-02-04T17:48:00Z
7860,8,3,2027-02-04T18:13:00Z,2027-02-04T19:42:00Z
7861,5,3,2027-02-04T20:12:00Z,2027-02-04T22:02:00Z
7862,4,3,2027-02-04T22:32:00Z,2027-02-05T00:17:00Z
7863,2,4,2027-02-04T14:00:00Z,2027-02-04T16:12:00Z
7864,1,4,2027-02-04T16:32:00Z,2027-02-04T18:30:00Z
7865,1,4,2027-02-04T19:00:00Z,2027-02-04T20:58:00Z
7866,5,4,2027-02-04T21:18:00Z,2027-02-04T23:08:00Z
7867,5,4,2027-02-04T23:28:00Z,2027-02-05T01:18:00Z
7868,7,1,2027-02-05T14:00:00Z,2027-02-05T15:41:00Z
7869,3,1,2027-02-05T16:11:00Z,2027-02-05T17:48:00Z
7870,1,1,2027-02-05T18:08:00Z,2027-02-05T20:06:00Z
7871,4,1,2027-02-05T20:31:00Z,2027-02-05T22:16:00Z
7872,4,1,2027-02-05T22:46:00Z,2027-02-06T00:31:00Z
7873,6,2,2027-02-05T14:00:00Z,2027-02-05T16:25:00Z
7874,5,2,2027-02-05T16:45:00Z,2027-02-05T18:35:00Z
7875,1,2,2027-02-05T19:00:00Z,2027-02-05T20:58:00Z
7876,1,2,2027-02-05T21:23:00Z,2027-02-05T23:21:00Z
7877,5,2,2027-02-05T23:41:00Z,2027-02-06T01:31:00Z
7878,5,3,2027-02-05T14:00:00Z,2027-02-05T15:50:00Z
7879,4,3,2027-02-05T16:15:00Z,2027-02-05T18:00:00Z
7880,1,3,2027-02-05T18:20:00Z,2027-02-05T20:18:00Z
7881,3,3,2027-02-05T20:43:00Z,2027-02-05T22:20:00Z
7882,2,3,2027-02-05T22:40:00Z,2027-02-06T00:52:00Z
7883,4,4,2027-02-05T14:00:00Z,2027-02-05T15:45:00Z
7884,5,4,2027-02-05T16:10:00Z,2027-02-05T18:00:00Z
7885,1,4,2027-02-05T18:25:00Z,2027-02-05T20:23:00Z
7886,8,4,2027-02-05T20:53:00Z,2027-02-05T22:22:00Z
7887,3,4,2027-02-05T22:42:00Z,2027-02-06T00:19:00Z
7888,2,1,2027-02-06T14:00:00Z,2027-02-06T16:12:00Z
7889,7,1,2027-02-06T16:37:00Z,2027-02-06T18:18:00Z
7890,1,1,2027-02-06T18:38:00Z,2027-02-06T20:36:00Z
7891,7,1,2027-02-06T21:01:00Z,2027-02-06T22:42:00Z
7892,7,1,2027-02-06T23:07:00Z,2027-02-07T00:48:00Z
7893,1,2,2027-02-06T14:00:00Z,2027-02-06T15:58:00Z
7894,1,2,2027-02-06T16:28:00Z,2027-02-06T18:26:00Z
7895,2,2,2027-02-06T18:56:00Z,2027-02-06T21:08:00Z
7896,5,2,2027-02-06T21:33:00Z,2027-02-06T23:23:00Z
7897,8,2,2027-02-06T23:53:00Z,2027-02-07T01:22:00Z
7898,5,3,2027-02-06T14:00:00Z,2027-02-06T15:50:00Z
7899,5,3,2027-02-06T16:10:00Z,2027-02-06T18:00:00Z
7900,4,3,2027-02-06T18:20:00Z,2027-02-06T20:05:00Z
7901,8,3,2027-02-06T20:35:00Z,2027-02-06T22:04:00Z
7902,1,3,2027-02-06T22:24:00Z,2027-02-07T00:22:00Z
7903,7,4,2027-02-06T14:00:00Z,2027-02-06T15:41:00Z
7904,8,4,2027-02-06T16:11:00Z,2027-02-06T17:40:00Z
7905,1,4,2027-02-06T18:00:00Z,2027-02-06T19:58:00Z
7906,6,4,2027-02-06T20:23:00Z,2027-02-06T22:48:00Z
7907,6,4,2027-02-06T23:08:00Z,2027-02-07T01:33:00Z
7908,8,1,2027-02-07T14:00:00Z,2027-02-07T15:29:00Z
7909,3,1,2027-02-07T15:59:00Z,2027-02-07T17:36:00Z
7910,6,1,2027-02-07T18:01:00Z,2027-02-07T20:26:00Z
7911,3,1,2027-02-07T20:56:00Z,2027-02-07T22:33:00Z
7912,6,1,2027-02-07T22:58:00Z,2027-02-08T01:23:00Z
7913,3,2,2027-02-07T14:00:00Z,2027-02-07T15:37:00Z
7914,7,2,2027-02-07T16:07:00Z,2027-02-07T17:48:00Z
7915,8,2,2027-02-07T18:13:00Z,2027-02-07T19:42:00Z
7916,5,2,2027-02-07T20:07:00Z,2027-02-07T21:57:00Z
7917,8,2,2027-02-07T22:17:00Z,2027-02-07T23:46:00Z
7918,7,3,2027-02-07T14:00:00Z,2027-02-07T15:41:00Z
7919,7,3,2027-02-07T16:06:00Z,2027-02-07T17:47:00Z
7920,5,3,2027-02-07T18:07:00Z,2027-02-07T19:57:00Z
7921,6,3,2027-02-07T20:17:00Z,2027-02-07T22:42:00Z
7922,8,3,2027-02-07T23:07:00Z,2027-02-08T00:36:00Z
7923,3,4,2027-02-07T14:00:00Z,2027-02-07T15:37:00Z
7924,6,4,2027-02-07T15:57:00Z,2027-02-07T18:22:00Z
7925,3,4,2027-02-07T18:52:00Z,2027-02-07T20:29:00Z
7926,6,4,2027-02-07T20:59:00Z,2027-02-07T23:24:00Z
7927,3,4,2027-02-07T23:54:00Z,2027-02-08T01:31:00Z
7928,3,1,2027-02-08T14:00:00Z,2027-02-08T15:37:00Z
7929,7,1,2027-02-08T15:57:00Z,2027-02-08T17:38:00Z
7930,7,1,2027-02-08T17:58:00Z,2027-02-08T19:39:00Z
7931,1,1,2027-02-08T19:59:00Z,2027-02-08T21:57:00Z
7932,2,1,2027-02-08T22:27:00Z,2027-02-09T00:39:00Z
7933,1,2,2027-02-08T14:00:00Z,2027-02-08T15:58:00Z
7934,3,2,2027-02-08T16:23:00Z,2027-02-08T18:00:00Z
7935,4,2,2027-02-08T18:30:00Z,2027-02-08T20:15:00Z
7936,6,2,2027-02-08T20:45:00Z,2027-02-08T23:10:00Z
7937,2,2,2027-02-08T23:35:00Z,2027-02-09T01:47:00Z
7938,6,3,2027-02-08T14:00:00Z,2027-02-08T16:25:00Z
7939,7,3,2027-02-08T16:55:00Z,2027-02-08T18:36:00Z
7940,7,3,2027-02-08T19:06:00Z,2027-02-08T20:47:00Z
7941,6,3,2027-02-08T21:07:00Z,2027-02-08T23:32:00Z
7942,7,4,2027-02-08T14:00:00Z,2027-02-08T15:41:00Z
7943,2,4,2027-02-08T16:11:00Z,2027-02-08T18:23:00Z
7944,8,4,2027-02-08T18:43:00Z,2027-02-08T20:12:00Z
7945,4,4,2027-02-08T20:32:00Z,2027-02-08T22:17:00Z
7946,1,4,2027-02-08T22:47:00Z,2027-02-09T00:45:00Z
7947,2,1,2027-02-09T14:00:00Z,2027-02-09T16:12:00Z
7948,3,1,2027-02-09T16:37:00Z,2027-02-09T18:14:00Z
7949,5,1,2027-02-09T18:34:00Z,2027-02-09T20:24:00Z
7950,7,1,2027-02-09T20:44:00Z,2027-02-09T22:25:00Z
7951,4,1,2027-02-09T22:50:00Z,2027-02-10T00:35:00Z
7952,2,2,2027-02-09T14:00:00Z,2027-02-09T16:12:00Z
7953,1,2,2027-02-09T16:32:00Z,2027-02-09T18:30:00Z
7954,1,2,2027-02-09T18:50:00Z,2027-02-09T20:48:00Z
7955,2,2,2027-02-09T21:13:00Z,2027-02-09T23:25:00Z
7956,3,2,2027-02-09T23:45:00Z,2027-02-10T01:22:00Z
7957,2,3,2027-02-09T14:00:00Z,2027-02-09T16:12:00Z
7958,5,3,2027-02-09T16:32:00Z,2027-02-09T18:22:00Z
7959,2,3,2027-02-09T18:47:00Z,2027-02-09T20:59:00Z
7960,6,3,2027-02-09T21:24:00Z,2027-02-09T23:49:00Z
7961,7,4,2027-02-09T14:00:00Z,2027-02-09T15:41:00Z
7962,5,4,2027-02-09T16:01:00Z,2027-02-09T17:51:00Z
7963,7,4,2027-02-09T18:16:00Z,2027-02-09T19:57:00Z
7964,4,4,2027-02-09T20:22:00Z,2027-02-09T22:07:00Z
7965,7,4,2027-02-09T22:32:00Z,2027-02-10T00:13:00Z
7966,8,1,2027-02-10T14:00:00Z,2027-02-10T15:29:00Z
7967,1,1,2027-02-10T15:59:00Z,2027-02-10T17:57:00Z
7968,8,1,2027-02-10T18:27:00Z,2027-02-10T19:56:00Z
7969,8,1,2027-02-10T20:16:00Z,2027-02-10T21:45:00Z
7970,6,1,2027-02-10T22:10:00Z,2027-02-11T00:35:00Z
7971,5,2,2027-02-10T14:00:00Z,2027-02-10T15:50:00Z
7972,8,2,2027-02-10T16:20:00Z,2027-02-10T17:49:00Z
7973,2,2,2027-02-10T18:14:00Z,2027-02-10T20:26:00Z
7974,6,2,2027-02-10T20:51:00Z,2027-02-10T23:16:00Z
7975,8,2,2027-02-10T23:46:00Z,2027-02-11T01:15:00Z
7976,7,3,2027-02-10T14:00:00Z,2027-02-10T15:41:00Z
7977,8,3,2027-02-10T16:01:00Z,2027-02-10T17:30:00Z
7978,8,3,2027-02-10T17:50:00Z,2027-02-10T19:19:00Z
7979,2,3,2027-02-10T19:44:00Z,2027-02-10T21:56:00Z
7980,4,3,2027-02-10T22:16:00Z,2027-02-11T00:01:00Z
7981,2,4,2027-02-10T14:00:00Z,2027-02-10T16:12:00Z
7982,7,4,2027-02-10T16:37:00Z,2027-02-10T18:18:00Z
7983,6,4,2027-02-10T18:48:00Z,2027-02-10T21:13:00Z
7984,8,4,2027-02-10T21:33:00Z,2027-02-10T23:02:00Z
7985,6,4,2027-02-10T23:22:00Z,2027-02-11T01:47:00Z
7986,8,1,2027-02-11T14:00:00Z,2027-02-11T15:29:00Z
7987,7,1,2027-02-11T15:49:00Z,2027-02-11T17:30:00Z
7988,1,1,2027-02-11T17:50:00Z,2027-02-11T19:48:00Z
7989,3,1,2027-02-11T20:18:00Z,2027-02-11T21:55:00Z
7990,1,1,2027-02-11T22:25:00Z,2027-02-12T00:23:00Z
7991,8,2,2027-02-11T14:00:00Z,2027-02-11T15:29:00Z
7992,3,2,2027-02-11T15:49:00Z,2027-02-11T17:26:00Z
7993,5,2,2027-02-11T17:51:00Z,2027-02-11T19:41:00Z
7994,7,2,2027-02-11T20:11:00Z,2027-02-11T21:52:00Z
7995,1,2,2027-02-11T22:22:00Z,2027-02-12T00:20:00Z
7996,2,3,2027-02-11T14:00:00Z,2027-02-11T16:12:00Z
7997,8,3,2027-02-11T16:42:00Z,2027-02-11T18:11:00Z
7998,8,3,2027-02-11T18:31:00Z,2027-02-11T20:00:00Z
7999,3,3,2027-02-11T20:25:00Z,2027-02-11T22:02:00Z
8000,5,3,2027-02-11T22:22:00Z,2027-02-12T00:12:00Z
8001,6,4,2027-02-11T14:00:00Z,2027-02-11T16:25:00Z
8002,2,4,2027-02-11T16:50:00Z,2027-02-11T19:02:00Z
8003,3,4,2027-02-11T19:32:00Z,2027-02-11T21:09:00Z
8004,4,4,2027-02-11T21:29:00Z,2027-02-11T23:14:00Z
8005,8,4,2027-02-11T23:39:00Z,2027-02-12T01:08:00Z
8006,1,1,2027-02-12T14:00:00Z,2027-02-12T15:58:00Z
8007,3,1,2027-02-12T16:23:00Z,2027-02-12T18:00:00Z
8008,1,1,2027-02-12T18:25:00Z,2027-02-12T20:23:00Z
8009,3,1,2027-02-12T20:48:00Z,2027-02-12T22:25:00Z
8010,6,1,2027-02-12T22:45:00Z,2027-02-13T01:10:00Z
8011,8,2,2027-02-12T14:00:00Z,2027-02-12T15:29:00Z
8012,8,2,2027-02-12T15:49:00Z,2027-02-12T17:18:00Z
8013,2,2,2027-02-12T17:48:00Z,2027-02-12T20:00:00Z
8014,3,2,2027-02-12T20:20:00Z,2027-02-12T21:57:00Z
8015,3,2,2027-02-12T22:17:00Z,2027-02-12T23:54:00Z
8016,1,3,2027-02-12T14:00:00Z,2027-02-12T15:58:00Z
8017,8,3,2027-02-12T16:23:00Z,2027-02-12T17:52:00Z
8018,7,3,2027-02-12T18:17:00Z,2027-02-12T19:58:00Z
8019,6,3,2027-02-12T20:18:00Z,2027-02-12T22:43:00Z
8020,2,3,2027-02-12T23:13:00Z,2027-02-13T01:25:00Z
8021,8,4,2027-02-12T14:00:00Z,2027-02-12T15:29:00Z
8022,5,4,2027-02-12T15:49:00Z,2027-02-12T17:39:00Z
8023,7,4,2027-02-12T18:04:00Z,2027-02-12T19:45:00Z
8024,2,4,2027-02-12T20:05:00Z,2027-02-12T22:17:00Z
8025,5,4,2027-02-12T22:37:00Z,2027-02-13T00:27:00Z
8026,6,1,2027-02-13T14:00:00Z,2027-02-13T16:25:00Z
8027,7,1,2027-02-13T16:50:00Z,2027-02-13T18:31:00Z
8028,4,1,2027-02-13T19:01:00Z,2027-02-13T20:46:00Z
8029,2,1,2027-02-13T21:06:00Z,2027-02-13T23:18:00Z
8030,3,1,2027-02-13T23:38:00Z,2027-02-14T01:15:00Z
8031,3,2,2027-02-13T14:00:00Z,2027-02-13T15:37:00Z
8032,4,2,2027-02-13T16:07:00Z,2027-02-13T17:52:00Z
8033,6,2,2027-02-13T18:17:00Z,2027-02-13T20:42:00Z
8034,5,2,2027-02-13T21:12:00Z,2027-02-13T23:02:00Z
8035,2,2,2027-02-13T23:27:00Z,2027-02-14T01:39:00Z
8036,3,3,2027-02-13T14:00:00Z,2027-02-13T15:37:00Z
8037,7,3,2027-02-13T16:07:00Z,2027-02-13T17:48:00Z
8038,1,3,2027-02-13T18:08:00Z,2027-02-13T20:06:00Z
8039,4,3,2027-02-13T20:26:00Z,2027-02-13T22:11:00Z
8040,5,3,2027-02-13T22:31:00Z,2027-02-14T00:21:00Z
8041,7,4,2027-02-13T14:00:00Z,2027-02-13T15:41:00Z
8042,6,4,2027-02-13T16:01:00Z,2027-02-13T18:26:00Z
8043,1,4,2027-02-13T18:46:00Z,2027-02-13T20:44:00Z
8044,5,4,2027-02-13T21:04:00Z,2027-02-13T22:54:00Z
8045,1,4,2027-02-13T23:24:00Z,2027-02-14T01:22:00Z
8046,3,1,2027-02-14T14:00:00Z,2027-02-14T15:37:00Z
8047,4,1,2027-02-14T16:02:00Z,2027-02-14T17:47:00Z
8048,4,1,2027-02-14T18:12:00Z,2027-02-14T19:57:00Z
8049,8,1,2027-02-14T20:17:00Z,2027-02-14T21:46:00Z
8050,8,1,2027-02-14T22:11:00Z,2027-02-14T23:40:00Z
8051,2,2,2027-02-14T14:00:00Z,2027-02-14T16:12:00Z
8052,7,2,2027-02-14T16:32:00Z,2027-02-14T18:13:00Z
8053,2,2,2027-02-14T18:43:00Z,2027-02-14T20:55:00Z
8054,3,2,2027-02-14T21:15:00Z,2027-02-14T22:52:00Z
8055,3,2,2027-02-14T23:22:00Z,2027-02-15T00:59:00Z
8056,8,3,2027-02-14T14:00:00Z,2027-02-14T15:29:00Z
8057,2,3,2027-02-14T15:59:00Z,2027-02-14T18:11:00Z
8058,3,3,2027-02-14T18:41:00Z,2027-02-14T20:18:00Z
8059,7,3,2027-02-14T20:38:00Z,2027-02-14T22:19:00Z
8060,6,3,2027-02-14T22:49:00Z,2027-02-15T01:14:00Z
8061,5,4,2027-02-14T14:00:00Z,2027-02-14T15:50:00Z
8062,1,4,2027-02-14T16:15:00Z,2027-02-14T18:13:00Z
8063,1,4,2027-02-14T18:38:00Z,2027-02-14T20:36:00Z
8064,7,4,2027-02-14T21:01:00Z,2027-02-14T22:42:00Z
8065,4,4,2027-02-14T23:02:00Z,2027-02-15T00:47:00Z
8066,6,1,2027-02-15T14:00:00Z,2027-02-15T16:25:00Z
8067,8,1,2027-02-15T16:50:00Z,2027-02-15T18:19:00Z
8068,4,1,2027-02-15T18:49:00Z,2027-02-15T20:34:00Z
8069,3,1,2027-02-15T21:04:00Z,2027-02-15T22:41:00Z
8070,7,1,2027-02-15T23:06:00Z,2027-02-16T00:47:00Z
8071,3,2,2027-02-15T14:00:00Z,2027-02-15T15:37:00Z
8072,5,2,2027-02-15T15:57:00Z,2027-02-15T17:47:00Z
8073,2,2,2027-02-15T18:12:00Z,2027-02-15T20:24:00Z
8074,1,2,2027-02-15T20:49:00Z,2027-02-15T22:47:00Z
8075,2,2,2027-02-15T23:12:00Z,2027-02-16T01:24:00Z
8076,2,3,2027-02-15T14:00:00Z,2027-02-15T16:12:00Z
8077,3,3,2027-02-15T16:42:00Z,2027-02-15T18:19:00Z
8078,1,3,2027-02-15T18:49:00Z,2027-02-15T20:47:00Z
8079,5,3,2027-02-15T21:12:00Z,2027-02-15T23:02:00Z
8080,5,3,2027-02-15T23:27:00Z,2027-02-16T01:17:00Z
8081,6,4,2027-02-15T14:00:00Z,2027-02-15T16:25:00Z
8082,6,4,2027-02-15T16:50:00Z,2027-02-15T19:15:00Z
8083,8,4,2027-02-15T19:40:00Z,2027-02-15T21:09:00Z
8084,8,4,2027-02-15T21:39:00Z,2027-02-15T23:08:00Z
8085,3,4,2027-02-15T23:33:00Z,2027-02-16T01:10:00Z
8086,6,1,2027-02-16T14:00:00Z,2027-02-16T16:25:00Z
8087,8,1,2027-02-16T16:45:00Z,2027-02-16T18:14:00Z
8088,2,1,2027-02-16T18:39:00Z,2027-02-16T20:51:00Z
8089,5,1,2027-02-16T21:16:00Z,2027-02-16T23:06:00Z
8090,5,1,2027-02-16T23:31:00Z,2027-02-17T01:21:00Z
8091,4,2,2027-02-16T14:00:00Z,2027-02-16T15:45:00Z
8092,6,2,2027-02-16T16:10:00Z,2027-02-16T18:35:00Z
8093,4,2,2027-02-16T18:55:00Z,2027-02-16T20:40:00Z
8094,5,2,2027-02-16T21:05:00Z,2027-02-16T22:55:00Z
8095,6,2,2027-02-16T23:15:00Z,2027-02-17T01:40:00Z
8096,7,3,2027-02-16T14:00:00Z,2027-02-16T15:41:00Z
8097,5,3,2027-02-16T16:06:00Z,2027-02-16T17:56:00Z
8098,7,3,2027-02-16T18:26:00Z,2027-02-16T20:07:00Z
8099,4,3,2027-02-16T20:37:00Z,2027-02-16T22:22:00Z
8100,3,3,2027-02-16T22:52:00Z,2027-02-17T00:29:00Z
8101,5,4,2027-02-16T14:00:00Z,2027-02-16T15:50:00Z
8102,6,4,2027-02-16T16:10:00Z,2027-02-16T18:35:00Z
8103,6,4,2027-02-16T19:05:00Z,2027-02-16T21:30:00Z
8104,8,4,2027-02-16T21:50:00Z,2027-02-16T23:19:00Z
8105,3,4,2027-02-16T23:49:00Z,2027-02-17T01:26:00Z
8106,5,1,2027-02-17T14:00:00Z,2027-02-17T15:50:00Z
8107,4,1,2027-02-17T16:20:00Z,2027-02-17T18:05:00Z
8108,6,1,2027-02-17T18:25:00Z,2027-02-17T20:50:00Z
8109,8,1,2027-02-17T21:10:00Z,2027-02-17T22:39:00Z
8110,4,1,2027-02-17T23:04:00Z,2027-02-18T00:49:00Z
8111,8,2,2027-02-17T14:00:00Z,2027-02-17T15:29:00Z
8112,5,2,2027-02-17T15:59:00Z,2027-02-17T17:49:00Z
8113,8,2,2027-02-17T18:19:00Z,2027-02-17T19:48:00Z
8114,6,2,2027-02-17T20:18:00Z,2027-02-17T22:43:00Z
8115,5,2,2027-02-17T23:03:00Z,2027-02-18T00:53:00Z
8116,2,3,2027-02-17T14:00:00Z,2027-02-17T16:12:00Z
8117,2,3,2027-02-17T16:37:00Z,2027-02-17T18:49:00Z
8118,7,3,2027-02-17T19:14:00Z,2027-02-17T20:55:00Z
8119,2,3,2027-02-17T21:15:00Z,2027-02-17T23:27:00Z
8120,5,3,2027-02-17T23:47:00Z,2027-02-18T01:37:00Z
8121,8,4,2027-02-17T14:00:00Z,2027-02-17T15:29:00Z
8122,5,4,2027-02-17T15:59:00Z,2027-02-17T17:49:00Z
8123,7,4,2027-02-17T18:19:00Z,2027-02-17T20:00:00Z
8124,5,4,2027-02-17T20:20:00Z,2027-02-17T22:10:00Z
8125,7,4,2027-02-17T22:30:00Z,2027-02-18T00:11:00Z
8126,8,1,2027-02-18T14:00:00Z,2027-02-18T15:29:00Z
8127,2,1,2027-02-18T15:59:00Z,2027-02-18T18:11:00Z
8128,7,1,2027-02-18T18:36:00Z,2027-02-18T20:17:00Z
8129,6,1,2027-02-18T20:42:00Z,2027-02-18T23:07:00Z
8130,3,1,2027-02-18T23:27:00Z,2027-02-19T01:04:00Z
8131,2,2,2027-02-18T14:00:00Z,2027-02-18T16:12:00Z
8132,1,2,2027-02-18T16:37:00Z,2027-02-18T18:35:00Z
8133,2,2,2027-02-18T18:55:00Z,2027-02-18T21:07:00Z
8134,2,2,2027-02-18T21:32:00Z,2027-02-18T23:44:00Z
8135,5,3,2027-02-18T14:00:00Z,2027-02-18T15:50:00Z
8136,2,3,2027-02-18T16:10:00Z,2027-02-18T18:22:00Z
8137,7,3,2027-02-18T18:52:00Z,2027-02-18T20:33:00Z
8138,1,3,2027-02-18T20:53:00Z,2027-02-18T22:51:00Z
8139,1,3,2027-02-18T23:21:00Z,2027-02-19T01:19:00Z
8140,2,4,2027-02-18T14:00:00Z,2027-02-18T16:12:00Z
8141,5,4,2027-02-18T16:37:00Z,2027-02-18T18:27:00Z
8142,7,4,2027-02-18T18:52:00Z,2027-02-18T20:33:00Z
8143,4,4,2027-02-18T20:53:00Z,2027-02-18T22:38:00Z
8144,5,4,2027-02-18T22:58:00Z,2027-02-19T00:48:00Z
8145,6,1,2027-02-19T14:00:00Z,2027-02-19T16:25:00Z
8146,3,1,2027-02-19T16:45:00Z,2027-02-19T18:22:00Z
8147,6,1,2027-02-19T18:42:00Z,2027-02-19T21:07:00Z
8148,3,1,2027-02-19T21:27:00Z,2027-02-19T23:04:00Z
8149,4,1,2027-02-19T23:29:00Z,2027-02-20T01:14:00Z
8150,1,2,2027-02-19T14:00:00Z,2027-02-19T15:58:00Z
8151,2,2,2027-02-19T16:18:00Z,2027-02-19T18:30:00Z
8152,5,2,2027-02-19T19:00:00Z,2027-02-19T20:50:00Z
8153,2,2,2027-02-19T21:15:00Z,2027-02-19T23:27:00Z
8154,4,2,2027-02-19T23:47:00Z,2027-02-20T01:32:00Z
8155,4,3,2027-02-19T14:00:00Z,2027-02-19T15:45:00Z
8156,8,3,2027-02-19T16:05:00Z,2027-02-19T17:34:00Z
8157,3,3,2027-02-19T18:04:00Z,2027-02-19T19:41:00Z
8158,4,3,2027-02-19T20:01:00Z,2027-02-19T21:46:00Z
8159,2,3,2027-02-19T22:11:00Z,2027-02-20T00:23:00Z
8160,4,4,2027-02-19T14:00:00Z,2027-02-19T15:45:00Z
8161,5,4,2027-02-19T16:15:00Z,2027-02-19T18:05:00Z
8162,7,4,2027-02-19T18:30:00Z,2027-02-19T20:11:00Z
8163,4,4,2027-02-19T20:36:00Z,2027-02-19T22:21:00Z
8164,2,4,2027-02-19T22:41:00Z,2027-02-20T00:53:00Z
8165,7,1,2027-02-20T14:00:00Z,2027-02-20T15:41:00Z
8166,8,1,2027-02-20T16:11:00Z,2027-02-20T17:40:00Z
8167,3,1,2027-02-20T18:05:00Z,2027-02-20T19:42:00Z
8168,7,1,2027-02-20T20:12:00Z,2027-02-20T21:53:00Z
8169,7,1,2027-02-20T22:23:00Z,2027-02-21T00:04:00Z
8170,5,2,2027-02-20T14:00:00Z,2027-02-20T15:50:00Z
8171,8,2,2027-02-20T16:10:00Z,2027-02-20T17:39:00Z
8172,6,2,2027-02-20T18:04:00Z,2027-02-20T20:29:00Z
8173,1,2,2027-02-20T20:54:00Z,2027-02-20T22:52:00Z
8174,7,2,2027-02-20T23:17:00Z,2027-02-21T00:58:00Z
8175,4,3,2027-02-20T14:00:00Z,2027-02-20T15:45:00Z
8176,3,3,2027-02-20T16:10:00Z,2027-02-20T17:47:00Z
8177,2,3,2027-02-20T18:17:00Z,2027-02-20T20:29:00Z
8178,7,3,2027-02-20T20:59:00Z,2027-02-20T22:40:00Z
8179,7,3,2027-02-20T23:00:00Z,2027-02-21T00:41:00Z
8180,4,4,2027-02-20T14:00:00Z,2027-02-20T15:45:00Z
8181,6,4,2027-02-20T16:10:00Z,2027-02-20T18:35:00Z
8182,5,4,2027-02-20T19:00:00Z,2027-02-20T20:50:00Z
8183,5,4,2027-02-20T21:10:00Z,2027-02-20T23:00:00Z
8184,7,4,2027-02-20T23:20:00Z,2027-02-21T01:01:00Z
8185,8,1,2027-02-21T14:00:00Z,2027-02-21T15:29:00Z
8186,4,1,2027-02-21T15:49:00Z,2027-02-21T17:34:00Z
8187,2,1,2027-02-21T18:04:00Z,2027-02-21T20:16:00Z
8188,1,1,2027-02-21T20:41:00Z,2027-02-21T22:39:00Z
8189,6,1,2027-02-21T23:04:00Z,2027-02-22T01:29:00Z
8190,7,2,2027-02-21T14:00:00Z,2027-02-21T15:41:00Z
8191,8,2,2027-02-21T16:01:00Z,2027-02-21T17:30:00Z
8192,8,2,2027-02-21T17:55:00Z,2027-02-21T19:24:00Z
8193,2,2,2027-02-21T19:49:00Z,2027-02-21T22:01:00Z
8194,5,2,2027-02-21T22:26:00Z,2027-02-22T00:16:00Z
8195,4,3,2027-02-21T14:00:00Z,2027-02-21T15:45:00Z
8196,6,3,2027-02-21T16:10:00Z,2027-02-21T18:35:00Z
8197,8,3,2027-02-21T19:00:00Z,2027-02-21T20:29:00Z
8198,3,3,2027-02-21T20:49:00Z,2027-02-21T22:26:00Z
8199,4,3,2027-02-21T22:46:00Z,2027-02-22T00:31:00Z
8200,7,4,2027-02-21T14:00:00Z,2027-02-21T15:41:00Z
8201,1,4,2027-02-21T16:06:00Z,2027-02-21T18:04:00Z
8202,2,4,2027-02-21T18:24:00Z,2027-02-21T20:36:00Z
8203,3,4,2027-02-21T21:06:00Z,2027-02-21T22:43:00Z
8204,1,4,2027-02-21T23:03:00Z,2027-02-22T01:01:00Z
8205,2,1,2027-02-22T14:00:00Z,2027-02-22T16:12:00Z
8206,5,1,2027-02-22T16:42:00Z,2027-02-22T18:32:00Z
8207,3,1,2027-02-22T18:57:00Z,2027-02-22T20:34:00Z
8208,3,1,2027-02-22T20:59:00Z,2027-02-22T22:36:00Z
8209,5,1,2027-02-22T23:01:00Z,2027-02-23T00:51:00Z
8210,4,2,2027-02-22T14:00:00Z,2027-02-22T15:45:00Z
8211,5,2,2027-02-22T16:10:00Z,2027-02-22T18:00:00Z
8212,2,2,2027-02-22T18:20:00Z,2027-02-22T20:32:00Z
8213,2,2,2027-02-22T20:52:00Z,2027-02-22T23:04:00Z
8214,1,2,2027-02-22T23:34:00Z,2027-02-23T01:32:00Z
8215,3,3,2027-02-22T14:00:00Z,2027-02-22T15:37:00Z
8216,8,3,2027-02-22T16:02:00Z,2027-02-22T17:31:00Z
8217,3,3,2027-02-22T17:56:00Z,2027-02-22T19:33:00Z
8218,1,3,2027-02-22T19:53:00Z,2027-02-22T21:51:00Z
8219,2,3,2027-02-22T22:11:00Z,2027-02-23T00:23:00Z
8220,2,4,2027-02-22T14:00:00Z,2027-02-22T16:12:00Z
8221,3,4,2027-02-22T16:37:00Z,2027-02-22T18:14:00Z
8222,2,4,2027-02-22T18:44:00Z,2027-02-22T20:56:00Z
8223,6,4,2027-02-22T21:21:00Z,2027-02-22T23:46:00Z
8224,3,1,2027-02-23T14:00:00Z,2027-02-23T15:37:00Z
8225,3,1,2027-02-23T15:57:00Z,2027-02-23T17:34:00Z
8226,1,1,2027-02-23T17:54:00Z,2027-02-23T19:52:00Z
8227,3,1,2027-02-23T20:17:00Z,2027-02-23T21:54:00Z
8228,1,1,2027-02-23T22:19:00Z,2027-02-24T00:17:00Z
8229,1,2,2027-02-23T14:00:00Z,2027-02-23T15:58:00Z
8230,3,2,2027-02-23T16:23:00Z,2027-02-23T18:00:00Z
8231,1,2,2027-02-23T18:20:00Z,2027-02-23T20:18:00Z
8232,3,2,2027-02-23T20:43:00Z,2027-02-23T22:20:00Z
8233,4,2,2027-02-23T22:40:00Z,2027-02-24T00:25:00Z
8234,6,3,2027-02-23T14:00:00Z,2027-02-23T16:25:00Z
8235,5,3,2027-02-23T16:55:00Z,2027-02-23T18:45:00Z
8236,4,3,2027-02-23T19:10:00Z,2027-02-23T20:55:00Z
8237,3,3,2027-02-23T21:20:00Z,2027-02-23T22:57:00Z
8238,2,3,2027-02-23T23:27:00Z,2027-02-24T01:39:00Z
8239,4,4,2027-02-23T14:00:00Z,2027-02-23T15:45:00Z
8240,1,4,2027-02-23T16:05:00Z,2027-02-23T18:03:00Z
8241,7,4,2027-02-23T18:23:00Z,2027-02-23T20:04:00Z
8242,1,4,2027-02-23T20:24:00Z,2027-02-23T22:22:00Z
8243,8,4,2027-02-23T22:47:00Z,2027-02-24T00:16:00Z
8244,8,1,2027-02-24T14:00:00Z,2027-02-24T15:29:00Z
8245,7,1,2027-02-24T15:59:00Z,2027-02-24T17:40:00Z
8246,7,1,2027-02-24T18:10:00Z,2027-02-24T19:51:00Z
8247,8,1,2027-02-24T20:21:00Z,2027-02-24T21:50:00Z
8248,6,1,2027-02-24T22:20:00Z,2027-02-25T00:45:00Z
8249,7,2,2027-02-24T14:00:00Z,2027-02-24T15:41:00Z
8250,7,2,2027-02-24T16:06:00Z,2027-02-24T17:47:00Z
8251,8,2,2027-02-24T18:07:00Z,2027-02-24T19:36:00Z
8252,1,2,2027-02-24T19:56:00Z,2027-02-24T21:54:00Z
8253,2,2,2027-02-24T22:14:00Z,2027-02-25T00:26:00Z
8254,6,3,2027-02-24T14:00:00Z,2027-02-24T16:25:00Z
8255,2,3,2027-02-24T16:50:00Z,2027-02-24T19:02:00Z
8256,7,3,2027-02-24T19:32:00Z,2027-02-24T21:13:00Z
8257,7,3,2027-02-24T21:38:00Z,2027-02-24T23:19:00Z
8258,6,3,2027-02-24T23:44:00Z,2027-02-25T02:09:00Z
8259,6,4,2027-02-24T14:00:00Z,2027-02-24T16:25:00Z
8260,4,4,2027-02-24T16:50:00Z,2027-02-24T18:35:00Z
8261,4,4,2027-02-24T18:55:00Z,2027-02-24T20:40:00Z
8262,3,4,2027-02-24T21:05:00Z,2027-02-24T22:42:00Z
8263,3,4,2027-02-24T23:07:00Z,2027-02-25T00:44:00Z
8264,5,1,2027-02-25T14:00:00Z,2027-02-25T15:50:00Z
8265,4,1,2027-02-25T16:15:00Z,2027-02-25T18:00:00Z
8266,1,1,2027-02-25T18:20:00Z,2027-02-25T20:18:00Z
8267,8,1,2027-02-25T20:38:00Z,2027-02-25T22:07:00Z
8268,8,1,2027-02-25T22:32:00Z,2027-02-26T00:01:00Z
8269,8,2,2027-02-25T14:00:00Z,2027-02-25T15:29:00Z
8270,8,2,2027-02-25T15:59:00Z,2027-02-25T17:28:00Z
8271,4,2,2027-02-25T17:53:00Z,2027-02-25T19:38:00Z
8272,3,2,2027-02-25T20:03:00Z,2027-02-25T21:40:00Z
8273,1,2,2027-02-25T22:05:00Z,2027-02-26T00:03:00Z
8274,3,3,2027-02-25T14:00:00Z,2027-02-25T15:37:00Z
8275,2,3,2027-02-25T16:07:00Z,2027-02-25T18:19:00Z
8276,6,3,2027-02-25T18:44:00Z,2027-02-25T21:09:00Z
8277,6,3,2027-02-25T21:29:00Z,2027-02-25T23:54:00Z
8278,7,4,2027-02-25T14:00:00Z,2027-02-25T15:41:00Z
8279,7,4,2027-02-25T16:11:00Z,2027-02-25T17:52:00Z
8280,5,4,2027-02-25T18:12:00Z,2027-02-25T20:02:00Z
8281,8,4,2027-02-25T20:27:00Z,2027-02-25T21:56:00Z
8282,8,4,2027-02-25T22:16:00Z,2027-02-25T23:45:00Z
8283,6,1,2027-02-26T14:00:00Z,2027-02-26T16:25:00Z
8284,4,1,2027-02-26T16:50:00Z,2027-02-26T18:35:00Z
8285,3,1,2027-02-26T19:00:00Z,2027-02-26T20:37:00Z
8286,2,1,2027-02-26T20:57:00Z,2027-02-26T23:09:00Z
8287,5,1,2027-02-26T23:29:00Z,2027-02-27T01:19:00Z
8288,1,2,2027-02-26T14:00:00Z,2027-02-26T15:58:00Z
8289,4,2,2027-02-26T16:28:00Z,2027-02-26T18:13:00Z
8290,6,2,2027-02-26T18:43:00Z,2027-02-26T21:08:00Z
8291,8,2,2027-02-26T21:28:00Z,2027-02-26T22:57:00Z
8292,6,2,2027-02-26T23:22:00Z,2027-02-27T01:47:00Z
8293,8,3,2027-02-26T14:00:00Z,2027-02-26T15:29:00Z
8294,6,3,2027-02-26T15:54:00Z,2027-02-26T18:19:00Z
8295,6,3,2027-02-26T18:44:00Z,2027-02-26T21:09:00Z
8296,2,3,2027-02-26T21:29:00Z,2027-02-26T23:41:00Z
8297,8,4,2027-02-26T14:00:00Z,2027-02-26T15:29:00Z
8298,1,4,2027-02-26T15:54:00Z,2027-02-26T17:52:00Z
8299,2,4,2027-02-26T18:22:00Z,2027-02-26T20:34:00Z
8300,7,4,2027-02-26T20:54:00Z,2027-02-26T22:35:00Z
8301,8,4,2027-02-26T23:00:00Z,2027-02-27T00:29:00Z
8302,5,1,2027-02-27T14:00:00Z,2027-02-27T15:50:00Z
8303,3,1,2027-02-27T16:10:00Z,2027-02-27T17:47:00Z
8304,2,1,2027-02-27T18:07:00Z,2027-02-27T20:19:00Z
8305,7,1,2027-02-27T20:49:00Z,2027-02-27T22:30:00Z
8306,7,1,2027-02-27T22:55:00Z,2027-02-28T00:36:00Z
8307,1,2,2027-02-27T14:00:00Z,2027-02-27T15:58:00Z
8308,5,2,2027-02-27T16:18:00Z,2027-02-27T18:08:00Z
8309,3,2,2027-02-27T18:28:00Z,2027-02-27T20:05:00Z
8310,7,2,2027-02-27T20:25:00Z,2027-02-27T22:06:00Z
8311,4,2,2027-02-27T22:36:00Z,2027-02-28T00:21:00Z
8312,3,3,2027-02-27T14:00:00Z,2027-02-27T15:37:00Z
8313,5,3,2027-02-27T16:02:00Z,2027-02-27T17:52:00Z
8314,1,3,2027-02-27T18:12:00Z,2027-02-27T20:10:00Z
8315,3,3,2027-02-27T20:30:00Z,2027-02-27T22:07:00Z
8316,5,3,2027-02-27T22:27:00Z,2027-02-28T00:17:00Z
8317,8,4,2027-02-27T14:00:00Z,2027-02-27T15:29:00Z
8318,4,4,2027-02-27T15:49:00Z,2027-02-27T17:34:00Z
8319,3,4,2027-02-27T17:59:00Z,2027-02-27T19:36:00Z
8320,8,4,2027-02-27T20:06:00Z,2027-02-27T21:35:00Z
8321,2,4,2027-02-27T21:55:00Z,2027-02-28T00:07:00Z
8322,8,1,2027-02-28T14:00:00Z,2027-02-28T15:29:00Z
8323,6,1,2027-02-28T15:54:00Z,2027-02-28T18:19:00Z
8324,5,1,2027-02-28T18:44:00Z,2027-02-28T20:34:00Z
8325,6,1,2027-02-28T21:04:00Z,2027-02-28T23:29:00Z
8326,6,2,2027-02-28T14:00:00Z,2027-02-28T16:25:00Z
8327,3,2,2027-02-28T16:55:00Z,2027-02-28T18:32:00Z
8328,5,2,2027-02-28T19:02:00Z,2027-02-28T20:52:00Z
8329,4,2,2027-02-28T21:22:00Z,2027-02-28T23:07:00Z
8330,1,2,2027-02-28T23:27:00Z,2027-03-01T01:25:00Z
8331,8,3,2027-02-28T14:00:00Z,2027-02-28T15:29:00Z
8332,6,3,2027-02-28T15:54:00Z,2027-02-28T18:19:00Z
8333,5,3,2027-02-28T18:49:00Z,2027-02-28T20:39:00Z
8334,7,3,2027-02-28T21:04:00Z,2027-02-28T22:45:00Z
8335,5,3,2027-02-28T23:05:00Z,2027-03-01T00:55:00Z
8336,2,4,2027-02-28T14:00:00Z,2027-02-28T16:12:00Z
8337,4,4,2027-02-28T16:32:00Z,2027-02-28T18:17:00Z
8338,4,4,2027-02-28T18:37:00Z,2027-02-28T20:22:00Z
8339,3,4,2027-02-28T20:47:00Z,2027-02-28T22:24:00Z
8340,6,4,2027-02-28T22:44:00Z,2027-03-01T01:09:00Z
8341,7,1,2027-03-01T14:00:00Z,2027-03-01T15:41:00Z
8342,6,1,2027-03-01T16:06:00Z,2027-03-01T18:31:00Z
8343,2,1,2027-03-01T18:56:00Z,2027-03-01T21:08:00Z
8344,3,1,2027-03-01T21:28:00Z,2027-03-01T23:05:00Z
8345,8,1,2027-03-01T23:35:00Z,2027-03-02T01:04:00Z
8346,2,2,2027-03-01T14:00:00Z,2027-03-01T16:12:00Z
8347,1,2,2027-03-01T16:37:00Z,2027-03-01T18:35:00Z
8348,7,2,2027-03-01T19:00:00Z,2027-03-01T20:41:00Z
8349,3,2,2027-03-01T21:06:00Z,2027-03-01T22:43:00Z
8350,8,2,2027-03-01T23:08:00Z,2027-03-02T00:37:00Z
8351,6,3,2027-03-01T14:00:00Z,2027-03-01T16:25:00Z
8352,2,3,2027-03-01T16:50:00Z,2027-03-01T19:02:00Z
8353,4,3,2027-03-01T19:27:00Z,2027-03-01T21:12:00Z
8354,8,3,2027-03-01T21:37:00Z,2027-03-01T23:06:00Z
8355,4,3,2027-03-01T23:31:00Z,2027-03-02T01:16:00Z
8356,7,4,2027-03-01T14:00:00Z,2027-03-01T15:41:00Z
8357,5,4,2027-03-01T16:01:00Z,2027-03-01T17:51:00Z
8358,3,4,2027-03-01T18:11:00Z,2027-03-01T19:48:00Z
8359,3,4,2027-03-01T20:13:00Z,2027-03-01T21:50:00Z
8360,6,4,2027-03-01T22:20:00Z,2027-03-02T00:45:00Z
8361,7,1,2027-03-02T14:00:00Z,2027-03-02T15:41:00Z
8362,2,1,2027-03-02T16:01:00Z,2027-03-02T18:13:00Z
8363,2,1,2027-03-02T18:33:00Z,2027-03-02T20:45:00Z
8364,1,1,2027-03-02T21:15:00Z,2027-03-02T23:13:00Z
8365,7,1,2027-03-02T23:33:00Z,2027-03-03T01:14:00Z
8366,2,2,2027-03-02T14:00:00Z,2027-03-02T16:12:00Z
8367,3,2,2027-03-02T16:42:00Z,2027-03-02T18:19:00Z
8368,1,2,2027-03-02T18:39:00Z,2027-03-02T20:37:00Z
8369,3,2,2027-03-02T21:02:00Z,2027-03-02T22:39:00Z
8370,3,2,2027-03-02T22:59:00Z,2027-03-03T00:36:00Z
8371,6,3,2027-03-02T14:00:00Z,2027-03-02T16:25:00Z
8372,6,3,2027-03-02T16:55:00Z,2027-03-02T19:20:00Z
8373,2,3,2027-03-02T19:50:00Z,2027-03-02T22:02:00Z
8374,3,3,2027-03-02T22:22:00Z,2027-03-02T23:59:00Z
8375,6,4,2027-03-02T14:00:00Z,2027-03-02T16:25:00Z
8376,1,4,2027-03-02T16:45:00Z,2027-03-02T18:43:00Z
8377,2,4,2027-03-02T19:13:00Z,2027-03-02T21:25:00Z
8378,1,4,2027-03-02T21:45:00Z,2027-03-02T23:43:00Z
8379,3,1,2027-03-03T14:00:00Z,2027-03-03T15:37:00Z
8380,8,1,2027-03-03T16:02:00Z,2027-03-03T17:31:00Z
8381,5,1,2027-03-03T17:51:00Z,2027-03-03T19:41:00Z
8382,5,1,2027-03-03T20:11:00Z,2027-03-03T22:01:00Z
8383,2,1,2027-03-03T22:31:00Z,2027-03-04T00:43:00Z
8384,5,2,2027-03-03T14:00:00Z,2027-03-03T15:50:00Z
8385,2,2,2027-03-03T16:10:00Z,2027-03-03T18:22:00Z
8386,5,2,2027-03-03T18:47:00Z,2027-03-03T20:37:00Z
8387,2,2,2027-03-03T20:57:00Z,2027-03-03T23:09:00Z
8388,4,2,2027-03-03T23:34:00Z,2027-03-04T01:19:00Z
8389,5,3,2027-03-03T14:00:00Z,2027-03-03T15:50:00Z
8390,7,3,2027-03-03T16:10:00Z,2027-03-03T17:51:00Z
8391,3,3,2027-03-03T18:16:00Z,2027-03-03T19:53:00Z
8392,8,3,2027-03-03T20:23:00Z,2027-03-03T21:52:00Z
8393,6,3,2027-03-03T22:17:00Z,2027-03-04T00:42:00Z
8394,5,4,2027-03-03T14:00:00Z,2027-03-03T15:50:00Z
8395,7,4,2027-03-03T16:15:00Z,2027-03-03T17:56:00Z
8396,4,4,2027-03-03T18:21:00Z,2027-03-03T20:06:00Z
8397,6,4,2027-03-03T20:31:00Z,2027-03-03T22:56:00Z
8398,4,4,2027-03-03T23:16:00Z,2027-03-04T01:01:00Z
8399,3,1,2027-03-04T14:00:00Z,2027-03-04T15:37:00Z
8400,3,1,2027-03-04T16:07:00Z,2027-03-04T17:44:00Z
8401,2,1,2027-03-04T18:04:00Z,2027-03-04T20:16:00Z
8402,2,1,2027-03-04T20:36:00Z,2027-03-04T22:48:00Z
8403,2,1,2027-03-04T23:08:00Z,2027-03-05T01:20:00Z
8404,3,2,2027-03-04T14:00:00Z,2027-03-04T15:37:00Z
8405,2,2,2027-03-04T15:57:00Z,2027-03-04T18:09:00Z
8406,6,2,2027-03-04T18:34:00Z,2027-03-04T20:59:00Z
8407,6,2,2027-03-04T21:29:00Z,2027-03-04T23:54:00Z
8408,4,3,2027-03-04T14:00:00Z,2027-03-04T15:45:00Z
8409,8,3,2027-03-04T16:15:00Z,2027-03-04T17:44:00Z
8410,7,3,2027-03-04T18:09:00Z,2027-03-04T19:50:00Z
8411,5,3,2027-03-04T20:10:00Z,2027-03-04T22:00:00Z
8412,4,3,2027-03-04T22:30:00Z,2027-03-05T00:15:00Z
8413,1,4,2027-03-04T14:00:00Z,2027-03-04T15:58:00Z
8414,3,4,2027-03-04T16:23:00Z,2027-03-04T18:00:00Z
8415,4,4,2027-03-04T18:25:00Z,2027-03-04T20:10:00Z
8416,2,4,2027-03-04T20:35:00Z,2027-03-04T22:47:00Z
8417,1,4,2027-03-04T23:07:00Z,2027-03-05T01:05:00Z
8418,7,1,2027-03-05T14:00:00Z,2027-03-05T15:41:00Z
8419,8,1,2027-03-05T16:01:00Z,2027-03-05T17:30:00Z
8420,7,1,2027-03-05T17:55:00Z,2027-03-05T19:36:00Z
8421,6,1,2027-03-05T20:06:00Z,2027-03-05T22:31:00Z
8422,3,1,2027-03-05T22:56:00Z,2027-03-06T00:33:00Z
8423,7,2,2027-03-05T14:00:00Z,2027-03-05T15:41:00Z
8424,6,2,2027-03-05T16:11:00Z,2027-03-05T18:36:00Z
8425,3,2,2027-03-05T19:06:00Z,2027-03-05T20:43:00Z
8426,3,2,2027-03-05T21:03:00Z,2027-03-05T22:40:00Z
8427,7,2,2027-03-05T23:05:00Z,2027-03-06T00:46:00Z
8428,8,3,2027-03-05T14:00:00Z,2027-03-05T15:29:00Z
8429,3,3,2027-03-05T15:54:00Z,2027-03-05T17:31:00Z
8430,3,3,2027-03-05T17:51:00Z,2027-03-05T19:28:00Z
8431,8,3,2027-03-05T19:48:00Z,2027-03-05T21:17:00Z
8432,4,3,2027-03-05T21:42:00Z,2027-03-05T23:27:00Z
8433,3,3,2027-03-05T23:57:00Z,2027-03-06T01:34:00Z
8434,1,4,2027-03-05T14:00:00Z,2027-03-05T15:58:00Z
8435,6,4,2027-03-05T16:18:00Z,2027-03-05T18:43:00Z
8436,6,4,2027-03-05T19:13:00Z,2027-03-05T21:38:00Z
8437,6,4,2027-03-05T22:08:00Z,2027-03-06T00:33:00Z
8438,1,1,2027-03-06T14:00:00Z,2027-03-06T15:58:00Z
8439,8,1,2027-03-06T16:18:00Z,2027-03-06T17:47:00Z
8440,4,1,2027-03-06T18:17:00Z,2027-03-06T20:02:00Z
8441,3,1,2027-03-06T20:22:00Z,2027-03-06T21:59:00Z
8442,5,1,2027-03-06T22:24:00Z,2027-03-07T00:14:00Z
8443,7,2,2027-03-06T14:00:00Z,2027-03-06T15:41:00Z
8444,4,2,2027-03-06T16:11:00Z,2027-03-06T17:56:00Z
8445,1,2,2027-03-06T18:21:00Z,2027-03-06T20:19:00Z
8446,5,2,2027-03-06T20:44:00Z,2027-03-06T22:34:00Z
8447,8,2,2027-03-06T23:04:00Z,2027-03-07T00:33:00Z
8448,5,3,2027-03-06T14:00:00Z,2027-03-06T15:50:00Z
8449,1,3,2027-03-06T16:15:00Z,2027-03-06T18:13:00Z
8450,2,3,2027-03-06T18:38:00Z,2027-03-06T20:50:00Z
8451,7,3,2027-03-06T21:15:00Z,2027-03-06T22:56:00Z
8452,4,3,2027-03-06T23:21:00Z,2027-03-07T01:06:00Z
8453,4,4,2027-03-06T14:00:00Z,2027-03-06T15:45:00Z
8454,5,4,2027-03-06T16:10:00Z,2027-03-06T18:00:00Z
8455,1,4,2027-03-06T18:25:00Z,2027-03-06T20:23:00Z
8456,5,4,2027-03-06T20:43:00Z,2027-03-06T22:33:00Z
8457,5,4,2027-03-06T22:58:00Z,2027-03-07T00:48:00Z
8458,4,1,2027-03-07T14:00:00Z,2027-03-07T15:45:00Z
8459,4,1,2027-03-07T16:05:00Z,2027-03-07T17:50:00Z
8460,4,1,2027-03-07T18:15:00Z,2027-03-07T20:00:00Z
8461,1,1,2027-03-07T20:25:00Z,2027-03-07T22:23:00Z
8462,1,1,2027-03-07T22:48:00Z,2027-03-08T00:46:00Z
8463,5,2,2027-03-07T14:00:00Z,2027-03-07T15:50:00Z
8464,7,2,2027-03-07T16:20:00Z,2027-03-07T18:01:00Z
8465,5,2,2027-03-07T18:21:00Z,2027-03-07T20:11:00Z
8466,1,2,2027-03-07T20:41:00Z,2027-03-07T22:39:00Z
8467,4,2,2027-03-07T23:04:00Z,2027-03-08T00:49:00Z
8468,5,3,2027-03-07T14:00:00Z,2027-03-07T15:50:00Z
8469,4,3,2027-03-07T16:10:00Z,2027-03-07T17:55:00Z
8470,6,3,2027-03-07T18:20:00Z,2027-03-07T20:45:00Z
8471,4,3,2027-03-07T21:05:00Z,2027-03-07T22:50:00Z
8472,7,3,2027-03-07T23:10:00Z,2027-03-08T00:51:00Z
8473,6,4,2027-03-07T14:00:00Z,2027-03-07T16:25:00Z
8474,4,4,2027-03-07T16:55:00Z,2027-03-07T18:40:00Z
8475,1,4,2027-03-07T19:05:00Z,2027-03-07T21:03:00Z
8476,3,4,2027-03-07T21:23:00Z,2027-03-07T23:00:00Z
8477,5,4,2027-03-07T23:30:00Z,2027-03-08T01:20:00Z
8478,5,1,2027-03-08T14:00:00Z,2027-03-08T15:50:00Z
8479,5,1,2027-03-08T16:20:00Z,2027-03-08T18:10:00Z
8480,3,1,2027-03-08T18:35:00Z,2027-03-08T20:12:00Z
8481,4,1,2027-03-08T20:37:00Z,2027-03-08T22:22:00Z
8482,3,1,2027-03-08T22:52:00Z,2027-03-09T00:29:00Z
8483,2,2,2027-03-08T14:00:00Z,2027-03-08T16:12:00Z
8484,5,2,2027-03-08T16:37:00Z,2027-03-08T18:27:00Z
8485,2,2,2027-03-08T18:57:00Z,2027-03-08T21:09:00Z
8486,3,2,2027-03-08T21:29:00Z,2027-03-08T23:06:00Z
8487,1,2,2027-03-08T23:26:00Z,2027-03-09T01:24:00Z
8488,2,3,2027-03-08T14:00:00Z,2027-03-08T16:12:00Z
8489,3,3,2027-03-08T16:37:00Z,2027-03-08T18:14:00Z
8490,8,3,2027-03-08T18:34:00Z,2027-03-08T20:03:00Z
8491,2,3,2027-03-08T20:28:00Z,2027-03-08T22:40:00Z
8492,8,3,2027-03-08T23:10:00Z,2027-03-09T00:39:00Z
8493,2,4,2027-03-08T14:00:00Z,2027-03-08T16:12:00Z
8494,5,4,2027-03-08T16:37:00Z,2027-03-08T18:27:00Z
8495,6,4,2027-03-08T18:47:00Z,2027-03-08T21:12:00Z
8496,6,4,2027-03-08T21:32:00Z,2027-03-08T23:57:00Z
8497,7,1,2027-03-09T14:00:00Z,2027-03-09T15:41:00Z
8498,5,1,2027-03-09T16:01:00Z,2027-03-09T17:51:00Z
8499,1,1,2027-03-09T18:21:00Z,2027-03-09T20:19:00Z
8500,2,1,2027-03-09T20:49:00Z,2027-03-09T23:01:00Z
8501,3,1,2027-03-09T23:21:00Z,2027-03-10T00:58:00Z
8502,6,2,2027-03-09T14:00:00Z,2027-03-09T16:25:00Z
8503,4,2,2027-03-09T16:45:00Z,2027-03-09T18:30:00Z
8504,6,2,2027-03-09T18:55:00Z,2027-03-09T21:20:00Z
8505,6,2,2027-03-09T21:40:00Z,2027-03-10T00:05:00Z
8506,7,3,2027-03-09T14:00:00Z,2027-03-09T15:41:00Z
8507,7,3,2027-03-09T16:01:00Z,2027-03-09T17:42:00Z
8508,3,3,2027-03-09T18:02:00Z,2027-03-09T19:39:00Z
8509,8,3,2027-03-09T19:59:00Z,2027-03-09T21:28:00Z
8510,2,3,2027-03-09T21:58:00Z,2027-03-10T00:10:00Z
8511,4,4,2027-03-09T14:00:00Z,2027-03-09T15:45:00Z
8512,8,4,2027-03-09T16:15:00Z,2027-03-09T17:44:00Z
8513,8,4,2027-03-09T18:14:00Z,2027-03-09T19:43:00Z
8514,6,4,2027-03-09T20:08:00Z,2027-03-09T22:33:00Z
8515,6,4,2027-03-09T23:03:00Z,2027-03-10T01:28:00Z
8516,1,1,2027-03-10T14:00:00Z,2027-03-10T15:58:00Z
8517,8,1,2027-03-10T16:18:00Z,2027-03-10T17:47:00Z
8518,1,1,2027-03-10T18:07:00Z,2027-03-10T20:05:00Z
8519,6,1,2027-03-10T20:35:00Z,2027-03-10T23:00:00Z
8520,6,1,2027-03-10T23:20:00Z,2027-03-11T01:45:00Z
8521,6,2,2027-03-10T14:00:00Z,2027-03-10T16:25:00Z
8522,1,2,2027-03-10T16:50:00Z,2027-03-10T18:48:00Z
8523,8,2,2027-03-10T19:13:00Z,2027-03-10T20:42:00Z
8524,3,2,2027-03-10T21:02:00Z,2027-03-10T22:39:00Z
8525,2,2,2027-03-10T22:59:00Z,2027-03-11T01:11:00Z
8526,3,3,2027-03-10T14:00:00Z,2027-03-10T15:37:00Z
8527,8,3,2027-03-10T16:02:00Z,2027-03-10T17:31:00Z
8528,6,3,2027-03-10T18:01:00Z,2027-03-10T20:26:00Z
8529,1,3,2027-03-10T20:46:00Z,2027-03-10T22:44:00Z
8530,6,3,2027-03-10T23:14:00Z,2027-03-11T01:39:00Z
8531,5,4,2027-03-10T14:00:00Z,2027-03-10T15:50:00Z
8532,7,4,2027-03-10T16:20:00Z,2027-03-10T18:01:00Z
8533,1,4,2027-03-10T18:26:00Z,2027-03-10T20:24:00Z
8534,1,4,2027-03-10T20:44:00Z,2027-03-10T22:42:00Z
8535,3,4,2027-03-10T23:07:00Z,2027-03-11T00:44:00Z
8536,5,1,2027-03-11T14:00:00Z,2027-03-11T15:50:00Z
8537,3,1,2027-03-11T16:15:00Z,2027-03-11T17:52:00Z
8538,6,1,2027-03-11T18:17:00Z,2027-03-11T20:42:00Z
8539,2,1,2027-03-11T21:07:00Z,2027-03-11T23:19:00Z
8540,6,1,2027-03-11T23:49:00Z,2027-03-12T02:14:00Z
8541,8,2,2027-03-11T14:00:00Z,2027-03-11T15:29:00Z
8542,5,2,2027-03-11T15:54:00Z,2027-03-11T17:44:00Z
8543,1,2,2027-03-11T18:09:00Z,2027-03-11T20:07:00Z
8544,5,2,2027-03-11T20:27:00Z,2027-03-11T22:17:00Z
8545,3,2,2027-03-11T22:42:00Z,2027-03-12T00:19:00Z
8546,2,3,2027-03-11T14:00:00Z,2027-03-11T16:12:00Z
8547,2,3,2027-03-11T16:32:00Z,2027-03-11T18:44:00Z
8548,2,3,2027-03-11T19:09:00Z,2027-03-11T21:21:00Z
8549,5,3,2027-03-11T21:41:00Z,2027-03-11T23:31:00Z
8550,6,3,2027-03-11T23:56:00Z,2027-03-12T02:21:00Z
8551,3,4,2027-03-11T14:00:00Z,2027-03-11T15:37:00Z
8552,4,4,2027-03-11T16:07:00Z,2027-03-11T17:52:00Z
8553,2,4,2027-03-11T18:22:00Z,2027-03-11T20:34:00Z
8554,1,4,2027-03-11T20:54:00Z,2027-03-11T22:52:00Z
8555,5,4,2027-03-11T23:17:00Z,2027-03-12T01:07:00Z
8556,2,1,2027-03-12T14:00:00Z,2027-03-12T16:12:00Z
8557,5,1,2027-03-12T16:42:00Z,2027-03-12T18:32:00Z
8558,5,1,2027-03-12T19:02:00Z,2027-03-12T20:52:00Z
8559,7,1,2027-03-12T21:12:00Z,2027-03-12T22:53:00Z
8560,5,1,2027-03-12T23:13:00Z,2027-03-13T01:03:00Z
8561,2,2,2027-03-12T14:00:00Z,2027-03-12T16:12:00Z
8562,6,2,2027-03-12T16:42:00Z,2027-03-12T19:07:00Z
8563,1,2,2027-03-12T19:32:00Z,2027-03-12T21:30:00Z
8564,2,2,2027-03-12T21:50:00Z,2027-03-13T00:02:00Z
8565,1,3,2027-03-12T14:00:00Z,2027-03-12T15:58:00Z
8566,8,3,2027-03-12T16:18:00Z,2027-03-12T17:47:00Z
8567,8,3,2027-03-12T18:07:00Z,2027-03-12T19:36:00Z
8568,7,3,2027-03-12T20:01:00Z,2027-03-12T21:42:00Z
8569,2,3,2027-03-12T22:12:00Z,2027-03-13T00:24:00Z
8570,3,4,2027-03-12T14:00:00Z,2027-03-12T15:37:00Z
8571,4,4,2027-03-12T16:07:00Z,2027-03-12T17:52:00Z
8572,6,4,2027-03-12T18:12:00Z,2027-03-12T20:37:00Z
8573,3,4,2027-03-12T20:57:00Z,2027-03-12T22:34:00Z
8574,2,4,2027-03-12T23:04:00Z,2027-03-13T01:16:00Z
8575,1,1,2027-03-13T14:00:00Z,2027-03-13T15:58:00Z
8576,4,1,2027-03-13T16:23:00Z,2027-03-13T18:08:00Z
8577,3,1,2027-03-13T18:38:00Z,2027-03-13T20:15:00Z
8578,4,1,2027-03-13T20:35:00Z,2027-03-13T22:20:00Z
8579,1,1,2027-03-13T22:45:00Z,2027-03-14T00:43:00Z
8580,5,2,2027-03-13T14:00:00Z,2027-03-13T15:50:00Z
8581,4,2,2027-03-13T16:20:00Z,2027-03-13T18:05:00Z
8582,4,2,2027-03-13T18:30:00Z,2027-03-13T20:15:00Z
8583,7,2,2027-03-13T20:35:00Z,2027-03-13T22:16:00Z
8584,7,2,2027-03-13T22:36:00Z,2027-03-14T00:17:00Z
8585,5,3,2027-03-13T14:00:00Z,2027-03-13T15:50:00Z
8586,3,3,2027-03-13T16:15:00Z,2027-03-13T17:52:00Z
8587,7,3,2027-03-13T18:17:00Z,2027-03-13T19:58:00Z
8588,5,3,2027-03-13T20:28:00Z,2027-03-13T22:18:00Z
8589,4,3,2027-03-13T22:43:00Z,2027-03-14T00:28:00Z
8590,2,4,2027-03-13T14:00:00Z,2027-03-13T16:12:00Z
8591,7,4,2027-03-13T16:42:00Z,2027-03-13T18:23:00Z
8592,8,4,2027-03-13T18:48:00Z,2027-03-13T20:17:00Z
8593,2,4,2027-03-13T20:37:00Z,2027-03-13T22:49:00Z
8594,4,4,2027-03-13T23:14:00Z,2027-03-14T00:59:00Z
8595,5,1,2027-03-14T14:00:00Z,2027-03-14T15:50:00Z
8596,3,1,2027-03-14T16:20:00Z,2027-03-14T17:57:00Z
8597,3,1,2027-03-14T18:27:00Z,2027-03-14T20:04:00Z
8598,2,1,2027-03-14T20:34:00Z,2027-03-14T22:46:00Z
8599,4,1,2027-03-14T23:16:00Z,2027-03-15T01:01:00Z
8600,1,2,2027-03-14T14:00:00Z,2027-03-14T15:58:00Z
8601,4,2,2027-03-14T16:18:00Z,2027-03-14T18:03:00Z
8602,1,2,2027-03-14T18:33:00Z,2027-03-14T20:31:00Z
8603,2,2,2027-03-14T21:01:00Z,2027-03-14T23:13:00Z
8604,7,2,2027-03-14T23:43:00Z,2027-03-15T01:24:00Z
8605,4,3,2027-03-14T14:00:00Z,2027-03-14T15:45:00Z
8606,2,3,2027-03-14T16:10:00Z,2027-03-14T18:22:00Z
8607,1,3,2027-03-14T18:52:00Z,2027-03-14T20:50:00Z
8608,4,3,2027-03-14T21:20:00Z,2027-03-14T23:05:00Z
8609,2,3,2027-03-14T23:35:00Z,2027-03-15T01:47:00Z
8610,1,4,2027-03-14T14:00:00Z,2027-03-14T15:58:00Z
8611,2,4,2027-03-14T16:23:00Z,2027-03-14T18:35:00Z
8612,4,4,2027-03-14T19:00:00Z,2027-03-14T20:45:00Z
8613,3,4,2027-03-14T21:10:00Z,2027-03-14T22:47:00Z
8614,2,4,2027-03-14T23:07:00Z,2027-03-15T01:19:00Z
8615,6,1,2027-03-15T14:00:00Z,2027-03-15T16:25:00Z
8616,7,1,2027-03-15T16:50:00Z,2027-03-15T18:31:00Z
8617,5,1,2027-03-15T19:01:00Z,2027-03-15T20:51:00Z
8618,4,1,2027-03-15T21:16:00Z,2027-03-15T23:01:00Z
8619,3,1,2027-03-15T23:31:00Z,2027-03-16T01:08:00Z
8620,7,2,2027-03-15T14:00:00Z,2027-03-15T15:41:00Z
8621,4,2,2027-03-15T16:06:00Z,2027-03-15T17:51:00Z
8622,4,2,2027-03-15T18:21:00Z,2027-03-15T20:06:00Z
8623,8,2,2027-03-15T20:31:00Z,2027-03-15T22:00:00Z
8624,7,2,2027-03-15T22:25:00Z,2027-03-16T00:06:00Z
8625,5,3,2027-03-15T14:00:00Z,2027-03-15T15:50:00Z
8626,7,3,2027-03-15T16:10:00Z,2027-03-15T17:51:00Z
8627,3,3,2027-03-15T18:16:00Z,2027-03-15T19:53:00Z
8628,1,3,2027-03-15T20:13:00Z,2027-03-15T22:11:00Z
8629,8,3,2027-03-15T22:41:00Z,2027-03-16T00:10:00Z
8630,5,4,2027-03-15T14:00:00Z,2027-03-15T15:50:00Z
8631,7,4,2027-03-15T16:10:00Z,2027-03-15T17:51:00Z
8632,5,4,2027-03-15T18:11:00Z,2027-03-15T20:01:00Z
8633,5,4,2027-03-15T20:21:00Z,2027-03-15T22:11:00Z
8634,3,4,2027-03-15T22:36:00Z,2027-03-16T00:13:00Z
8635,1,1,2027-03-16T14:00:00Z,2027-03-16T15:58:00Z
8636,2,1,2027-03-16T16:23:00Z,2027-03-16T18:35:00Z
8637,8,1,2027-03-16T19:05:00Z,2027-03-16T20:34:00Z
8638,5,1,2027-03-16T20:59:00Z,2027-03-16T22:49:00Z
8639,4,1,2027-03-16T23:19:00Z,2027-03-17T01:04:00Z
8640,4,2,2027-03-16T14:00:00Z,2027-03-16T15:45:00Z
8641,5,2,2027-03-16T16:15:00Z,2027-03-16T18:05:00Z
8642,7,2,2027-03-16T18:30:00Z,2027-03-16T20:11:00Z
8643,3,2,2027-03-16T20:36:00Z,2027-03-16T22:13:00Z
8644,4,2,2027-03-16T22:38:00Z,2027-03-17T00:23:00Z
8645,3,3,2027-03-16T14:00:00Z,2027-03-16T15:37:00Z
8646,4,3,2027-03-16T15:57:00Z,2027-03-16T17:42:00Z
8647,8,3,2027-03-16T18:12:00Z,2027-03-16T19:41:00Z
8648,4,3,2027-03-16T20:06:00Z,2027-03-16T21:51:00Z
8649,3,3,2027-03-16T22:21:00Z,2027-03-16T23:58:00Z
8650,5,4,2027-03-16T14:00:00Z,2027-03-16T15:50:00Z
8651,6,4,2027-03-16T16:20:00Z,2027-03-16T18:45:00Z
8652,5,4,2027-03-16T19:15:00Z,2027-03-16T21:05:00Z
8653,2,4,2027-03-16T21:35:00Z,2027-03-16T23:47:00Z
8654,5,1,2027-03-17T14:00:00Z,2027-03-17T15:50:00Z
8655,7,1,2027-03-17T16:20:00Z,2027-03-17T18:01:00Z
8656,2,1,2027-03-17T18:21:00Z,2027-03-17T20:33:00Z
8657,2,1,2027-03-17T21:03:00Z,2027-03-17T23:15:00Z
8658,5,1,2027-03-17T23:35:00Z,2027-03-18T01:25:00Z
8659,4,2,2027-03-17T14:00:00Z,2027-03-17T15:45:00Z
8660,3,2,2027-03-17T16:15:00Z,2027-03-17T17:52:00Z
8661,8,2,2027-03-17T18:22:00Z,2027-03-17T19:51:00Z
8662,1,2,2027-03-17T20:21:00Z,2027-03-17T22:19:00Z
8663,1,2,2027-03-17T22:39:00Z,2027-03-18T00:37:00Z
8664,7,3,2027-03-17T14:00:00Z,2027-03-17T15:41:00Z
8665,6,3,2027-03-17T16:11:00Z,2027-03-17T18:36:00Z
8666,8,3,2027-03-17T18:56:00Z,2027-03-17T20:25:00Z
8667,3,3,2027-03-17T20:45:00Z,2027-03-17T22:22:00Z
8668,5,3,2027-03-17T22:42:00Z,2027-03-18T00:32:00Z
8669,7,4,2027-03-17T14:00:00Z,2027-03-17T15:41:00Z
8670,5,4,2027-03-17T16:06:00Z,2027-03-17T17:56:00Z
8671,4,4,2027-03-17T18:26:00Z,2027-03-17T20:11:00Z
8672,7,4,2027-03-17T20:41:00Z,2027-03-17T22:22:00Z
8673,6,4,2027-03-17T22:52:00Z,2027-03-18T01:17:00Z
8674,7,1,2027-03-18T14:00:00Z,2027-03-18T15:41:00Z
8675,4,1,2027-03-18T16:06:00Z,2027-03-18T17:51:00Z
8676,6,1,2027-03-18T18:11:00Z,2027-03-18T20:36:00Z
8677,6,1,2027-03-18T20:56:00Z,2027-03-18T23:21:00Z
8678,8,1,2027-03-18T23:46:00Z,2027-03-19T01:15:00Z
8679,6,2,2027-03-18T14:00:00Z,2027-03-18T16:25:00Z
8680,4,2,2027-03-18T16:50:00Z,2027-03-18T18:35:00Z
8681,1,2,2027-03-18T19:00:00Z,2027-03-18T20:58:00Z
8682,2,2,2027-03-18T21:28:00Z,2027-03-18T23:40:00Z
8683,3,3,2027-03-18T14:00:00Z,2027-03-18T15:37:00Z
8684,7,3,2027-03-18T15:57:00Z,2027-03-18T17:38:00Z
8685,4,3,2027-03-18T17:58:00Z,2027-03-18T19:43:00Z
8686,7,3,2027-03-18T20:08:00Z,2027-03-18T21:49:00Z
8687,2,3,2027-03-18T22:19:00Z,2027-03-19T00:31:00Z
8688,8,4,2027-03-18T14:00:00Z,2027-03-18T15:29:00Z
8689,3,4,2027-03-18T15:59:00Z,2027-03-18T17:36:00Z
8690,4,4,2027-03-18T17:56:00Z,2027-03-18T19:41:00Z
8691,6,4,2027-03-18T20:01:00Z,2027-03-18T22:26:00Z
8692,1,4,2027-03-18T22:46:00Z,2027-03-19T00:44:00Z
8693,1,1,2027-03-19T14:00:00Z,2027-03-19T15:58:00Z
8694,7,1,2027-03-19T16:28:00Z,2027-03-19T18:09:00Z
8695,5,1,2027-03-19T18:29:00Z,2027-03-19T20:19:00Z
8696,8,1,2027-03-19T20:49:00Z,2027-03-19T22:18:00Z
8697,2,1,2027-03-19T22:38:00Z,2027-03-20T00:50:00Z
8698,4,2,2027-03-19T14:00:00Z,2027-03-19T15:45:00Z
8699,2,2,2027-03-19T16:15:00Z,2027-03-19T18:27:00Z
8700,5,2,2027-03-19T18:47:00Z,2027-03-19T20:37:00Z
8701,4,2,2027-03-19T21:07:00Z,2027-03-19T22:52:00Z
8702,8,2,2027-03-19T23:12:00Z,2027-03-20T00:41:00Z
8703,5,3,2027-03-19T14:00:00Z,2027-03-19T15:50:00Z
8704,3,3,2027-03-19T16:20:00Z,2027-03-19T17:57:00Z
8705,1,3,2027-03-19T18:27:00Z,2027-03-19T20:25:00Z
8706,4,3,2027-03-19T20:50:00Z,2027-03-19T22:35:00Z
8707,6,3,2027-03-19T23:00:00Z,2027-03-20T01:25:00Z
8708,2,4,2027-03-19T14:00:00Z,2027-03-19T16:12:00Z
8709,4,4,2027-03-19T16:42:00Z,2027-03-19T18:27:00Z
8710,5,4,2027-03-19T18:57:00Z,2027-03-19T20:47:00Z
8711,7,4,2027-03-19T21:07:00Z,2027-03-19T22:48:00Z
8712,6,4,2027-03-19T23:18:00Z,2027-03-20T01:43:00Z
8713,8,1,2027-03-20T14:00:00Z,2027-03-20T15:29:00Z
8714,3,1,2027-03-20T15:59:00Z,2027-03-20T17:36:00Z
8715,2,1,2027-03-20T17:56:00Z,2027-03-20T20:08:00Z
8716,1,1,2027-03-20T20:38:00Z,2027-03-20T22:36:00Z
8717,5,1,2027-03-20T23:06:00Z,2027-03-21T00:56:00Z
8718,3,2,2027-03-20T14:00:00Z,2027-03-20T15:37:00Z
8719,4,2,2027-03-20T15:57:00Z,2027-03-20T17:42:00Z
8720,1,2,2027-03-20T18:12:00Z,2027-03-20T20:10:00Z
8721,3,2,2027-03-20T20:40:00Z,2027-03-20T22:17:00Z
8722,4,2,2027-03-20T22:37:00Z,2027-03-21T00:22:00Z
8723,3,3,2027-03-20T14:00:00Z,2027-03-20T15:37:00Z
8724,8,3,2027-03-20T16:02:00Z,2027-03-20T17:31:00Z
8725,8,3,2027-03-20T17:51:00Z,2027-03-20T19:20:00Z
8726,3,3,2027-03-20T19:40:00Z,2027-03-20T21:17:00Z
8727,2,3,2027-03-20T21:37:00Z,2027-03-20T23:49:00Z
8728,4,4,2027-03-20T14:00:00Z,2027-03-20T15:45:00Z
8729,5,4,2027-03-20T16:10:00Z,2027-03-20T18:00:00Z
8730,7,4,2027-03-20T18:30:00Z,2027-03-20T20:11:00Z
8731,2,4,2027-03-20T20:31:00Z,2027-03-20T22:43:00Z
8732,8,4,2027-03-20T23:03:00Z,2027-03-21T00:32:00Z
8733,1,1,2027-03-21T14:00:00Z,2027-03-21T15:58:00Z
8734,6,1,2027-03-21T16:18:00Z,2027-03-21T18:43:00Z
8735,3,1,2027-03-21T19:03:00Z,2027-03-21T20:40:00Z
8736,7,1,2027-03-21T21:10:00Z,2027-03-21T22:51:00Z
8737,2,1,2027-03-21T23:11:00Z,2027-03-22T01:23:00Z
8738,4,2,2027-03-21T14:00:00Z,2027-03-21T15:45:00Z
8739,3,2,2027-03-21T16:05:00Z,2027-03-21T17:42:00Z
8740,2,2,2027-03-21T18:07:00Z,2027-03-21T20:19:00Z
8741,4,2,2027-03-21T20:44:00Z,2027-03-21T22:29:00Z
8742,3,2,2027-03-21T22:59:00Z,2027-03-22T00:36:00Z
8743,6,3,2027-03-21T14:00:00Z,2027-03-21T16:25:00Z
8744,3,3,2027-03-21T16:50:00Z,2027-03-21T18:27:00Z
8745,4,3,2027-03-21T18:57:00Z,2027-03-21T20:42:00Z
8746,7,3,2027-03-21T21:07:00Z,2027-03-21T22:48:00Z
8747,8,3,2027-03-21T23:08:00Z,2027-03-22T00:37:00Z
8748,6,4,2027-03-21T14:00:00Z,2027-03-21T16:25:00Z
8749,4,4,2027-03-21T16:50:00Z,2027-03-21T18:35:00Z
8750,1,4,2027-03-21T19:05:00Z,2027-03-21T21:03:00Z
8751,7,4,2027-03-21T21:23:00Z,2027-03-21T23:04:00Z
8752,7,4,2027-03-21T23:29:00Z,2027-03-22T01:10:00Z
8753,8,1,2027-03-22T14:00:00Z,2027-03-22T15:29:00Z
8754,2,1,2027-03-22T15:49:00Z,2027-03-22T18:01:00Z
8755,3,1,2027-03-22T18:31:00Z,2027-03-22T20:08:00Z
8756,4,1,2027-03-22T20:28:00Z,2027-03-22T22:13:00Z
8757,2,1,2027-03-22T22:43:00Z,2027-03-23T00:55:00Z
8758,8,2,2027-03-22T14:00:00Z,2027-03-22T15:29:00Z
8759,3,2,2027-03-22T15:54:00Z,2027-03-22T17:31:00Z
8760,3,2,2027-03-22T17:51:00Z,2027-03-22T19:28:00Z
8761,4,2,2027-03-22T19:58:00Z,2027-03-22T21:43:00Z
8762,4,2,2027-03-22T22:03:00Z,2027-03-22T23:48:00Z
8763,2,3,2027-03-22T14:00:00Z,2027-03-22T16:12:00Z
8764,2,3,2027-03-22T16:32:00Z,2027-03-22T18:44:00Z
8765,2,3,2027-03-22T19:09:00Z,2027-03-22T21:21:00Z
8766,5,3,2027-03-22T21:46:00Z,2027-03-22T23:36:00Z
8767,3,4,2027-03-22T14:00:00Z,2027-03-22T15:37:00Z
8768,1,4,2027-03-22T15:57:00Z,2027-03-22T17:55:00Z
8769,8,4,2027-03-22T18:20:00Z,2027-03-22T19:49:00Z
8770,3,4,2027-03-22T20:09:00Z,2027-03-22T21:46:00Z
8771,2,4,2027-03-22T22:06:00Z,2027-03-23T00:18:00Z
8772,3,1,2027-03-23T14:00:00Z,2027-03-23T15:37:00Z
8773,8,1,2027-03-23T16:07:00Z,2027-03-23T17:36:00Z
8774,7,1,2027-03-23T17:56:00Z,2027-03-23T19:37:00Z
8775,2,1,2027-03-23T20:07:00Z,2027-03-23T22:19:00Z
8776,6,1,2027-03-23T22:49:00Z,2027-03-24T01:14:00Z
8777,3,2,2027-03-23T14:00:00Z,2027-03-23T15:37:00Z
8778,5,2,2027-03-23T16:07:00Z,2027-03-23T17:57:00Z
8779,1,2,2027-03-23T18:22:00Z,2027-03-23T20:20:00Z
8780,1,2,2027-03-23T20:40:00Z,2027-03-23T22:38:00Z
8781,1,2,2027-03-23T22:58:00Z,2027-03-24T00:56:00Z
8782,1,3,2027-03-23T14:00:00Z,2027-03-23T15:58:00Z
8783,6,3,2027-03-23T16:18:00Z,2027-03-23T18:43:00Z
8784,2,3,2027-03-23T19:03:00Z,2027-03-23T21:15:00Z
8785,4,3,2027-03-23T21:35:00Z,2027-03-23T23:20:00Z
8786,2,3,2027-03-23T23:45:00Z,2027-03-24T01:57:00Z
8787,6,4,2027-03-23T14:00:00Z,2027-03-23T16:25:00Z
8788,1,4,2027-03-23T16:45:00Z,2027-03-23T18:43:00Z
8789,3,4,2027-03-23T19:13:00Z,2027-03-23T20:50:00Z
8790,6,4,2027-03-23T21:15:00Z,2027-03-23T23:40:00Z
8791,2,1,2027-03-24T14:00:00Z,2027-03-24T16:12:00Z
8792,5,1,2027-03-24T16:42:00Z,2027-03-24T18:32:00Z
8793,5,1,2027-03-24T18:57:00Z,2027-03-24T20:47:00Z
8794,2,1,2027-03-24T21:07:00Z,2027-03-24T23:19:00Z
8795,3,1,2027-03-24T23:49:00Z,2027-03-25T01:26:00Z
8796,8,2,2027-03-24T14:00:00Z,2027-03-24T15:29:00Z
8797,8,2,2027-03-24T15:54:00Z,2027-03-24T17:23:00Z
8798,2,2,2027-03-24T17:53:00Z,2027-03-24T20:05:00Z
8799,3,2,2027-03-24T20:25:00Z,2027-03-24T22:02:00Z
8800,1,2,2027-03-24T22:27:00Z,2027-03-25T00:25:00Z
8801,7,3,2027-03-24T14:00:00Z,2027-03-24T15:41:00Z
8802,1,3,2027-03-24T16:06:00Z,2027-03-24T18:04:00Z
8803,7,3,2027-03-24T18:34:00Z,2027-03-24T20:15:00Z
8804,1,3,2027-03-24T20:40:00Z,2027-03-24T22:38:00Z
8805,1,3,2027-03-24T22:58:00Z,2027-03-25T00:56:00Z
8806,5,4,2027-03-24T14:00:00Z,2027-03-24T15:50:00Z
8807,7,4,2027-03-24T16:10:00Z,2027-03-24T17:51:00Z
8808,6,4,2027-03-24T18:16:00Z,2027-03-24T20:41:00Z
8809,6,4,2027-03-24T21:01:00Z,2027-03-24T23:26:00Z
8810,5,4,2027-03-24T23:56:00Z,2027-03-25T01:46:00Z
8811,3,1,2027-03-25T14:00:00Z,2027-03-25T15:37:00Z
8812,7,1,2027-03-25T16:02:00Z,2027-03-25T17:43:00Z
8813,2,1,2027-03-25T18:13:00Z,2027-03-25T20:25:00Z
8814,7,1,2027-03-25T20:45:00Z,2027-03-25T22:26:00Z
8815,5,1,2027-03-25T22:46:00Z,2027-03-26T00:36:00Z
8816,4,2,2027-03-25T14:00:00Z,2027-03-25T15:45:00Z
8817,6,2,2027-03-25T16:10:00Z,2027-03-25T18:35:00Z
8818,1,2,2027-03-25T19:05:00Z,2027-03-25T21:03:00Z
8819,5,2,2027-03-25T21:28:00Z,2027-03-25T23:18:00Z
8820,7,2,2027-03-25T23:38:00Z,2027-03-26T01:19:00Z
8821,1,3,2027-03-25T14:00:00Z,2027-03-25T15:58:00Z
8822,1,3,2027-03-25T16:28:00Z,2027-03-25T18:26:00Z
8823,8,3,2027-03-25T18:56:00Z,2027-03-25T20:25:00Z
8824,7,3,2027-03-25T20:45:00Z,2027-03-25T22:26:00Z
8825,4,3,2027-03-25T22:46:00Z,2027-03-26T00:31:00Z
8826,8,4,2027-03-25T14:00:00Z,2027-03-25T15:29:00Z
8827,6,4,2027-03-25T15:59:00Z,2027-03-25T18:24:00Z
8828,3,4,2027-03-25T18:44:00Z,2027-03-25T20:21:00Z
8829,2,4,2027-03-25T20:41:00Z,2027-03-25T22:53:00Z
8830,5,4,2027-03-25T23:13:00Z,2027-03-26T01:03:00Z
8831,2,1,2027-03-26T14:00:00Z,2027-03-26T16:12:00Z
8832,5,1,2027-03-26T16:37:00Z,2027-03-26T18:27:00Z
8833,2,1,2027-03-26T18:57:00Z,2027-03-26T21:09:00Z
8834,1,1,2027-03-26T21:39:00Z,2027-03-26T23:37:00Z
8835,5,2,2027-03-26T14:00:00Z,2027-03-26T15:50:00Z
8836,3,2,2027-03-26T16:20:00Z,2027-03-26T17:57:00Z
8837,8,2,2027-03-26T18:27:00Z,2027-03-26T19:56:00Z
8838,4,2,2027-03-26T20:21:00Z,2027-03-26T22:06:00Z
8839,4,2,2027-03-26T22:36:00Z,2027-03-27T00:21:00Z
8840,4,3,2027-03-26T14:00:00Z,2027-03-26T15:45:00Z
8841,2,3,2027-03-26T16:15:00Z,2027-03-26T18:27:00Z
8842,5,3,2027-03-26T18:52:00Z,2027-03-26T20:42:00Z
8843,3,3,2027-03-26T21:02:00Z,2027-03-26T22:39:00Z
8844,2,3,2027-03-26T23:09:00Z,2027-03-27T01:21:00Z
8845,7,4,2027-03-26T14:00:00Z,2027-03-26T15:41:00Z
8846,5,4,2027-03-26T16:11:00Z,2027-03-26T18:01:00Z
8847,3,4,2027-03-26T18:31:00Z,2027-03-26T20:08:00Z
8848,5,4,2027-03-26T20:38:00Z,2027-03-26T22:28:00Z
8849,5,4,2027-03-26T22:53:00Z,2027-03-27T00:43:00Z
8850,1,1,2027-03-27T14:00:00Z,2027-03-27T15:58:00Z
8851,7,1,2027-03-27T16:18:00Z,2027-03-27T17:59:00Z
8852,3,1,2027-03-27T18:29:00Z,2027-03-27T20:06:00Z
8853,7,1,2027-03-27T20:31:00Z,2027-03-27T22:12:00Z
8854,2,1,2027-03-27T22:32:00Z,2027-03-28T00:44:00Z
8855,5,2,2027-03-27T14:00:00Z,2027-03-27T15:50:00Z
8856,8,2,2027-03-27T16:10:00Z,2027-03-27T17:39:00Z
8857,7,2,2027-03-27T17:59:00Z,2027-03-27T19:40:00Z
8858,7,2,2027-03-27T20:05:00Z,2027-03-27T21:46:00Z
8859,6,2,2027-03-27T22:06:00Z,2027-03-28T00:31:00Z
8860,5,3,2027-03-27T14:00:00Z,2027-03-27T15:50:00Z
8861,3,3,2027-03-27T16:10:00Z,2027-03-27T17:47:00Z
8862,4,3,2027-03-27T18:12:00Z,2027-03-27T19:57:00Z
8863,6,3,2027-03-27T20:27:00Z,2027-03-27T22:52:00Z
8864,3,3,2027-03-27T23:17:00Z,2027-03-28T00:54:00Z
8865,4,4,2027-03-27T14:00:00Z,2027-03-27T15:45:00Z
8866,1,4,2027-03-27T16:15:00Z,2027-03-27T18:13:00Z
8867,2,4,2027-03-27T18:43:00Z,2027-03-27T20:55:00Z
8868,7,4,2027-03-27T21:20:00Z,2027-03-27T23:01:00Z
8869,7,4,2027-03-27T23:26:00Z,2027-03-28T01:07:00Z
8870,5,1,2027-03-28T14:00:00Z,2027-03-28T15:50:00Z
8871,1,1,2027-03-28T16:20:00Z,2027-03-28T18:18:00Z
8872,2,1,2027-03-28T18:38:00Z,2027-03-28T20:50:00Z
8873,4,1,2027-03-28T21:15:00Z,2027-03-28T23:00:00Z
8874,3,1,2027-03-28T23:30:00Z,2027-03-29T01:07:00Z
8875,6,2,2027-03-28T14:00:00Z,2027-03-28T16:25:00Z
8876,3,2,2027-03-28T16:55:00Z,2027-03-28T18:32:00Z
8877,1,2,2027-03-28T18:57:00Z,2027-03-28T20:55:00Z
8878,6,2,2027-03-28T21:25:00Z,2027-03-28T23:50:00Z
8879,5,3,2027-03-28T14:00:00Z,2027-03-28T15:50:00Z
8880,1,3,2027-03-28T16:20:00Z,2027-03-28T18:18:00Z
8881,4,3,2027-03-28T18:43:00Z,2027-03-28T20:28:00Z
8882,4,3,2027-03-28T20:48:00Z,2027-03-28T22:33:00Z
8883,6,3,2027-03-28T22:53:00Z,2027-03-29T01:18:00Z
8884,5,4,2027-03-28T14:00:00Z,2027-03-28T15:50:00Z
8885,6,4,2027-03-28T16:20:00Z,2027-03-28T18:45:00Z
8886,2,4,2027-03-28T19:15:00Z,2027-03-28T21:27:00Z
8887,4,4,2027-03-28T21:52:00Z,2027-03-28T23:37:00Z
8888,2,4,2027-03-28T23:57:00Z,2027-03-29T02:09:00Z
8889,2,1,2027-03-29T14:00:00Z,2027-03-29T16:12:00Z
8890,8,1,2027-03-29T16:42:00Z,2027-03-29T18:11:00Z
8891,8,1,2027-03-29T18:41:00Z,2027-03-29T20:10:00Z
8892,2,1,2027-03-29T20:40:00Z,2027-03-29T22:52:00Z
8893,1,1,2027-03-29T23:22:00Z,2027-03-30T01:20:00Z
8894,4,2,2027-03-29T14:00:00Z,2027-03-29T15:45:00Z
8895,2,2,2027-03-29T16:05:00Z,2027-03-29T18:17:00Z
8896,4,2,2027-03-29T18:47:00Z,2027-03-29T20:32:00Z
8897,4,2,2027-03-29T20:57:00Z,2027-03-29T22:42:00Z
8898,7,2,2027-03-29T23:02:00Z,2027-03-30T00:43:00Z
8899,6,3,2027-03-29T14:00:00Z,2027-03-29T16:25:00Z
8900,1,3,2027-03-29T16:45:00Z,2027-03-29T18:43:00Z
8901,1,3,2027-03-29T19:08:00Z,2027-03-29T21:06:00Z
8902,2,3,2027-03-29T21:36:00Z,2027-03-29T23:48:00Z
8903,8,4,2027-03-29T14:00:00Z,2027-03-29T15:29:00Z
8904,7,4,2027-03-29T15:54:00Z,2027-03-29T17:35:00Z
8905,8,4,2027-03-29T17:55:00Z,2027-03-29T19:24:00Z
8906,7,4,2027-03-29T19:54:00Z,2027-03-29T21:35:00Z
8907,1,4,2027-03-29T22:05:00Z,2027-03-30T00:03:00Z
8908,3,1,2027-03-30T14:00:00Z,2027-03-30T15:37:00Z
8909,1,1,2027-03-30T15:57:00Z,2027-03-30T17:55:00Z
8910,2,1,2027-03-30T18:15:00Z,2027-03-30T20:27:00Z
8911,7,1,2027-03-30T20:52:00Z,2027-03-30T22:33:00Z
8912,3,1,2027-03-30T22:53:00Z,2027-03-31T00:30:00Z
8913,1,2,2027-03-30T14:00:00Z,2027-03-30T15:58:00Z
8914,7,2,2027-03-30T16:18:00Z,2027-03-30T17:59:00Z
8915,8,2,2027-03-30T18:24:00Z,2027-03-30T19:53:00Z
8916,8,2,2027-03-30T20:23:00Z,2027-03-30T21:52:00Z
8917,5,2,2027-03-30T22:17:00Z,2027-03-31T00:07:00Z
8918,2,3,2027-03-30T14:00:00Z,2027-03-30T16:12:00Z
8919,7,3,2027-03-30T16:42:00Z,2027-03-30T18:23:00Z
8920,4,3,2027-03-30T18:43:00Z,2027-03-30T20:28:00Z
8921,6,3,2027-03-30T20:53:00Z,2027-03-30T23:18:00Z
8922,6,3,2027-03-30T23:48:00Z,2027-03-31T02:13:00Z
8923,1,4,2027-03-30T14:00:00Z,2027-03-30T15:58:00Z
8924,5,4,2027-03-30T16:18:00Z,2027-03-30T18:08:00Z
8925,2,4,2027-03-30T18:38:00Z,2027-03-30T20:50:00Z
8926,5,4,2027-03-30T21:10:00Z,2027-03-30T23:00:00Z
8927,5,4,2027-03-30T23:20:00Z,2027-03-31T01:10:00Z
8928,4,1,2027-03-31T14:00:00Z,2027-03-31T15:45:00Z
8929,8,1,2027-03-31T16:10:00Z,2027-03-31T17:39:00Z
8930,1,1,2027-03-31T18:04:00Z,2027-03-31T20:02:00Z
8931,3,1,2027-03-31T20:32:00Z,2027-03-31T22:09:00Z
8932,4,1,2027-03-31T22:34:00Z,2027-04-01T00:19:00Z
8933,3,2,2027-03-31T14:00:00Z,2027-03-31T15:37:00Z
8934,3,2,2027-03-31T15:57:00Z,2027-03-31T17:34:00Z
8935,4,2,2027-03-31T17:54:00Z,2027-03-31T19:39:00Z
8936,5,2,2027-03-31T20:04:00Z,2027-03-31T21:54:00Z
8937,6,2,2027-03-31T22:19:00Z,2027-04-01T00:44:00Z
8938,2,3,2027-03-31T14:00:00Z,2027-03-31T16:12:00Z
8939,5,3,2027-03-31T16:32:00Z,2027-03-31T18:22:00Z
8940,5,3,2027-03-31T18:42:00Z,2027-03-31T20:32:00Z
8941,7,3,2027-03-31T20:52:00Z,2027-03-31T22:33:00Z
8942,1,3,2027-03-31T23:03:00Z,2027-04-01T01:01:00Z
8943,1,4,2027-03-31T14:00:00Z,2027-03-31T15:58:00Z
8944,4,4,2027-03-31T16:23:00Z,2027-03-31T18:08:00Z
8945,7,4,2027-03-31T18:33:00Z,2027-03-31T20:14:00Z
8946,7,4,2027-03-31T20:39:00Z,2027-03-31T22:20:00Z
8947,1,4,2027-03-31T22:50:00Z,2027-04-01T00:48:00Z
8948,2,1,2027-04-01T14:00:00Z,2027-04-01T16:12:00Z
8949,3,1,2027-04-01T16:32:00Z,2027-04-01T18:09:00Z
8950,1,1,2027-04-01T18:34:00Z,2027-04-01T20:32:00Z
8951,4,1,2027-04-01T20:52:00Z,2027-04-01T22:37:00Z
8952,4,1,2027-04-01T22:57:00Z,2027-04-02T00:42:00Z
8953,7,2,2027-04-01T14:00:00Z,2027-04-01T15:41:00Z
8954,2,2,2027-04-01T16:06:00Z,2027-04-01T18:18:00Z
8955,7,2,2027-04-01T18:38:00Z,2027-04-01T20:19:00Z
8956,8,2,2027-04-01T20:39:00Z,2027-04-01T22:08:00Z
8957,6,2,2027-04-01T22:28:00Z,2027-04-02T00:53:00Z
8958,4,3,2027-04-01T14:00:00Z,2027-04-01T15:45:00Z
8959,3,3,2027-04-01T16:05:00Z,2027-04-01T17:42:00Z
8960,5,3,2027-04-01T18:02:00Z,2027-04-01T19:52:00Z
8961,6,3,2027-04-01T20:17:00Z,2027-04-01T22:42:00Z
8962,7,3,2027-04-01T23:02:00Z,2027-04-02T00:43:00Z
8963,3,4,2027-04-01T14:00:00Z,2027-04-01T15:37:00Z
8964,2,4,2027-04-01T16:02:00Z,2027-04-01T18:14:00Z
8965,8,4,2027-04-01T18:39:00Z,2027-04-01T20:08:00Z
8966,3,4,2027-04-01T20:33:00Z,2027-04-01T22:10:00Z
8967,4,4,2027-04-01T22:40:00Z,2027-04-02T00:25:00Z
8968,5,1,2027-04-02T14:00:00Z,2027-04-02T15:50:00Z
8969,1,1,2027-04-02T16:15:00Z,2027-04-02T18:13:00Z
8970,4,1,2027-04-02T18:33:00Z,2027-04-02T20:18:00Z
8971,1,1,2027-04-02T20:43:00Z,2027-04-02T22:41:00Z
8972,8,1,2027-04-02T23:11:00Z,2027-04-03T00:40:00Z
8973,6,2,2027-04-02T14:00:00Z,2027-04-02T16:25:00Z
8974,4,2,2027-04-02T16:50:00Z,2027-04-02T18:35:00Z
8975,3,2,2027-04-02T19:00:00Z,2027-04-02T20:37:00Z
8976,1,2,2027-04-02T21:02:00Z,2027-04-02T23:00:00Z
8977,4,2,2027-04-02T23:20:00Z,2027-04-03T01:05:00Z
8978,6,3,2027-04-02T14:00:00Z,2027-04-02T16:25:00Z
8979,2,3,2027-04-02T16:55:00Z,2027-04-02T19:07:00Z
8980,2,3,2027-04-02T19:27:00Z,2027-04-02T21:39:00Z
8981,6,3,2027-04-02T22:09:00Z,2027-04-03T00:34:00Z
8982,1,4,2027-04-02T14:00:00Z,2027-04-02T15:58:00Z
8983,1,4,2027-04-02T16:28:00Z,2027-04-02T18:26:00Z
8984,6,4,2027-04-02T18:56:00Z,2027-04-02T21:21:00Z
8985,2,4,2027-04-02T21:51:00Z,2027-04-03T00:03:00Z
8986,5,1,2027-04-03T14:00:00Z,2027-04-03T15:50:00Z
8987,3,1,2027-04-03T16:20:00Z,2027-04-03T17:57:00Z
8988,8,1,2027-04-03T18:17:00Z,2027-04-03T19:46:00Z
8989,3,1,2027-04-03T20:11:00Z,2027-04-03T21:48:00Z
8990,7,1,2027-04-03T22:13:00Z,2027-04-03T23:54:00Z
8991,7,2,2027-04-03T14:00:00Z,2027-04-03T15:41:00Z
8992,5,2,2027-04-03T16:11:00Z,2027-04-03T18:01:00Z
8993,8,2,2027-04-03T18:31:00Z,2027-04-03T20:00:00Z
8994,5,2,2027-04-03T20:20:00Z,2027-04-03T22:10:00Z
8995,6,2,2027-04-03T22:30:00Z,2027-04-04T00:55:00Z
8996,7,3,2027-04-03T14:00:00Z,2027-04-03T15:41:00Z
8997,4,3,2027-04-03T16:11:00Z,2027-04-03T17:56:00Z
8998,6,3,2027-04-03T18:16:00Z,2027-04-03T20:41:00Z
8999,2,3,2027-04-03T21:11:00Z,2027-04-03T23:23:00Z
9000,1,3,2027-04-03T23:48:00Z,2027-04-04T01:46:00Z
9001,5,4,2027-04-03T14:00:00Z,2027-04-03T15:50:00Z
9002,4,4,2027-04-03T16:20:00Z,2027-04-03T18:05:00Z
9003,4,4,2027-04-03T18:25:00Z,2027-04-03T20:10:00Z
9004,3,4,2027-04-03T20:30:00Z,2027-04-03T22:07:00Z
9005,5,4,2027-04-03T22:27:00Z,2027-04-04T00:17:00Z
9006,7,1,2027-04-04T14:00:00Z,2027-04-04T15:41:00Z
9007,1,1,2027-04-04T16:06:00Z,2027-04-04T18:04:00Z
9008,1,1,2027-04-04T18:29:00Z,2027-04-04T20:27:00Z
9009,8,1,2027-04-04T20:57:00Z,2027-04-04T22:26:00Z
9010,7,1,2027-04-04T22:46:00Z,2027-04-05T00:27:00Z
9011,2,2,2027-04-04T14:00:00Z,2027-04-04T16:12:00Z
9012,7,2,2027-04-04T16:37:00Z,2027-04-04T18:18:00Z
9013,8,2,2027-04-04T18:38:00Z,2027-04-04T20:07:00Z
9014,4,2,2027-04-04T20:27:00Z,2027-04-04T22:12:00Z
9015,4,2,2027-04-04T22:37:00Z,2027-04-05T00:22:00Z
9016,4,3,2027-04-04T14:00:00Z,2027-04-04T15:45:00Z
9017,6,3,2027-04-04T16:10:00Z,2027-04-04T18:35:00Z
9018,4,3,2027-04-04T19:05:00Z,2027-04-04T20:50:00Z
9019,3,3,2027-04-04T21:20:00Z,2027-04-04T22:57:00Z
9020,1,3,2027-04-04T23:27:00Z,2027-04-05T01:25:00Z
9021,1,4,2027-04-04T14:00:00Z,2027-04-04T15:58:00Z
9022,7,4,2027-04-04T16:23:00Z,2027-04-04T18:04:00Z
9023,2,4,2027-04-04T18:34:00Z,2027-04-04T20:46:00Z
9024,7,4,2027-04-04T21:06:00Z,2027-04-04T22:47:00Z
9025,1,4,2027-04-04T23:12:00Z,2027-04-05T01:10:00Z
9026,3,1,2027-04-05T14:00:00Z,2027-04-05T15:37:00Z
9027,6,1,2027-04-05T16:02:00Z,2027-04-05T18:27:00Z
9028,3,1,2027-04-05T18:57:00Z,2027-04-05T20:34:00Z
9029,5,1,2027-04-05T20:59:00Z,2027-04-05T22:49:00Z
9030,7,1,2027-04-05T23:09:00Z,2027-04-06T00:50:00Z
9031,7,2,2027-04-05T14:00:00Z,2027-04-05T15:41:00Z
9032,7,2,2027-04-05T16:06:00Z,2027-04-05T17:47:00Z
9033,2,2,2027-04-05T18:17:00Z,2027-04-05T20:29:00Z
9034,1,2,2027-04-05T20:49:00Z,2027-04-05T22:47:00Z
9035,8,2,2027-04-05T23:17:00Z,2027-04-06T00:46:00Z
9036,2,3,2027-04-05T14:00:00Z,2027-04-05T16:12:00Z
9037,3,3,2027-04-05T16:42:00Z,2027-04-05T18:19:00Z
9038,6,3,2027-04-05T18:39:00Z,2027-04-05T21:04:00Z
9039,6,3,2027-04-05T21:34:00Z,2027-04-05T23:59:00Z
9040,5,4,2027-04-05T14:00:00Z,2027-04-05T15:50:00Z
9041,5,4,2027-04-05T16:10:00Z,2027-04-05T18:00:00Z
9042,3,4,2027-04-05T18:25:00Z,2027-04-05T20:02:00Z
9043,5,4,2027-04-05T20:22:00Z,2027-04-05T22:12:00Z
9044,5,4,2027-04-05T22:42:00Z,2027-04-06T00:32:00Z
9045,1,1,2027-04-06T14:00:00Z,2027-04-06T15:58:00Z
9046,3,1,2027-04-06T16:18:00Z,2027-04-06T17:55:00Z
9047,4,1,2027-04-06T18:20:00Z,2027-04-06T20:05:00Z
9048,1,1,2027-04-06T20:25:00Z,2027-04-06T22:23:00Z
9049,7,1,2027-04-06T22:53:00Z,2027-04-07T00:34:00Z
9050,7,2,2027-04-06T14:00:00Z,2027-04-06T15:41:00Z
9051,2,2,2027-04-06T16:06:00Z,2027-04-06T18:18:00Z
9052,2,2,2027-04-06T18:38:00Z,2027-04-06T20:50:00Z
9053,4,2,2027-04-06T21:15:00Z,2027-04-06T23:00:00Z
9054,2,2,2027-04-06T23:20:00Z,2027-04-07T01:32:00Z
9055,4,3,2027-04-06T14:00:00Z,2027-04-06T15:45:00Z
9056,6,3,2027-04-06T16:15:00Z,2027-04-06T18:40:00Z
9057,1,3,2027-04-06T19:00:00Z,2027-04-06T20:58:00Z
9058,7,3,2027-04-06T21:18:00Z,2027-04-06T22:59:00Z
9059,1,3,2027-04-06T23:29:00Z,2027-04-07T01:27:00Z
9060,5,4,2027-04-06T14:00:00Z,2027-04-06T15:50:00Z
9061,5,4,2027-04-06T16:10:00Z,2027-04-06T18:00:00Z
9062,2,4,2027-04-06T18:30:00Z,2027-04-06T20:42:00Z
9063,6,4,2027-04-06T21:12:00Z,2027-04-06T23:37:00Z
9064,8,4,2027-04-06T23:57:00Z,2027-04-07T01:26:00Z
9065,3,1,2027-04-07T14:00:00Z,2027-04-07T15:37:00Z
9066,4,1,2027-04-07T16:07:00Z,2027-04-07T17:52:00Z
9067,8,1,2027-04-07T18:22:00Z,2027-04-07T19:51:00Z
9068,7,1,2027-04-07T20:21:00Z,2027-04-07T22:02:00Z
9069,3,1,2027-04-07T22:32:00Z,2027-04-08T00:09:00Z
9070,6,2,2027-04-07T14:00:00Z,2027-04-07T16:25:00Z
9071,5,2,2027-04-07T16:45:00Z,2027-04-07T18:35:00Z
9072,1,2,2027-04-07T19:00:00Z,2027-04-07T20:58:00Z
9073,8,2,2027-04-07T21:23:00Z,2027-04-07T22:52:00Z
9074,5,2,2027-04-07T23:17:00Z,2027-04-08T01:07:00Z
9075,3,3,2027-04-07T14:00:00Z,2027-04-07T15:37:00Z
9076,8,3,2027-04-07T15:57:00Z,2027-04-07T17:26:00Z
9077,7,3,2027-04-07T17:46:00Z,2027-04-07T19:27:00Z
9078,3,3,2027-04-07T19:52:00Z,2027-04-07T21:29:00Z
9079,3,3,2027-04-07T21:59:00Z,2027-04-07T23:36:00Z
9080,1,4,2027-04-07T14:00:00Z,2027-04-07T15:58:00Z
9081,2,4,2027-04-07T16:28:00Z,2027-04-07T18:40:00Z
9082,8,4,2027-04-07T19:10:00Z,2027-04-07T20:39:00Z
9083,8,4,2027-04-07T21:09:00Z,2027-04-07T22:38:00Z
9084,1,4,2027-04-07T23:03:00Z,2027-04-08T01:01:00Z
9085,2,1,2027-04-08T14:00:00Z,2027-04-08T16:12:00Z
9086,1,1,2027-04-08T16:37:00Z,2027-04-08T18:35:00Z
9087,5,1,2027-04-08T19:00:00Z,2027-04-08T20:50:00Z
9088,4,1,2027-04-08T21:10:00Z,2027-04-08T22:55:00Z
9089,4,1,2027-04-08T23:15:00Z,2027-04-09T01:00:00Z
9090,4,2,2027-04-08T14:00:00Z,2027-04-08T15:45:00Z
9091,3,2,2027-04-08T16:05:00Z,2027-04-08T17:42:00Z
9092,6,2,2027-04-08T18:07:00Z,2027-04-08T20:32:00Z
9093,3,2,2027-04-08T21:02:00Z,2027-04-08T22:39:00Z
9094,6,2,2027-04-08T22:59:00Z,2027-04-09T01:24:00Z
9095,2,3,2027-04-08T14:00:00Z,2027-04-08T16:12:00Z
9096,2,3,2027-04-08T16:37:00Z,2027-04-08T18:49:00Z
9097,1,3,2027-04-08T19:14:00Z,2027-04-08T21:12:00Z
9098,3,3,2027-04-08T21:32:00Z,2027-04-08T23:09:00Z
9099,2,3,2027-04-08T23:39:00Z,2027-04-09T01:51:00Z
9100,3,4,2027-04-08T14:00:00Z,2027-04-08T15:37:00Z
9101,7,4,2027-04-08T15:57:00Z,2027-04-08T17:38:00Z
9102,4,4,2027-04-08T17:58:00Z,2027-04-08T19:43:00Z
9103,4,4,2027-04-08T20:08:00Z,2027-04-08T21:53:00Z
9104,6,4,2027-04-08T22:23:00Z,2027-04-09T00:48:00Z
9105,8,1,2027-04-09T14:00:00Z,2027-04-09T15:29:00Z
9106,6,1,2027-04-09T15:54:00Z,2027-04-09T18:19:00Z
9107,2,1,2027-04-09T18:44:00Z,2027-04-09T20:56:00Z
9108,4,1,2027-04-09T21:16:00Z,2027-04-09T23:01:00Z
9109,2,1,2027-04-09T23:26:00Z,2027-04-10T01:38:00Z
9110,5,2,2027-04-09T14:00:00Z,2027-04-09T15:50:00Z
9111,5,2,2027-04-09T16:15:00Z,2027-04-09T18:05:00Z
9112,1,2,2027-04-09T18:35:00Z,2027-04-09T20:33:00Z
9113,3,2,2027-04-09T21:03:00Z,2027-04-09T22:40:00Z
9114,6,2,2027-04-09T23:10:00Z,2027-04-10T01:35:00Z
9115,3,3,2027-04-09T14:00:00Z,2027-04-09T15:37:00Z
9116,5,3,2027-04-09T16:02:00Z,2027-04-09T17:52:00Z
9117,1,3,2027-04-09T18:22:00Z,2027-04-09T20:20:00Z
9118,7,3,2027-04-09T20:40:00Z,2027-04-09T22:21:00Z
9119,5,3,2027-04-09T22:46:00Z,2027-04-10T00:36:00Z
9120,4,4,2027-04-09T14:00:00Z,2027-04-09T15:45:00Z
9121,4,4,2027-04-09T16:10:00Z,2027-04-09T17:55:00Z
9122,5,4,2027-04-09T18:25:00Z,2027-04-09T20:15:00Z
9123,7,4,2027-04-09T20:35:00Z,2027-04-09T22:16:00Z
9124,2,4,2027-04-09T22:41:00Z,2027-04-10T00:53:00Z
9125,8,1,2027-04-10T14:00:00Z,2027-04-10T15:29:00Z
9126,8,1,2027-04-10T15:59:00Z,2027-04-10T17:28:00Z
9127,3,1,2027-04-10T17:58:00Z,2027-04-10T19:35:00Z
9128,2,1,2027-04-10T19:55:00Z,2027-04-10T22:07:00Z
9129,3,1,2027-04-10T22:27:00Z,2027-04-11T00:04:00Z
9130,2,2,2027-04-10T14:00:00Z,2027-04-10T16:12:00Z
9131,3,2,2027-04-10T16:37:00Z,2027-04-10T18:14:00Z
9132,4,2,2027-04-10T18:34:00Z,2027-04-10T20:19:00Z
9133,7,2,2027-04-10T20:44:00Z,2027-04-10T22:25:00Z
9134,6,2,2027-04-10T22:45:00Z,2027-04-11T01:10:00Z
9135,8,3,2027-04-10T14:00:00Z,2027-04-10T15:29:00Z
9136,8,3,2027-04-10T15:59:00Z,2027-04-10T17:28:00Z
9137,7,3,2027-04-10T17:48:00Z,2027-04-10T19:29:00Z
9138,4,3,2027-04-10T19:49:00Z,2027-04-10T21:34:00Z
9139,3,3,2027-04-10T21:54:00Z,2027-04-10T23:31:00Z
9140,6,4,2027-04-10T14:00:00Z,2027-04-10T16:25:00Z
9141,1,4,2027-04-10T16:50:00Z,2027-04-10T18:48:00Z
9142,4,4,2027-04-10T19:13:00Z,2027-04-10T20:58:00Z
9143,8,4,2027-04-10T21:28:00Z,2027-04-10T22:57:00Z
9144,1,4,2027-04-10T23:27:00Z,2027-04-11T01:25:00Z
9145,7,1,2027-04-11T14:00:00Z,2027-04-11T15:41:00Z
9146,2,1,2027-04-11T16:06:00Z,2027-04-11T18:18:00Z
9147,8,1,2027-04-11T18:43:00Z,2027-04-11T20:12:00Z
9148,1,1,2027-04-11T20:42:00Z,2027-04-11T22:40:00Z
9149,8,1,2027-04-11T23:05:00Z,2027-04-12T00:34:00Z
9150,7,2,2027-04-11T14:00:00Z,2027-04-11T15:41:00Z
9151,3,2,2027-04-11T16:11:00Z,2027-04-11T17:48:00Z
9152,6,2,2027-04-11T18:08:00Z,2027-04-11T20:33:00Z
9153,7,2,2027-04-11T20:53:00Z,2027-04-11T22:34:00Z
9154,3,2,2027-04-11T23:04:00Z,2027-04-12T00:41:00Z
9155,3,3,2027-04-11T14:00:00Z,2027-04-11T15:37:00Z
9156,4,3,2027-04-11T15:57:00Z,2027-04-11T17:42:00Z
9157,6,3,2027-04-11T18:12:00Z,2027-04-11T20:37:00Z
9158,3,3,2027-04-11T21:02:00Z,2027-04-11T22:39:00Z
9159,7,3,2027-04-11T22:59:00Z,2027-04-12T00:40:00Z
9160,6,4,2027-04-11T14:00:00Z,2027-04-11T16:25:00Z
9161,6,4,2027-04-11T16:45:00Z,2027-04-11T19:10:00Z
9162,8,4,2027-04-11T19:40:00Z,2027-04-11T21:09:00Z
9163,5,4,2027-04-11T21:29:00Z,2027-04-11T23:19:00Z
9164,3,4,2027-04-11T23:44:00Z,2027-04-12T01:21:00Z
9165,2,1,2027-04-12T14:00:00Z,2027-04-12T16:12:00Z
9166,3,1,2027-04-12T16:42:00Z,2027-04-12T18:19:00Z
9167,3,1,2027-04-12T18:39:00Z,2027-04-12T20:16:00Z
9168,7,1,2027-04-12T20:41:00Z,2027-04-12T22:22:00Z
9169,1,1,2027-04-12T22:47:00Z,2027-04-13T00:45:00Z
9170,5,2,2027-04-12T14:00:00Z,2027-04-12T15:50:00Z
9171,7,2,2027-04-12T16:10:00Z,2027-04-12T17:51:00Z
9172,5,2,2027-04-12T18:21:00Z,2027-04-12T20:11:00Z
9173,1,2,2027-04-12T20:41:00Z,2027-04-12T22:39:00Z
9174,3,2,2027-04-12T22:59:00Z,2027-04-13T00:36:00Z
9175,6,3,2027-04-12T14:00:00Z,2027-04-12T16:25:00Z
9176,4,3,2027-04-12T16:45:00Z,2027-04-12T18:30:00Z
9177,7,3,2027-04-12T19:00:00Z,2027-04-12T20:41:00Z
9178,5,3,2027-04-12T21:11:00Z,2027-04-12T23:01:00Z
9179,5,3,2027-04-12T23:31:00Z,2027-04-13T01:21:00Z
9180,3,4,2027-04-12T14:00:00Z,2027-04-12T15:37:00Z
9181,6,4,2027-04-12T16:02:00Z,2027-04-12T18:27:00Z
9182,2,4,2027-04-12T18:57:00Z,2027-04-12T21:09:00Z
9183,2,4,2027-04-12T21:39:00Z,2027-04-12T23:51:00Z
9184,6,1,2027-04-13T14:00:00Z,2027-04-13T16:25:00Z
9185,8,1,2027-04-13T16:50:00Z,2027-04-13T18:19:00Z
9186,8,1,2027-04-13T18:39:00Z,2027-04-13T20:08:00Z
9187,6,1,2027-04-13T20:28:00Z,2027-04-13T22:53:00Z
9188,4,1,2027-04-13T23:13:00Z,2027-04-14T00:58:00Z
9189,7,2,2027-04-13T14:00:00Z,2027-04-13T15:41:00Z
9190,7,2,2027-04-13T16:06:00Z,2027-04-13T17:47:00Z
9191,4,2,2027-04-13T18:12:00Z,2027-04-13T19:57:00Z
9192,3,2,2027-04-13T20:27:00Z,2027-04-13T22:04:00Z
9193,8,2,2027-04-13T22:24:00Z,2027-04-13T23:53:00Z
9194,7,3,2027-04-13T14:00:00Z,2027-04-13T15:41:00Z
9195,2,3,2027-04-13T16:01:00Z,2027-04-13T18:13:00Z
9196,8,3,2027-04-13T18:43:00Z,2027-04-13T20:12:00Z
9197,8,3,2027-04-13T20:37:00Z,2027-04-13T22:06:00Z
9198,3,3,2027-04-13T22:31:00Z,2027-04-14T00:08:00Z
9199,7,4,2027-04-13T14:00:00Z,2027-04-13T15:41:00Z
9200,8,4,2027-04-13T16:11:00Z,2027-04-13T17:40:00Z
9201,3,4,2027-04-13T18:10:00Z,2027-04-13T19:47:00Z
9202,6,4,2027-04-13T20:07:00Z,2027-04-13T22:32:00Z
9203,4,4,2027-04-13T23:02:00Z,2027-04-14T00:47:00Z
9204,1,1,2027-04-14T14:00:00Z,2027-04-14T15:58:00Z
9205,6,1,2027-04-14T16:28:00Z,2027-04-14T18:53:00Z
9206,1,1,2027-04-14T19:23:00Z,2027-04-14T21:21:00Z
9207,3,1,2027-04-14T21:46:00Z,2027-04-14T23:23:00Z
9208,4,1,2027-04-14T23:53:00Z,2027-04-15T01:38:00Z
9209,1,2,2027-04-14T14:00:00Z,2027-04-14T15:58:00Z
9210,5,2,2027-04-14T16:28:00Z,2027-04-14T18:18:00Z
9211,6,2,2027-04-14T18:38:00Z,2027-04-14T21:03:00Z
9212,7,2,2027-04-14T21:28:00Z,2027-04-14T23:09:00Z
9213,6,2,2027-04-14T23:39:00Z,2027-04-15T02:04:00Z
9214,8,3,2027-04-14T14:00:00Z,2027-04-14T15:29:00Z
9215,1,3,2027-04-14T15:59:00Z,2027-04-14T17:57:00Z
9216,2,3,2027-04-14T18:17:00Z,2027-04-14T20:29:00Z
9217,5,3,2027-04-14T20:49:00Z,2027-04-14T22:39:00Z
9218,3,3,2027-04-14T23:09:00Z,2027-04-15T00:46:00Z
9219,6,4,2027-04-14T14:00:00Z,2027-04-14T16:25:00Z
9220,5,4,2027-04-14T16:50:00Z,2027-04-14T18:40:00Z
9221,3,4,2027-04-14T19:05:00Z,2027-04-14T20:42:00Z
9222,7,4,2027-04-14T21:12:00Z,2027-04-14T22:53:00Z
9223,7,4,2027-04-14T23:18:00Z,2027-04-15T00:59:00Z
9224,3,1,2027-04-15T14:00:00Z,2027-04-15T15:37:00Z
9225,5,1,2027-04-15T16:02:00Z,2027-04-15T17:52:00Z
9226,4,1,2027-04-15T18:12:00Z,2027-04-15T19:57:00Z
9227,3,1,2027-04-15T20:27:00Z,2027-04-15T22:04:00Z
9228,5,1,2027-04-15T22:34:00Z,2027-04-16T00:24:00Z
9229,4,2,2027-04-15T14:00:00Z,2027-04-15T15:45:00Z
9230,2,2,2027-04-15T16:05:00Z,2027-04-15T18:17:00Z
9231,7,2,2027-04-15T18:42:00Z,2027-04-15T20:23:00Z
9232,5,2,2027-04-15T20:43:00Z,2027-04-15T22:33:00Z
9233,6,2,2027-04-15T22:53:00Z,2027-04-16T01:18:00Z
9234,6,3,2027-04-15T14:00:00Z,2027-04-15T16:25:00Z
9235,8,3,2027-04-15T16:55:00Z,2027-04-15T18:24:00Z
9236,6,3,2027-04-15T18:44:00Z,2027-04-15T21:09:00Z
9237,3,3,2027-04-15T21:34:00Z,2027-04-15T23:11:00Z
9238,3,3,2027-04-15T23:41:00Z,2027-04-16T01:18:00Z
9239,4,4,2027-04-15T14:00:00Z,2027-04-15T15:45:00Z
9240,4,4,2027-04-15T16:15:00Z,2027-04-15T18:00:00Z
9241,6,4,2027-04-15T18:25:00Z,2027-04-15T20:50:00Z
9242,4,4,2027-04-15T21:10:00Z,2027-04-15T22:55:00Z
9243,2,4,2027-04-15T23:25:00Z,2027-04-16T01:37:00Z
9244,7,1,2027-04-16T14:00:00Z,2027-04-16T15:41:00Z
9245,6,1,2027-04-16T16:06:00Z,2027-04-16T18:31:00Z
9246,8,1,2027-04-16T18:51:00Z,2027-04-16T20:20:00Z
9247,5,1,2027-04-16T20:50:00Z,2027-04-16T22:40:00Z
9248,6,1,2027-04-16T23:05:00Z,2027-04-17T01:30:00Z
9249,6,2,2027-04-16T14:00:00Z,2027-04-16T16:25:00Z
9250,5,2,2027-04-16T16:50:00Z,2027-04-16T18:40:00Z
9251,4,2,2027-04-16T19:05:00Z,2027-04-16T20:50:00Z
9252,4,2,2027-04-16T21:10:00Z,2027-04-16T22:55:00Z
9253,2,2,2027-04-16T23:20:00Z,2027-04-17T01:32:00Z
9254,2,3,2027-04-16T14:00:00Z,2027-04-16T16:12:00Z
9255,8,3,2027-04-16T16:32:00Z,2027-04-16T18:01:00Z
9256,8,3,2027-04-16T18:31:00Z,2027-04-16T20:00:00Z
9257,1,3,2027-04-16T20:20:00Z,2027-04-16T22:18:00Z
9258,6,3,2027-04-16T22:38:00Z,2027-04-17T01:03:00Z
9259,4,4,2027-04-16T14:00:00Z,2027-04-16T15:45:00Z
9260,1,4,2027-04-16T16:10:00Z,2027-04-16T18:08:00Z
9261,6,4,2027-04-16T18:28:00Z,2027-04-16T20:53:00Z
9262,7,4,2027-04-16T21:13:00Z,2027-04-16T22:54:00Z
9263,2,4,2027-04-16T23:19:00Z,2027-04-17T01:31:00Z
9264,5,1,2027-04-17T14:00:00Z,2027-04-17T15:50:00Z
9265,2,1,2027-04-17T16:15:00Z,2027-04-17T18:27:00Z
9266,6,1,2027-04-17T18:52:00Z,2027-04-17T21:17:00Z
9267,2,1,2027-04-17T21:37:00Z,2027-04-17T23:49:00Z
9268,3,2,2027-04-17T14:00:00Z,2027-04-17T15:37:00Z
9269,4,2,2027-04-17T16:02:00Z,2027-04-17T17:47:00Z
9270,8,2,2027-04-17T18:12:00Z,2027-04-17T19:41:00Z
9271,2,2,2027-04-17T20:11:00Z,2027-04-17T22:23:00Z
9272,7,2,2027-04-17T22:43:00Z,2027-04-18T00:24:00Z
9273,6,3,2027-04-17T14:00:00Z,2027-04-17T16:25:00Z
9274,1,3,2027-04-17T16:45:00Z,2027-04-17T18:43:00Z
9275,5,3,2027-04-17T19:13:00Z,2027-04-17T21:03:00Z
9276,2,3,2027-04-17T21:23:00Z,2027-04-17T23:35:00Z
9277,2,4,2027-04-17T14:00:00Z,2027-04-17T16:12:00Z
9278,6,4,2027-04-17T16:32:00Z,2027-04-17T18:57:00Z
9279,8,4,2027-04-17T19:17:00Z,2027-04-17T20:46:00Z
9280,2,4,2027-04-17T21:11:00Z,2027-04-17T23:23:00Z
9281,8,4,2027-04-17T23:53:00Z,2027-04-18T01:22:00Z
9282,1,1,2027-04-18T14:00:00Z,2027-04-18T15:58:00Z
9283,3,1,2027-04-18T16:28:00Z,2027-04-18T18:05:00Z
9284,1,1,2027-04-18T18:30:00Z,2027-04-18T20:28:00Z
9285,6,1,2027-04-18T20:53:00Z,2027-04-18T23:18:00Z
9286,4,1,2027-04-18T23:38:00Z,2027-04-19T01:23:00Z
9287,6,2,2027-04-18T14:00:00Z,2027-04-18T16:25:00Z
9288,3,2,2027-04-18T16:50:00Z,2027-04-18T18:27:00Z
9289,6,2,2027-04-18T18:47:00Z,2027-04-18T21:12:00Z
9290,7,2,2027-04-18T21:42:00Z,2027-04-18T23:23:00Z
9291,1,2,2027-04-18T23:48:00Z,2027-04-19T01:46:00Z
9292,7,3,2027-04-18T14:00:00Z,2027-04-18T15:41:00Z
9293,8,3,2027-04-18T16:06:00Z,2027-04-18T17:35:00Z
9294,5,3,2027-04-18T18:00:00Z,2027-04-18T19:50:00Z
9295,3,3,2027-04-18T20:10:00Z,2027-04-18T21:47:00Z
9296,6,3,2027-04-18T22:12:00Z,2027-04-19T00:37:00Z
9297,6,4,2027-04-18T14:00:00Z,2027-04-18T16:25:00Z
9298,5,4,2027-04-18T16:55:00Z,2027-04-18T18:45:00Z
9299,6,4,2027-04-18T19:15:00Z,2027-04-18T21:40:00Z
9300,7,4,2027-04-18T22:10:00Z,2027-04-18T23:51:00Z
9301,6,1,2027-04-19T14:00:00Z,2027-04-19T16:25:00Z
9302,5,1,2027-04-19T16:55:00Z,2027-04-19T18:45:00Z
9303,3,1,2027-04-19T19:05:00Z,2027-04-19T20:42:00Z
9304,2,1,2027-04-19T21:07:00Z,2027-04-19T23:19:00Z
9305,7,1,2027-04-19T23:39:00Z,2027-04-20T01:20:00Z
9306,1,2,2027-04-19T14:00:00Z,2027-04-19T15:58:00Z
9307,1,2,2027-04-19T16:18:00Z,2027-04-19T18:16:00Z
9308,1,2,2027-04-19T18:36:00Z,2027-04-19T20:34:00Z
9309,5,2,2027-04-19T20:54:00Z,2027-04-19T22:44:00Z
9310,4,2,2027-04-19T23:09:00Z,2027-04-20T00:54:00Z
9311,4,3,2027-04-19T14:00:00Z,2027-04-19T15:45:00Z
9312,4,3,2027-04-19T16:05:00Z,2027-04-19T17:50:00Z
9313,2,3,2027-04-19T18:10:00Z,2027-04-19T20:22:00Z
9314,6,3,2027-04-19T20:47:00Z,2027-04-19T23:12:00Z
9315,4,3,2027-04-19T23:32:00Z,2027-04-20T01:17:00Z
9316,6,4,2027-04-19T14:00:00Z,2027-04-19T16:25:00Z
9317,8,4,2027-04-19T16:50:00Z,2027-04-19T18:19:00Z
9318,4,4,2027-04-19T18:39:00Z,2027-04-19T20:24:00Z
9319,7,4,2027-04-19T20:54:00Z,2027-04-19T22:35:00Z
9320,3,4,2027-04-19T23:05:00Z,2027-04-20T00:42:00Z
9321,2,1,2027-04-20T14:00:00Z,2027-04-20T16:12:00Z
9322,5,1,2027-04-20T16:37:00Z,2027-04-20T18:27:00Z
9323,7,1,2027-04-20T18:52:00Z,2027-04-20T20:33:00Z
9324,8,1,2027-04-20T20:58:00Z,2027-04-20T22:27:00Z
9325,8,1,2027-04-20T22:47:00Z,2027-04-21T00:16:00Z
9326,4,2,2027-04-20T14:00:00Z,2027-04-20T15:45:00Z
9327,8,2,2027-04-20T16:10:00Z,2027-04-20T17:39:00Z
9328,8,2,2027-04-20T18:09:00Z,2027-04-20T19:38:00Z
9329,5,2,2027-04-20T20:08:00Z,2027-04-20T21:58:00Z
9330,7,2,2027-04-20T22:28:00Z,2027-04-21T00:09:00Z
9331,1,3,2027-04-20T14:00:00Z,2027-04-20T15:58:00Z
9332,6,3,2027-04-20T16:18:00Z,2027-04-20T18:43:00Z
9333,3,3,2027-04-20T19:13:00Z,2027-04-20T20:50:00Z
9334,5,3,2027-04-20T21:15:00Z,2027-04-20T23:05:00Z
9335,2,3,2027-04-20T23:25:00Z,2027-04-21T01:37:00Z
9336,4,4,2027-04-20T14:00:00Z,2027-04-20T15:45:00Z
9337,2,4,2027-04-20T16:05:00Z,2027-04-20T18:17:00Z
9338,3,4,2027-04-20T18:47:00Z,2027-04-20T20:24:00Z
9339,2,4,2027-04-20T20:44:00Z,2027-04-20T22:56:00Z
9340,4,4,2027-04-20T23:16:00Z,2027-04-21T01:01:00Z
9341,3,1,2027-04-21T14:00:00Z,2027-04-21T15:37:00Z
9342,1,1,2027-04-21T16:07:00Z,2027-04-21T18:05:00Z
9343,5,1,2027-04-21T18:35:00Z,2027-04-21T20:25:00Z
9344,2,1,2027-04-21T20:55:00Z,2027-04-21T23:07:00Z
9345,7,1,2027-04-21T23:27:00Z,2027-04-22T01:08:00Z
9346,1,2,2027-04-21T14:00:00Z,2027-04-21T15:58:00Z
9347,4,2,2027-04-21T16:18:00Z,2027-04-21T18:03:00Z
9348,5,2,2027-04-21T18:28:00Z,2027-04-21T20:18:00Z
9349,3,2,2027-04-21T20:43:00Z,2027-04-21T22:20:00Z
9350,8,2,2027-04-21T22:40:00Z,2027-04-22T00:09:00Z
9351,1,3,2027-04-21T14:00:00Z,2027-04-21T15:58:00Z
9352,3,3,2027-04-21T16:28:00Z,2027-04-21T18:05:00Z
9353,7,3,2027-04-21T18:30:00Z,2027-04-21T20:11:00Z
9354,2,3,2027-04-21T20:41:00Z,2027-04-21T22:53:00Z
9355,8,3,2027-04-21T23:23:00Z,2027-04-22T00:52:00Z
9356,3,4,2027-04-21T14:00:00Z,2027-04-21T15:37:00Z
9357,8,4,2027-04-21T16:02:00Z,2027-04-21T17:31:00Z
9358,6,4,2027-04-21T17:56:00Z,2027-04-21T20:21:00Z
9359,6,4,2027-04-21T20:46:00Z,2027-04-21T23:11:00Z
9360,5,4,2027-04-21T23:41:00Z,2027-04-22T01:31:00Z
9361,3,1,2027-04-22T14:00:00Z,2027-04-22T15:37:00Z
9362,3,1,2027-04-22T16:02:00Z,2027-04-22T17:39:00Z
9363,1,1,2027-04-22T18:09:00Z,2027-04-22T20:07:00Z
9364,3,1,2027-04-22T20:32:00Z,2027-04-22T22:09:00Z
9365,2,1,2027-04-22T22:39:00Z,2027-04-23T00:51:00Z
9366,8,2,2027-04-22T14:00:00Z,2027-04-22T15:29:00Z
9367,4,2,2027-04-22T15:54:00Z,2027-04-22T17:39:00Z
9368,2,2,2027-04-22T18:09:00Z,2027-04-22T20:21:00Z
9369,1,2,2027-04-22T20:46:00Z,2027-04-22T22:44:00Z
9370,3,2,2027-04-22T23:14:00Z,2027-04-23T00:51:00Z
9371,8,3,2027-04-22T14:00:00Z,2027-04-22T15:29:00Z
9372,8,3,2027-04-22T15:49:00Z,2027-04-22T17:18:00Z
9373,2,3,2027-04-22T17:38:00Z,2027-04-22T19:50:00Z
9374,4,3,2027-04-22T20:15:00Z,2027-04-22T22:00:00Z
9375,8,3,2027-04-22T22:20:00Z,2027-04-22T23:49:00Z
9376,4,4,2027-04-22T14:00:00Z,2027-04-22T15:45:00Z
9377,3,4,2027-04-22T16:15:00Z,2027-04-22T17:52:00Z
9378,6,4,2027-04-22T18:12:00Z,2027-04-22T20:37:00Z
9379,3,4,2027-04-22T20:57:00Z,2027-04-22T22:34:00Z
9380,4,4,2027-04-22T22:54:00Z,2027-04-23T00:39:00Z
9381,7,1,2027-04-23T14:00:00Z,2027-04-23T15:41:00Z
9382,2,1,2027-04-23T16:01:00Z,2027-04-23T18:13:00Z
9383,7,1,2027-04-23T18:43:00Z,2027-04-23T20:24:00Z
9384,2,1,2027-04-23T20:49:00Z,2027-04-23T23:01:00Z
9385,5,1,2027-04-23T23:31:00Z,2027-04-24T01:21:00Z
9386,3,2,2027-04-23T14:00:00Z,2027-04-23T15:37:00Z
9387,3,2,2027-04-23T15:57:00Z,2027-04-23T17:34:00Z
9388,6,2,2027-04-23T17:59:00Z,2027-04-23T20:24:00Z
9389,4,2,2027-04-23T20:54:00Z,2027-04-23T22:39:00Z
9390,4,2,2027-04-23T23:09:00Z,2027-04-24T00:54:00Z
9391,5,3,2027-04-23T14:00:00Z,2027-04-23T15:50:00Z
9392,7,3,2027-04-23T16:15:00Z,2027-04-23T17:56:00Z
9393,8,3,2027-04-23T18:16:00Z,2027-04-23T19:45:00Z
9394,8,3,2027-04-23T20:15:00Z,2027-04-23T21:44:00Z
9395,8,3,2027-04-23T22:14:00Z,2027-04-23T23:43:00Z
9396,3,4,2027-04-23T14:00:00Z,2027-04-23T15:37:00Z
9397,5,4,2027-04-23T16:02:00Z,2027-04-23T17:52:00Z
9398,1,4,2027-04-23T18:12:00Z,2027-04-23T20:10:00Z
9399,6,4,2027-04-23T20:40:00Z,2027-04-23T23:05:00Z
9400,5,4,2027-04-23T23:30:00Z,2027-04-24T01:20:00Z
9401,8,1,2027-04-24T14:00:00Z,2027-04-24T15:29:00Z
9402,2,1,2027-04-24T15:59:00Z,2027-04-24T18:11:00Z
9403,8,1,2027-04-24T18:31:00Z,2027-04-24T20:00:00Z
9404,8,1,2027-04-24T20:30:00Z,2027-04-24T21:59:00Z
9405,3,1,2027-04-24T22:19:00Z,2027-04-24T23:56:00Z
9406,3,2,2027-04-24T14:00:00Z,2027-04-24T15:37:00Z
9407,2,2,2027-04-24T16:02:00Z,2027-04-24T18:14:00Z
9408,1,2,2027-04-24T18:34:00Z,2027-04-24T20:32:00Z
9409,4,2,2027-04-24T20:57:00Z,2027-04-24T22:42:00Z
9410,8,2,2027-04-24T23:12:00Z,2027-04-25T00:41:00Z
9411,8,3,2027-04-24T14:00:00Z,2027-04-24T15:29:00Z
9412,2,3,2027-04-24T15:59:00Z,2027-04-24T18:11:00Z
9413,8,3,2027-04-24T18:31:00Z,2027-04-24T20:00:00Z
9414,6,3,2027-04-24T20:30:00Z,2027-04-24T22:55:00Z
9415,4,3,2027-04-24T23:15:00Z,2027-04-25T01:00:00Z
9416,3,4,2027-04-24T14:00:00Z,2027-04-24T15:37:00Z
9417,2,4,2027-04-24T15:57:00Z,2027-04-24T18:09:00Z
9418,6,4,2027-04-24T18:29:00Z,2027-04-24T20:54:00Z
9419,1,4,2027-04-24T21:19:00Z,2027-04-24T23:17:00Z
9420,4,4,2027-04-24T23:47:00Z,2027-04-25T01:32:00Z
9421,1,1,2027-04-25T14:00:00Z,2027-04-25T15:58:00Z
9422,5,1,2027-04-25T16:18:00Z,2027-04-25T18:08:00Z
9423,8,1,2027-04-25T18:38:00Z,2027-04-25T20:07:00Z
9424,8,1,2027-04-25T20:37:00Z,2027-04-25T22:06:00Z
9425,8,1,2027-04-25T22:36:00Z,2027-04-26T00:05:00Z
9426,4,2,2027-04-25T14:00:00Z,2027-04-25T15:45:00Z
9427,6,2,2027-04-25T16:15:00Z,2027-04-25T18:40:00Z
9428,6,2,2027-04-25T19:10:00Z,2027-04-25T21:35:00Z
9429,4,2,2027-04-25T21:55:00Z,2027-04-25T23:40:00Z
9430,7,3,2027-04-25T14:00:00Z,2027-04-25T15:41:00Z
9431,1,3,2027-04-25T16:01:00Z,2027-04-25T17:59:00Z
9432,1,3,2027-04-25T18:19:00Z,2027-04-25T20:17:00Z
9433,5,3,2027-04-25T20:42:00Z,2027-04-25T22:32:00Z
9434,7,3,2027-04-25T22:52:00Z,2027-04-26T00:33:00Z
9435,2,4,2027-04-25T14:00:00Z,2027-04-25T16:12:00Z
9436,6,4,2027-04-25T16:42:00Z,2027-04-25T19:07:00Z
9437,8,4,2027-04-25T19:27:00Z,2027-04-25T20:56:00Z
9438,6,4,2027-04-25T21:16:00Z,2027-04-25T23:41:00Z
9439,4,1,2027-04-26T14:00:00Z,2027-04-26T15:45:00Z
9440,2,1,2027-04-26T16:15:00Z,2027-04-26T18:27:00Z
9441,3,1,2027-04-26T18:47:00Z,2027-04-26T20:24:00Z
9442,3,1,2027-04-26T20:54:00Z,2027-04-26T22:31:00Z
9443,6,1,2027-04-26T23:01:00Z,2027-04-27T01:26:00Z
9444,1,2,2027-04-26T14:00:00Z,2027-04-26T15:58:00Z
9445,5,2,2027-04-26T16:18:00Z,2027-04-26T18:08:00Z
9446,8,2,2027-04-26T18:28:00Z,2027-04-26T19:57:00Z
9447,4,2,2027-04-26T20:22:00Z,2027-04-26T22:07:00Z
9448,4,2,2027-04-26T22:27:00Z,2027-04-27T00:12:00Z
9449,7,3,2027-04-26T14:00:00Z,2027-04-26T15:41:00Z
9450,2,3,2027-04-26T16:06:00Z,2027-04-26T18:18:00Z
9451,8,3,2027-04-26T18:38:00Z,2027-04-26T20:07:00Z
9452,2,3,2027-04-26T20:27:00Z,2027-04-26T22:39:00Z
9453,7,3,2027-04-26T22:59:00Z,2027-04-27T00:40:00Z
9454,3,4,2027-04-26T14:00:00Z,2027-04-26T15:37:00Z
9455,3,4,2027-04-26T16:07:00Z,2027-04-26T17:44:00Z
9456,4,4,2027-04-26T18:04:00Z,2027-04-26T19:49:00Z
9457,2,4,2027-04-26T20:09:00Z,2027-04-26T22:21:00Z
9458,8,4,2027-04-26T22:51:00Z,2027-04-27T00:20:00Z
9459,8,1,2027-04-27T14:00:00Z,2027-04-27T15:29:00Z
9460,3,1,2027-04-27T15:59:00Z,2027-04-27T17:36:00Z
9461,2,1,2027-04-27T17:56:00Z,2027-04-27T20:08:00Z
9462,2,1,2027-04-27T20:38:00Z,2027-04-27T22:50:00Z
9463,2,1,2027-04-27T23:10:00Z,2027-04-28T01:22:00Z
9464,7,2,2027-04-27T14:00:00Z,2027-04-27T15:41:00Z
9465,3,2,2027-04-27T16:01:00Z,2027-04-27T17:38:00Z
9466,1,2,2027-04-27T17:58:00Z,2027-04-27T19:56:00Z
9467,1,2,2027-04-27T20:16:00Z,2027-04-27T22:14:00Z
9468,3,2,2027-04-27T22:39:00Z,2027-04-28T00:16:00Z
9469,6,3,2027-04-27T14:00:00Z,2027-04-27T16:25:00Z
9470,8,3,2027-04-27T16:55:00Z,2027-04-27T18:24:00Z
9471,4,3,2027-04-27T18:44:00Z,2027-04-27T20:29:00Z
9472,4,3,2027-04-27T20:59:00Z,2027-04-27T22:44:00Z
9473,5,3,2027-04-27T23:04:00Z,2027-04-28T00:54:00Z
9474,4,4,2027-04-27T14:00:00Z,2027-04-27T15:45:00Z
9475,7,4,2027-04-27T16:10:00Z,2027-04-27T17:51:00Z
9476,4,4,2027-04-27T18:16:00Z,2027-04-27T20:01:00Z
9477,1,4,2027-04-27T20:31:00Z,2027-04-27T22:29:00Z
9478,3,4,2027-04-27T22:59:00Z,2027-04-28T00:36:00Z
9479,5,1,2027-04-28T14:00:00Z,2027-04-28T15:50:00Z
9480,2,1,2027-04-28T16:20:00Z,2027-04-28T18:32:00Z
9481,5,1,2027-04-28T18:52:00Z,2027-04-28T20:42:00Z
9482,2,1,2027-04-28T21:02:00Z,2027-04-28T23:14:00Z
9483,5,1,2027-04-28T23:34:00Z,2027-04-29T01:24:00Z
9484,7,2,2027-04-28T14:00:00Z,2027-04-28T15:41:00Z
9485,3,2,2027-04-28T16:11:00Z,2027-04-28T17:48:00Z
9486,1,2,2027-04-28T18:13:00Z,2027-04-28T20:11:00Z
9487,6,2,2027-04-28T20:41:00Z,2027-04-28T23:06:00Z
9488,3,2,2027-04-28T23:26:00Z,2027-04-29T01:03:00Z
9489,5,3,2027-04-28T14:00:00Z,2027-04-28T15:50:00Z
9490,3,3,2027-04-28T16:15:00Z,2027-04-28T17:52:00Z
9491,4,3,2027-04-28T18:12:00Z,2027-04-28T19:57:00Z
9492,6,3,2027-04-28T20:27:00Z,2027-04-28T22:52:00Z
9493,7,3,2027-04-28T23:17:00Z,2027-04-29T00:58:00Z
9494,1,4,2027-04-28T14:00:00Z,2027-04-28T15:58:00Z
9495,6,4,2027-04-28T16:18:00Z,2027-04-28T18:43:00Z
9496,8,4,2027-04-28T19:03:00Z,2027-04-28T20:32:00Z
9497,2,4,2027-04-28T20:52:00Z,2027-04-28T23:04:00Z
9498,8,4,2027-04-28T23:24:00Z,2027-04-29T00:53:00Z
9499,3,1,2027-04-29T14:00:00Z,2027-04-29T15:37:00Z
9500,4,1,2027-04-29T16:02:00Z,2027-04-29T17:47:00Z
9501,6,1,2027-04-29T18:12:00Z,2027-04-29T20:37:00Z
9502,6,1,2027-04-29T21:07:00Z,2027-04-29T23:32:00Z
9503,6,2,2027-04-29T14:00:00Z,2027-04-29T16:25:00Z
9504,5,2,2027-04-29T16:50:00Z,2027-04-29T18:40:00Z
9505,4,2,2027-04-29T19:00:00Z,2027-04-29T20:45:00Z
9506,5,2,2027-04-29T21:05:00Z,2027-04-29T22:55:00Z
9507,3,2,2027-04-29T23:15:00Z,2027-04-30T00:52:00Z
9508,3,3,2027-04-29T14:00:00Z,2027-04-29T15:37:00Z
9509,1,3,2027-04-29T16:02:00Z,2027-04-29T18:00:00Z
9510,2,3,2027-04-29T18:25:00Z,2027-04-29T20:37:00Z
9511,3,3,2027-04-29T21:02:00Z,2027-04-29T22:39:00Z
9512,4,3,2027-04-29T23:04:00Z,2027-04-30T00:49:00Z
9513,8,4,2027-04-29T14:00:00Z,2027-04-29T15:29:00Z
9514,1,4,2027-04-29T15:54:00Z,2027-04-29T17:52:00Z
9515,1,4,2027-04-29T18:12:00Z,2027-04-29T20:10:00Z
9516,2,4,2027-04-29T20:35:00Z,2027-04-29T22:47:00Z
9517,7,4,2027-04-29T23:12:00Z,2027-04-30T00:53:00Z
9518,1,1,2027-04-30T14:00:00Z,2027-04-30T15:58:00Z
9519,4,1,2027-04-30T16:23:00Z,2027-04-30T18:08:00Z
9520,3,1,2027-04-30T18:28:00Z,2027-04-30T20:05:00Z
9521,2,1,2027-04-30T20:30:00Z,2027-04-30T22:42:00Z
9522,6,1,2027-04-30T23:07:00Z,2027-05-01T01:32:00Z
9523,3,2,2027-04-30T14:00:00Z,2027-04-30T15:37:00Z
9524,1,2,2027-04-30T16:07:00Z,2027-04-30T18:05:00Z
9525,5,2,2027-04-30T18:25:00Z,2027-04-30T20:15:00Z
9526,4,2,2027-04-30T20:35:00Z,2027-04-30T22:20:00Z
9527,2,2,2027-04-30T22:40:00Z,2027-05-01T00:52:00Z
9528,6,3,2027-04-30T14:00:00Z,2027-04-30T16:25:00Z
9529,8,3,2027-04-30T16:50:00Z,2027-04-30T18:19:00Z
9530,8,3,2027-04-30T18:49:00Z,2027-04-30T20:18:00Z
9531,7,3,2027-04-30T20:43:00Z,2027-04-30T22:24:00Z
9532,2,3,2027-04-30T22:49:00Z,2027-05-01T01:01:00Z
9533,8,4,2027-04-30T14:00:00Z,2027-04-30T15:29:00Z
9534,6,4,2027-04-30T15:59:00Z,2027-04-30T18:24:00Z
9535,5,4,2027-04-30T18:49:00Z,2027-04-30T20:39:00Z
9536,3,4,2027-04-30T21:04:00Z,2027-04-30T22:41:00Z
9537,5,4,2027-04-30T23:01:00Z,2027-05-01T00:51:00Z
9538,2,1,2027-05-01T14:00:00Z,2027-05-01T16:12:00Z
9539,5,1,2027-05-01T16:32:00Z,2027-05-01T18:22:00Z
9540,7,1,2027-05-01T18:47:00Z,2027-05-01T20:28:00Z
9541,2,1,2027-05-01T20:48:00Z,2027-05-01T23:00:00Z
9542,1,1,2027-05-01T23:20:00Z,2027-05-02T01:18:00Z
9543,2,2,2027-05-01T14:00:00Z,2027-05-01T16:12:00Z
9544,4,2,2027-05-01T16:32:00Z,2027-05-01T18:17:00Z
9545,7,2,2027-05-01T18:37:00Z,2027-05-01T20:18:00Z
9546,4,2,2027-05-01T20:48:00Z,2027-05-01T22:33:00Z
9547,8,2,2027-05-01T22:53:00Z,2027-05-02T00:22:00Z
9548,5,3,2027-05-01T14:00:00Z,2027-05-01T15:50:00Z
9549,8,3,2027-05-01T16:10:00Z,2027-05-01T17:39:00Z
9550,7,3,2027-05-01T17:59:00Z,2027-05-01T19:40:00Z
9551,1,3,2027-05-01T20:10:00Z,2027-05-01T22:08:00Z
9552,1,3,2027-05-01T22:38:00Z,2027-05-02T00:36:00Z
9553,2,4,2027-05-01T14:00:00Z,2027-05-01T16:12:00Z
9554,6,4,2027-05-01T16:42:00Z,2027-05-01T19:07:00Z
9555,2,4,2027-05-01T19:32:00Z,2027-05-01T21:44:00Z
9556,1,4,2027-05-01T22:04:00Z,2027-05-02T00:02:00Z
9557,2,1,2027-05-02T14:00:00Z,2027-05-02T16:12:00Z
9558,1,1,2027-05-02T16:37:00Z,2027-05-02T18:35:00Z
9559,2,1,2027-05-02T19:00:00Z,2027-05-02T21:12:00Z
9560,1,1,2027-05-02T21:32:00Z,2027-05-02T23:30:00Z
9561,8,1,2027-05-02T23:55:00Z,2027-05-03T01:24:00Z
9562,4,2,2027-05-02T14:00:00Z,2027-05-02T15:45:00Z
9563,8,2,2027-05-02T16:05:00Z,2027-05-02T17:34:00Z
9564,4,2,2027-05-02T18:04:00Z,2027-05-02T19:49:00Z
9565,2,2,2027-05-02T20:14:00Z,2027-05-02T22:26:00Z
9566,5,2,2027-05-02T22:46:00Z,2027-05-03T00:36:00Z
9567,5,3,2027-05-02T14:00:00Z,2027-05-02T15:50:00Z
9568,5,3,2027-05-02T16:15:00Z,2027-05-02T18:05:00Z
9569,7,3,2027-05-02T18:25:00Z,2027-05-02T20:06:00Z
9570,2,3,2027-05-02T20:26:00Z,2027-05-02T22:38:00Z
9571,4,3,2027-05-02T23:08:00Z,2027-05-03T00:53:00Z
9572,1,4,2027-05-02T14:00:00Z,2027-05-02T15:58:00Z
9573,7,4,2027-05-02T16:28:00Z,2027-05-02T18:09:00Z
9574,6,4,2027-05-02T18:29:00Z,2027-05-02T20:54:00Z
9575,6,4,2027-05-02T21:24:00Z,2027-05-02T23:49:00Z
9576,7,1,2027-05-03T14:00:00Z,2027-05-03T15:41:00Z
9577,7,1,2027-05-03T16:11:00Z,2027-05-03T17:52:00Z
9578,5,1,2027-05-03T18:22:00Z,2027-05-03T20:12:00Z
9579,1,1,2027-05-03T20:37:00Z,2027-05-03T22:35:00Z
9580,2,1,2027-05-03T22:55:00Z,2027-05-04T01:07:00Z
9581,1,2,2027-05-03T14:00:00Z,2027-05-03T15:58:00Z
9582,4,2,2027-05-03T16:23:00Z,2027-05-03T18:08:00Z
9583,4,2,2027-05-03T18:38:00Z,2027-05-03T20:23:00Z
9584,7,2,2027-05-03T20:53:00Z,2027-05-03T22:34:00Z
9585,8,2,2027-05-03T22:54:00Z,2027-05-04T00:23:00Z
9586,7,3,2027-05-03T14:00:00Z,2027-05-03T15:41:00Z
9587,7,3,2027-05-03T16:06:00Z,2027-05-03T17:47:00Z
9588,2,3,2027-05-03T18:07:00Z,2027-05-03T20:19:00Z
9589,2,3,2027-05-03T20:44:00Z,2027-05-03T22:56:00Z
9590,4,3,2027-05-03T23:26:00Z,2027-05-04T01:11:00Z
9591,8,4,2027-05-03T14:00:00Z,2027-05-03T15:29:00Z
9592,1,4,2027-05-03T15:49:00Z,2027-05-03T17:47:00Z
9593,5,4,2027-05-03T18:07:00Z,2027-05-03T19:57:00Z
9594,7,4,2027-05-03T20:22:00Z,2027-05-03T22:03:00Z
9595,2,4,2027-05-03T22:28:00Z,2027-05-04T00:40:00Z
9596,6,1,2027-05-04T14:00:00Z,2027-05-04T16:25:00Z
9597,1,1,2027-05-04T16:55:00Z,2027-05-04T18:53:00Z
9598,2,1,2027-05-04T19:13:00Z,2027-05-04T21:25:00Z
9599,8,1,2027-05-04T21:45:00Z,2027-05-04T23:14:00Z
9600,8,1,2027-05-04T23:44:00Z,2027-05-05T01:13:00Z
9601,8,2,2027-05-04T14:00:00Z,2027-05-04T15:29:00Z
9602,5,2,2027-05-04T15:49:00Z,2027-05-04T17:39:00Z
9603,1,2,2027-05-04T17:59:00Z,2027-05-04T19:57:00Z
9604,5,2,2027-05-04T20:27:00Z,2027-05-04T22:17:00Z
9605,4,2,2027-05-04T22:47:00Z,2027-05-05T00:32:00Z
9606,2,3,2027-05-04T14:00:00Z,2027-05-04T16:12:00Z
9607,5,3,2027-05-04T16:42:00Z,2027-05-04T18:32:00Z
9608,1,3,2027-05-04T19:02:00Z,2027-05-04T21:00:00Z
9609,4,3,2027-05-04T21:25:00Z,2027-05-04T23:10:00Z
9610,2,3,2027-05-04T23:40:00Z,2027-05-05T01:52:00Z
9611,3,4,2027-05-04T14:00:00Z,2027-05-04T15:37:00Z
9612,5,4,2027-05-04T15:57:00Z,2027-05-04T17:47:00Z
9613,1,4,2027-05-04T18:17:00Z,2027-05-04T20:15:00Z
9614,5,4,2027-05-04T20:45:00Z,2027-05-04T22:35:00Z
9615,8,4,2027-05-04T23:05:00Z,2027-05-05T00:34:00Z
9616,8,1,2027-05-05T14:00:00Z,2027-05-05T15:29:00Z
9617,4,1,2027-05-05T15:59:00Z,2027-05-05T17:44:00Z
9618,2,1,2027-05-05T18:14:00Z,2027-05-05T20:26:00Z
9619,8,1,2027-05-05T20:46:00Z,2027-05-05T22:15:00Z
9620,8,1,2027-05-05T22:45:00Z,2027-05-06T00:14:00Z
9621,2,2,2027-05-05T14:00:00Z,2027-05-05T16:12:00Z
9622,7,2,2027-05-05T16:37:00Z,2027-05-05T18:18:00Z
9623,5,2,2027-05-05T18:48:00Z,2027-05-05T20:38:00Z
9624,7,2,2027-05-05T20:58:00Z,2027-05-05T22:39:00Z
9625,2,2,2027-05-05T23:04:00Z,2027-05-06T01:16:00Z
9626,4,3,2027-05-05T14:00:00Z,2027-05-05T15:45:00Z
9627,5,3,2027-05-05T16:10:00Z,2027-05-05T18:00:00Z
9628,8,3,2027-05-05T18:20:00Z,2027-05-05T19:49:00Z
9629,5,3,2027-05-05T20:14:00Z,2027-05-05T22:04:00Z
9630,4,3,2027-05-05T22:24:00Z,2027-05-06T00:09:00Z
9631,6,4,2027-05-05T14:00:00Z,2027-05-05T16:25:00Z
9632,3,4,2027-05-05T16:50:00Z,2027-05-05T18:27:00Z
9633,5,4,2027-05-05T18:47:00Z,2027-05-05T20:37:00Z
9634,2,4,2027-05-05T21:07:00Z,2027-05-05T23:19:00Z
9635,8,4,2027-05-05T23:49:00Z,2027-05-06T01:18:00Z
9636,2,1,2027-05-06T14:00:00Z,2027-05-06T16:12:00Z
9637,5,1,2027-05-06T16:42:00Z,2027-05-06T18:32:00Z
9638,7,1,2027-05-06T18:52:00Z,2027-05-06T20:33:00Z
9639,3,1,2027-05-06T21:03:00Z,2027-05-06T22:40:00Z
9640,4,1,2027-05-06T23:00:00Z,2027-05-07T00:45:00Z
9641,1,2,2027-05-06T14:00:00Z,2027-05-06T15:58:00Z
9642,8,2,2027-05-06T16:28:00Z,2027-05-06T17:57:00Z
9643,3,2,2027-05-06T18:27:00Z,2027-05-06T20:04:00Z
9644,2,2,2027-05-06T20:24:00Z,2027-05-06T22:36:00Z
9645,1,2,2027-05-06T23:01:00Z,2027-05-07T00:59:00Z
9646,1,3,2027-05-06T14:00:00Z,2027-05-06T15:58:00Z
9647,5,3,2027-05-06T16:28:00Z,2027-05-06T18:18:00Z
9648,2,3,2027-05-06T18:38:00Z,2027-05-06T20:50:00Z
9649,6,3,2027-05-06T21:10:00Z,2027-05-06T23:35:00Z
9650,8,4,2027-05-06T14:00:00Z,2027-05-06T15:29:00Z
9651,2,4,2027-05-06T15:49:00Z,2027-05-06T18:01:00Z
9652,8,4,2027-05-06T18:21:00Z,2027-05-06T19:50:00Z
9653,5,4,2027-05-06T20:10:00Z,2027-05-06T22:00:00Z
9654,1,4,2027-05-06T22:30:00Z,2027-05-07T00:28:00Z
9655,7,1,2027-05-07T14:00:00Z,2027-05-07T15:41:00Z
9656,5,1,2027-05-07T16:06:00Z,2027-05-07T17:56:00Z
9657,3,1,2027-05-07T18:26:00Z,2027-05-07T20:03:00Z
9658,2,1,2027-05-07T20:23:00Z,2027-05-07T22:35:00Z
9659,6,1,2027-05-07T23:00:00Z,2027-05-08T01:25:00Z
9660,4,2,2027-05-07T14:00:00Z,2027-05-07T15:45:00Z
9661,8,2,2027-05-07T16:15:00Z,2027-05-07T17:44:00Z
9662,6,2,2027-05-07T18:14:00Z,2027-05-07T20:39:00Z
9663,1,2,2027-05-07T21:04:00Z,2027-05-07T23:02:00Z
9664,3,2,2027-05-07T23:32:00Z,2027-05-08T01:09:00Z
9665,1,3,2027-05-07T14:00:00Z,2027-05-07T15:58:00Z
9666,1,3,2027-05-07T16:23:00Z,2027-05-07T18:21:00Z
9667,8,3,2027-05-07T18:46:00Z,2027-05-07T20:15:00Z
9668,8,3,2027-05-07T20:40:00Z,2027-05-07T22:09:00Z
9669,2,3,2027-05-07T22:39:00Z,2027-05-08T00:51:00Z
9670,4,4,2027-05-07T14:00:00Z,2027-05-07T15:45:00Z
9671,2,4,2027-05-07T16:10:00Z,2027-05-07T18:22:00Z
9672,7,4,2027-05-07T18:47:00Z,2027-05-07T20:28:00Z
9673,2,4,2027-05-07T20:48:00Z,2027-05-07T23:00:00Z
9674,8,4,2027-05-07T23:20:00Z,2027-05-08T00:49:00Z
9675,5,1,2027-05-08T14:00:00Z,2027-05-08T15:50:00Z
9676,7,1,2027-05-08T16:10:00Z,2027-05-08T17:51:00Z
9677,3,1,2027-05-08T18:21:00Z,2027-05-08T19:58:00Z
9678,7,1,2027-05-08T20:23:00Z,2027-05-08T22:04:00Z
9679,8,1,2027-05-08T22:34:00Z,2027-05-09T00:03:00Z
9680,1,2,2027-05-08T14:00:00Z,2027-05-08T15:58:00Z
9681,1,2,2027-05-08T16:23:00Z,2027-05-08T18:21:00Z
9682,6,2,2027-05-08T18:51:00Z,2027-05-08T21:16:00Z
9683,2,2,2027-05-08T21:36:00Z,2027-05-08T23:48:00Z
9684,2,3,2027-05-08T14:00:00Z,2027-05-08T16:12:00Z
9685,7,3,2027-05-08T16:42:00Z,2027-05-08T18:23:00Z
9686,6,3,2027-05-08T18:43:00Z,2027-05-08T21:08:00Z
9687,1,3,2027-05-08T21:33:00Z,2027-05-08T23:31:00Z
9688,4,3,2027-05-08T23:56:00Z,2027-05-09T01:41:00Z
9689,8,4,2027-05-08T14:00:00Z,2027-05-08T15:29:00Z
9690,4,4,2027-05-08T15:54:00Z,2027-05-08T17:39:00Z
9691,7,4,2027-05-08T18:04:00Z,2027-05-08T19:45:00Z
9692,2,4,2027-05-08T20:10:00Z,2027-05-08T22:22:00Z
9693,7,4,2027-05-08T22:47:00Z,2027-05-09T00:28:00Z
9694,5,1,2027-05-09T14:00:00Z,2027-05-09T15:50:00Z
9695,1,1,2027-05-09T16:20:00Z,2027-05-09T18:18:00Z
9696,7,1,2027-05-09T18:48:00Z,2027-05-09T20:29:00Z
9697,5,1,2027-05-09T20:59:00Z,2027-05-09T22:49:00Z
9698,7,1,2027-05-09T23:19:00Z,2027-05-10T01:00:00Z
9699,4,2,2027-05-09T14:00:00Z,2027-05-09T15:45:00Z
9700,5,2,2027-05-09T16:15:00Z,2027-05-09T18:05:00Z
9701,7,2,2027-05-09T18:35:00Z,2027-05-09T20:16:00Z
9702,5,2,2027-05-09T20:36:00Z,2027-05-09T22:26:00Z
9703,5,2,2027-05-09T22:51:00Z,2027-05-10T00:41:00Z
9704,2,3,2027-05-09T14:00:00Z,2027-05-09T16:12:00Z
9705,1,3,2027-05-09T16:37:00Z,2027-05-09T18:35:00Z
9706,6,3,2027-05-09T18:55:00Z,2027-05-09T21:20:00Z
9707,7,3,2027-05-09T21:40:00Z,2027-05-09T23:21:00Z
9708,3,3,2027-05-09T23:41:00Z,2027-05-10T01:18:00Z
9709,4,4,2027-05-09T14:00:00Z,2027-05-09T15:45:00Z
9710,7,4,2027-05-09T16:15:00Z,2027-05-09T17:56:00Z
9711,3,4,2027-05-09T18:21:00Z,2027-05-09T19:58:00Z
9712,4,4,2027-05-09T20:18:00Z,2027-05-09T22:03:00Z
9713,7,4,2027-05-09T22:28:00Z,2027-05-10T00:09:00Z
9714,4,1,2027-05-10T14:00:00Z,2027-05-10T15:45:00Z
9715,1,1,2027-05-10T16:15:00Z,2027-05-10T18:13:00Z
9716,3,1,2027-05-10T18:38:00Z,2027-05-10T20:15:00Z
9717,7,1,2027-05-10T20:40:00Z,2027-05-10T22:21:00Z
9718,3,1,2027-05-10T22:46:00Z,2027-05-11T00:23:00Z
9719,8,2,2027-05-10T14:00:00Z,2027-05-10T15:29:00Z
9720,2,2,2027-05-10T15:59:00Z,2027-05-10T18:11:00Z
9721,1,2,2027-05-10T18:36:00Z,2027-05-10T20:34:00Z
9722,2,2,2027-05-10T21:04:00Z,2027-05-10T23:16:00Z
9723,5,2,2027-05-10T23:36:00Z,2027-05-11T01:26:00Z
9724,4,3,2027-05-10T14:00:00Z,2027-05-10T15:45:00Z
9725,4,3,2027-05-10T16:05:00Z,2027-05-10T17:50:00Z
9726,3,3,2027-05-10T18:15:00Z,2027-05-10T19:52:00Z
9727,7,3,2027-05-10T20:12:00Z,2027-05-10T21:53:00Z
9728,4,3,2027-05-10T22:13:00Z,2027-05-10T23:58:00Z
9729,8,4,2027-05-10T14:00:00Z,2027-05-10T15:29:00Z
9730,7,4,2027-05-10T15:59:00Z,2027-05-10T17:40:00Z
9731,6,4,2027-05-10T18:00:00Z,2027-05-10T20:25:00Z
9732,4,4,2027-05-10T20:45:00Z,2027-05-10T22:30:00Z
9733,5,4,2027-05-10T22:50:00Z,2027-05-11T00:40:00Z
9734,2,1,2027-05-11T14:00:00Z,2027-05-11T16:12:00Z
9735,6,1,2027-05-11T16:37:00Z,2027-05-11T19:02:00Z
9736,1,1,2027-05-11T19:32:00Z,2027-05-11T21:30:00Z
9737,6,1,2027-05-11T21:50:00Z,2027-05-12T00:15:00Z
9738,5,2,2027-05-11T14:00:00Z,2027-05-11T15:50:00Z
9739,3,2,2027-05-11T16:15:00Z,2027-05-11T17:52:00Z
9740,2,2,2027-05-11T18:17:00Z,2027-05-11T20:29:00Z
9741,2,2,2027-05-11T20:59:00Z,2027-05-11T23:11:00Z
9742,6,2,2027-05-11T23:36:00Z,2027-05-12T02:01:00Z
9743,1,3,2027-05-11T14:00:00Z,2027-05-11T15:58:00Z
9744,5,3,2027-05-11T16:18:00Z,2027-05-11T18:08:00Z
9745,1,3,2027-05-11T18:33:00Z,2027-05-11T20:31:00Z
9746,7,3,2027-05-11T21:01:00Z,2027-05-11T22:42:00Z
9747,2,3,2027-05-11T23:07:00Z,2027-05-12T01:19:00Z
9748,8,4,2027-05-11T14:00:00Z,2027-05-11T15:29:00Z
9749,2,4,2027-05-11T15:59:00Z,2027-05-11T18:11:00Z
9750,3,4,2027-05-11T18:41:00Z,2027-05-11T20:18:00Z
9751,5,4,2027-05-11T20:48:00Z,2027-05-11T22:38:00Z
9752,1,4,2027-05-11T23:08:00Z,2027-05-12T01:06:00Z
9753,1,1,2027-05-12T14:00:00Z,2027-05-12T15:58:00Z
9754,8,1,2027-05-12T16:23:00Z,2027-05-12T17:52:00Z
9755,3,1,2027-05-12T18:22:00Z,2027-05-12T19:59:00Z
9756,5,1,2027-05-12T20:19:00Z,2027-05-12T22:09:00Z
9757,8,1,2027-05-12T22:29:00Z,2027-05-12T23:58:00Z
9758,7,2,2027-05-12T14:00:00Z,2027-05-12T15:41:00Z
9759,2,2,2027-05-12T16:11:00Z,2027-05-12T18:23:00Z
9760,6,2,2027-05-12T18:43:00Z,2027-05-12T21:08:00Z
9761,3,2,2027-05-12T21:38:00Z,2027-05-12T23:15:00Z
9762,7,2,2027-05-12T23:40:00Z,2027-05-13T01:21:00Z
9763,7,3,2027-05-12T14:00:00Z,2027-05-12T15:41:00Z
9764,4,3,2027-05-12T16:11:00Z,2027-05-12T17:56:00Z
9765,7,3,2027-05-12T18:26:00Z,2027-05-12T20:07:00Z
9766,8,3,2027-05-12T20:37:00Z,2027-05-12T22:06:00Z
9767,7,3,2027-05-12T22:31:00Z,2027-05-13T00:12:00Z
9768,5,4,2027-05-12T14:00:00Z,2027-05-12T15:50:00Z
9769,2,4,2027-05-12T16:20:00Z,2027-05-12T18:32:00Z
9770,6,4,2027-05-12T18:57:00Z,2027-05-12T21:22:00Z
9771,5,4,2027-05-12T21:52:00Z,2027-05-12T23:42:00Z
9772,1,1,2027-05-13T14:00:00Z,2027-05-13T15:58:00Z
9773,2,1,2027-05-13T16:18:00Z,2027-05-13T18:30:00Z
9774,3,1,2027-05-13T19:00:00Z,2027-05-13T20:37:00Z
9775,3,1,2027-05-13T21:07:00Z,2027-05-13T22:44:00Z
9776,8,1,2027-05-13T23:04:00Z,2027-05-14T00:33:00Z
9777,4,2,2027-05-13T14:00:00Z,2027-05-13T15:45:00Z
9778,7,2,2027-05-13T16:15:00Z,2027-05-13T17:56:00Z
9779,1,2,2027-05-13T18:26:00Z,2027-05-13T20:24:00Z
9780,2,2,2027-05-13T20:49:00Z,2027-05-13T23:01:00Z
9781,8,2,2027-05-13T23:21:00Z,2027-05-14T00:50:00Z
9782,7,3,2027-05-13T14:00:00Z,2027-05-13T15:41:00Z
9783,1,3,2027-05-13T16:11:00Z,2027-05-13T18:09:00Z
9784,7,3,2027-05-13T18:29:00Z,2027-05-13T20:10:00Z
9785,7,3,2027-05-13T20:30:00Z,2027-05-13T22:11:00Z
9786,4,3,2027-05-13T22:36:00Z,2027-05-14T00:21:00Z
9787,3,4,2027-05-13T14:00:00Z,2027-05-13T15:37:00Z
9788,5,4,2027-05-13T15:57:00Z,2027-05-13T17:47:00Z
9789,6,4,2027-05-13T18:12:00Z,2027-05-13T20:37:00Z
9790,1,4,2027-05-13T21:07:00Z,2027-05-13T23:05:00Z
9791,8,4,2027-05-13T23:30:00Z,2027-05-14T00:59:00Z
9792,1,1,2027-05-14T14:00:00Z,2027-05-14T15:58:00Z
9793,5,1,2027-05-14T16:18:00Z,2027-05-14T18:08:00Z
9794,5,1,2027-05-14T18:28:00Z,2027-05-14T20:18:00Z
9795,5,1,2027-05-14T20:48:00Z,2027-05-14T22:38:00Z
9796,1,1,2027-05-14T22:58:00Z,2027-05-15T00:56:00Z
9797,7,2,2027-05-14T14:00:00Z,2027-05-14T15:41:00Z
9798,5,2,2027-05-14T16:06:00Z,2027-05-14T17:56:00Z
9799,7,2,2027-05-14T18:26:00Z,2027-05-14T20:07:00Z
9800,8,2,2027-05-14T20:32:00Z,2027-05-14T22:01:00Z
9801,1,2,2027-05-14T22:26:00Z,2027-05-15T00:24:00Z
9802,7,3,2027-05-14T14:00:00Z,2027-05-14T15:41:00Z
9803,3,3,2027-05-14T16:06:00Z,2027-05-14T17:43:00Z
9804,5,3,2027-05-14T18:03:00Z,2027-05-14T19:53:00Z
9805,7,3,2027-05-14T20:18:00Z,2027-05-14T21:59:00Z
9806,8,3,2027-05-14T22:24:00Z,2027-05-14T23:53:00Z
9807,6,4,2027-05-14T14:00:00Z,2027-05-14T16:25:00Z
9808,1,4,2027-05-14T16:55:00Z,2027-05-14T18:53:00Z
9809,8,4,2027-05-14T19:23:00Z,2027-05-14T20:52:00Z
9810,6,4,2027-05-14T21:17:00Z,2027-05-14T23:42:00Z
9811,4,1,2027-05-15T14:00:00Z,2027-05-15T15:45:00Z
9812,1,1,2027-05-15T16:15:00Z,2027-05-15T18:13:00Z
9813,3,1,2027-05-15T18:38:00Z,2027-05-15T20:15:00Z
9814,6,1,2027-05-15T20:35:00Z,2027-05-15T23:00:00Z
9815,7,1,2027-05-15T23:25:00Z,2027-05-16T01:06:00Z
9816,3,2,2027-05-15T14:00:00Z,2027-05-15T15:37:00Z
9817,3,2,2027-05-15T16:07:00Z,2027-05-15T17:44:00Z
9818,6,2,2027-05-15T18:09:00Z,2027-05-15T20:34:00Z
9819,5,2,2027-05-15T21:04:00Z,2027-05-15T22:54:00Z
9820,2,2,2027-05-15T23:14:00Z,2027-05-16T01:26:00Z
9821,6,3,2027-05-15T14:00:00Z,2027-05-15T16:25:00Z
9822,6,3,2027-05-15T16:55:00Z,2027-05-15T19:20:00Z
9823,1,3,2027-05-15T19:40:00Z,2027-05-15T21:38:00Z
9824,7,3,2027-05-15T21:58:00Z,2027-05-15T23:39:00Z
9825,3,4,2027-05-15T14:00:00Z,2027-05-15T15:37:00Z
9826,3,4,2027-05-15T15:57:00Z,2027-05-15T17:34:00Z
9827,5,4,2027-05-15T17:54:00Z,2027-05-15T19:44:00Z
9828,8,4,2027-05-15T20:04:00Z,2027-05-15T21:33:00Z
9829,8,4,2027-05-15T21:58:00Z,2027-05-15T23:27:00Z
9830,8,4,2027-05-15T23:57:00Z,2027-05-16T01:26:00Z
9831,7,1,2027-05-16T14:00:00Z,2027-05-16T15:41:00Z
9832,6,1,2027-05-16T16:01:00Z,2027-05-16T18:26:00Z
9833,2,1,2027-05-16T18:56:00Z,2027-05-16T21:08:00Z
9834,1,1,2027-05-16T21:33:00Z,2027-05-16T23:31:00Z
9835,2,1,2027-05-16T23:51:00Z,2027-05-17T02:03:00Z
9836,5,2,2027-05-16T14:00:00Z,2027-05-16T15:50:00Z
9837,2,2,2027-05-16T16:20:00Z,2027-05-16T18:32:00Z
9838,6,2,2027-05-16T18:52:00Z,2027-05-16T21:17:00Z
9839,5,2,2027-05-16T21:47:00Z,2027-05-16T23:37:00Z
9840,7,3,2027-05-16T14:00:00Z,2027-05-16T15:41:00Z
9841,1,3,2027-05-16T16:01:00Z,2027-05-16T17:59:00Z
9842,1,3,2027-05-16T18:29:00Z,2027-05-16T20:27:00Z
9843,8,3,2027-05-16T20:47:00Z,2027-05-16T22:16:00Z
9844,7,3,2027-05-16T22:46:00Z,2027-05-17T00:27:00Z
9845,8,4,2027-05-16T14:00:00Z,2027-05-16T15:29:00Z
9846,3,4,2027-05-16T15:59:00Z,2027-05-16T17:36:00Z
9847,2,4,2027-05-16T17:56:00Z,2027-05-16T20:08:00Z
9848,6,4,2027-05-16T20:28:00Z,2027-05-16T22:53:00Z
9849,1,4,2027-05-16T23:18:00Z,2027-05-17T01:16:00Z
9850,8,1,2027-05-17T14:00:00Z,2027-05-17T15:29:00Z
9851,7,1,2027-05-17T15:49:00Z,2027-05-17T17:30:00Z
9852,3,1,2027-05-17T17:55:00Z,2027-05-17T19:32:00Z
9853,7,1,2027-05-17T20:02:00Z,2027-05-17T21:43:00Z
9854,3,1,2027-05-17T22:03:00Z,2027-05-17T23:40:00Z
9855,2,2,2027-05-17T14:00:00Z,2027-05-17T16:12:00Z
9856,1,2,2027-05-17T16:32:00Z,2027-05-17T18:30:00Z
9857,5,2,2027-05-17T18:50:00Z,2027-05-17T20:40:00Z
9858,8,2,2027-05-17T21:00:00Z,2027-05-17T22:29:00Z
9859,4,2,2027-05-17T22:54:00Z,2027-05-18T00:39:00Z
9860,6,3,2027-05-17T14:00:00Z,2027-05-17T16:25:00Z
9861,7,3,2027-05-17T16:55:00Z,2027-05-17T18:36:00Z
9862,1,3,2027-05-17T19:06:00Z,2027-05-17T21:04:00Z
9863,6,3,2027-05-17T21:29:00Z,2027-05-17T23:54:00Z
9864,3,4,2027-05-17T14:00:00Z,2027-05-17T15:37:00Z
9865,5,4,2027-05-17T16:02:00Z,2027-05-17T17:52:00Z
9866,3,4,2027-05-17T18:22:00Z,2027-05-17T19:59:00Z
9867,3,4,2027-05-17T20:24:00Z,2027-05-17T22:01:00Z
9868,4,4,2027-05-17T22:21:00Z,2027-05-18T00:06:00Z
9869,6,1,2027-05-18T14:00:00Z,2027-05-18T16:25:00Z
9870,6,1,2027-05-18T16:50:00Z,2027-05-18T19:15:00Z
9871,1,1,2027-05-18T19:40:00Z,2027-05-18T21:38:00Z
9872,7,1,2027-05-18T21:58:00Z,2027-05-18T23:39:00Z
9873,5,2,2027-05-18T14:00:00Z,2027-05-18T15:50:00Z
9874,6,2,2027-05-18T16:20:00Z,2027-05-18T18:45:00Z
9875,8,2,2027-05-18T19:10:00Z,2027-05-18T20:39:00Z
9876,3,2,2027-05-18T21:04:00Z,2027-05-18T22:41:00Z
9877,2,2,2027-05-18T23:01:00Z,2027-05-19T01:13:00Z
9878,3,3,2027-05-18T14:00:00Z,2027-05-18T15:37:00Z
9879,3,3,2027-05-18T15:57:00Z,2027-05-18T17:34:00Z
9880,8,3,2027-05-18T18:04:00Z,2027-05-18T19:33:00Z
9881,8,3,2027-05-18T19:58:00Z,2027-05-18T21:27:00Z
9882,2,3,2027-05-18T21:57:00Z,2027-05-19T00:09:00Z
9883,8,4,2027-05-18T14:00:00Z,2027-05-18T15:29:00Z
9884,4,4,2027-05-18T15:54:00Z,2027-05-18T17:39:00Z
9885,5,4,2027-05-18T17:59:00Z,2027-05-18T19:49:00Z
9886,3,4,2027-05-18T20:19:00Z,2027-05-18T21:56:00Z
9887,3,4,2027-05-18T22:21:00Z,2027-05-18T23:58:00Z
9888,4,1,2027-05-19T14:00:00Z,2027-05-19T15:45:00Z
9889,7,1,2027-05-19T16:15:00Z,2027-05-19T17:56:00Z
9890,3,1,2027-05-19T18:26:00Z,2027-05-19T20:03:00Z
9891,8,1,2027-05-19T20:23:00Z,2027-05-19T21:52:00Z
9892,1,1,2027-05-19T22:17:00Z,2027-05-20T00:15:00Z
9893,1,2,2027-05-19T14:00:00Z,2027-05-19T15:58:00Z
9894,7,2,2027-05-19T16:18:00Z,2027-05-19T17:59:00Z
9895,1,2,2027-05-19T18:19:00Z,2027-05-19T20:17:00Z
9896,6,2,2027-05-19T20:42:00Z,2027-05-19T23:07:00Z
9897,4,2,2027-05-19T23:37:00Z,2027-05-20T01:22:00Z
9898,7,3,2027-05-19T14:00:00Z,2027-05-19T15:41:00Z
9899,4,3,2027-05-19T16:11:00Z,2027-05-19T17:56:00Z
9900,3,3,2027-05-19T18:21:00Z,2027-05-19T19:58:00Z
9901,4,3,2027-05-19T20:23:00Z,2027-05-19T22:08:00Z
9902,4,3,2027-05-19T22:33:00Z,2027-05-20T00:18:00Z
9903,1,4,2027-05-19T14:00:00Z,2027-05-19T15:58:00Z
9904,2,4,2027-05-19T16:18:00Z,2027-05-19T18:30:00Z
9905,2,4,2027-05-19T19:00:00Z,2027-05-19T21:12:00Z
9906,7,4,2027-05-19T21:42:00Z,2027-05-19T23:23:00Z
9907,8,4,2027-05-19T23:48:00Z,2027-05-20T01:17:00Z
9908,5,1,2027-05-20T14:00:00Z,2027-05-20T15:50:00Z
9909,2,1,2027-05-20T16:20:00Z,2027-05-20T18:32:00Z
9910,6,1,2027-05-20T18:57:00Z,2027-05-20T21:22:00Z
9911,5,1,2027-05-20T21:42:00Z,2027-05-20T23:32:00Z
9912,5,1,2027-05-20T23:57:00Z,2027-05-21T01:47:00Z
9913,6,2,2027-05-20T14:00:00Z,2027-05-20T16:25:00Z
9914,5,2,2027-05-20T16:50:00Z,2027-05-20T18:40:00Z
9915,1,2,2027-05-20T19:05:00Z,2027-05-20T21:03:00Z
9916,4,2,2027-05-20T21:33:00Z,2027-05-20T23:18:00Z
9917,6,2,2027-05-20T23:48:00Z,2027-05-21T02:13:00Z
9918,2,3,2027-05-20T14:00:00Z,2027-05-20T16:12:00Z
9919,4,3,2027-05-20T16:37:00Z,2027-05-20T18:22:00Z
9920,2,3,2027-05-20T18:47:00Z,2027-05-20T20:59:00Z
9921,6,3,2027-05-20T21:19:00Z,2027-05-20T23:44:00Z
9922,2,4,2027-05-20T14:00:00Z,2027-05-20T16:12:00Z
9923,8,4,2027-05-20T16:32:00Z,2027-05-20T18:01:00Z
9924,5,4,2027-05-20T18:31:00Z,2027-05-20T20:21:00Z
9925,7,4,2027-05-20T20:51:00Z,2027-05-20T22:32:00Z
9926,7,4,2027-05-20T23:02:00Z,2027-05-21T00:43:00Z
9927,3,1,2027-05-21T14:00:00Z,2027-05-21T15:37:00Z
9928,1,1,2027-05-21T16:07:00Z,2027-05-21T18:05:00Z
9929,6,1,2027-05-21T18:30:00Z,2027-05-21T20:55:00Z
9930,3,1,2027-05-21T21:20:00Z,2027-05-21T22:57:00Z
9931,2,1,2027-05-21T23:22:00Z,2027-05-22T01:34:00Z
9932,8,2,2027-05-21T14:00:00Z,2027-05-21T15:29:00Z
9933,3,2,2027-05-21T15:59:00Z,2027-05-21T17:36:00Z
9934,7,2,2027-05-21T18:01:00Z,2027-05-21T19:42:00Z
9935,1,2,2027-05-21T20:02:00Z,2027-05-21T22:00:00Z
9936,7,2,2027-05-21T22:20:00Z,2027-05-22T00:01:00Z
9937,5,3,2027-05-21T14:00:00Z,2027-05-21T15:50:00Z
9938,5,3,2027-05-21T16:10:00Z,2027-05-21T18:00:00Z
9939,4,3,2027-05-21T18:20:00Z,2027-05-21T20:05:00Z
9940,4,3,2027-05-21T20:35:00Z,2027-05-21T22:20:00Z
9941,8,3,2027-05-21T22:50:00Z,2027-05-22T00:19:00Z
9942,4,4,2027-05-21T14:00:00Z,2027-05-21T15:45:00Z
9943,2,4,2027-05-21T16:05:00Z,2027-05-21T18:17:00Z
9944,2,4,2027-05-21T18:37:00Z,2027-05-21T20:49:00Z
9945,8,4,2027-05-21T21:19:00Z,2027-05-21T22:48:00Z
9946,7,4,2027-05-21T23:08:00Z,2027-05-22T00:49:00Z
9947,4,1,2027-05-22T14:00:00Z,2027-05-22T15:45:00Z
9948,1,1,2027-05-22T16:05:00Z,2027-05-22T18:03:00Z
9949,4,1,2027-05-22T18:33:00Z,2027-05-22T20:18:00Z
9950,3,1,2027-05-22T20:38:00Z,2027-05-22T22:15:00Z
9951,1,1,2027-05-22T22:35:00Z,2027-05-23T00:33:00Z
9952,1,2,2027-05-22T14:00:00Z,2027-05-22T15:58:00Z
9953,4,2,2027-05-22T16:18:00Z,2027-05-22T18:03:00Z
9954,1,2,2027-05-22T18:23:00Z,2027-05-22T20:21:00Z
9955,2,2,2027-05-22T20:41:00Z,2027-05-22T22:53:00Z
9956,7,2,2027-05-22T23:23:00Z,2027-05-23T01:04:00Z
9957,7,3,2027-05-22T14:00:00Z,2027-05-22T15:41:00Z
9958,2,3,2027-05-22T16:06:00Z,2027-05-22T18:18:00Z
9959,1,3,2027-05-22T18:38:00Z,2027-05-22T20:36:00Z
9960,8,3,2027-05-22T21:06:00Z,2027-05-22T22:35:00Z
9961,7,3,2027-05-22T23:05:00Z,2027-05-23T00:46:00Z
9962,1,4,2027-05-22T14:00:00Z,2027-05-22T15:58:00Z
9963,2,4,2027-05-22T16:28:00Z,2027-05-22T18:40:00Z
9964,4,4,2027-05-22T19:05:00Z,2027-05-22T20:50:00Z
9965,7,4,2027-05-22T21:15:00Z,2027-05-22T22:56:00Z
9966,5,4,2027-05-22T23:16:00Z,2027-05-23T01:06:00Z
9967,4,1,2027-05-23T14:00:00Z,2027-05-23T15:45:00Z
9968,5,1,2027-05-23T16:15:00Z,2027-05-23T18:05:00Z
9969,4,1,2027-05-23T18:30:00Z,2027-05-23T20:15:00Z
9970,2,1,2027-05-23T20:45:00Z,2027-05-23T22:57:00Z
9971,1,1,2027-05-23T23:27:00Z,2027-05-24T01:25:00Z
9972,5,2,2027-05-23T14:00:00Z,2027-05-23T15:50:00Z
9973,3,2,2027-05-23T16:15:00Z,2027-05-23T17:52:00Z
9974,6,2,2027-05-23T18:12:00Z,2027-05-23T20:37:00Z
9975,7,2,2027-05-23T21:02:00Z,2027-05-23T22:43:00Z
9976,6,2,2027-05-23T23:13:00Z,2027-05-24T01:38:00Z
9977,2,3,2027-05-23T14:00:00Z,2027-05-23T16:12:00Z
9978,1,3,2027-05-23T16:32:00Z,2027-05-23T18:30:00Z
9979,1,3,2027-05-23T18:50:00Z,2027-05-23T20:48:00Z
9980,7,3,2027-05-23T21:13:00Z,2027-05-23T22:54:00Z
9981,1,3,2027-05-23T23:14:00Z,2027-05-24T01:12:00Z
9982,5,4,2027-05-23T14:00:00Z,2027-05-23T15:50:00Z
9983,7,4,2027-05-23T16:15:00Z,2027-05-23T17:56:00Z
9984,2,4,2027-05-23T18:21:00Z,2027-05-23T20:33:00Z
9985,1,4,2027-05-23T20:58:00Z,2027-05-23T22:56:00Z
9986,1,4,2027-05-23T23:26:00Z,2027-05-24T01:24:00Z
9987,7,1,2027-05-24T14:00:00Z,2027-05-24T15:41:00Z
9988,7,1,2027-05-24T16:11:00Z,2027-05-24T17:52:00Z
9989,5,1,2027-05-24T18:17:00Z,2027-05-24T20:07:00Z
9990,2,1,2027-05-24T20:27:00Z,2027-05-24T22:39:00Z
9991,7,1,2027-05-24T22:59:00Z,2027-05-25T00:40:00Z
9992,5,2,2027-05-24T14:00:00Z,2027-05-24T15:50:00Z
9993,2,2,2027-05-24T16:10:00Z,2027-05-24T18:22:00Z
9994,4,2,2027-05-24T18:52:00Z,2027-05-24T20:37:00Z
9995,1,2,2027-05-24T21:02:00Z,2027-05-24T23:00:00Z
9996,6,2,2027-05-24T23:25:00Z,2027-05-25T01:50:00Z
9997,7,3,2027-05-24T14:00:00Z,2027-05-24T15:41:00Z
9998,5,3,2027-05-24T16:11:00Z,2027-05-24T18:01:00Z
9999,8,3,2027-05-24T18:31:00Z,2027-05-24T20:00:00Z
10000,1,3,2027-05-24T20:20:00Z,2027-05-24T22:18:00Z
